Operator/attraction master list,,,,,,,,,,,,,
ATDW operator update_15 April 26,,,,,,,,,,,,,
Name,ATDW category,ATDW #,Town,Postcode,LGA,Secondary LGA,RTO,Town master list,Launceston and north,Hobart and south,East coast,West coast,North west
Fleur by Forbidden Sweets,RESTAURANT,AU2268528,Burnie,7320,Burnie Council,N/A,WxNW,Burnie,,,,,Yes - featured
The Fenway,ACCOMM,AU2268561,Invermay,7248,Launceston City Council,N/A,VNT,Invermay,Yes - featured,,,,
Le Quart D'Heure,RESTAURANT,AU2268941,Avoca,7213,Northern Midlands Council,N/A,VNT,Avoca,Yes - featured,,,,
Black Swan Bookshop,ATTRACTION,AU2269440,New Norfolk,7140,Derwent Valley Council,N/A,DST,New Norfolk,,Yes - featured,,,
Caffeine Method,RESTAURANT,AU2269721,Burnie,7320,Burnie Council,N/A,WxNW,Burnie,,,,,Yes - featured
The Elm & the Raven,ATTRACTION,AU2273310,Cygnet,7112,Huon Valley Council,N/A,DST,Cygnet,,Yes - featured,,,
MONA - Museum of Old and New Art,TOUR,AU2273644,Berriedale,7011,Glenorchy Council,N/A,DST,Berriedale,,Yes - featured,,,
Private Functions and Events at Prospect Country House,HIRE,AU2273656,Richmond,7025,Clarence City Council,N/A,DST,Richmond,,Yes - featured,,,
Glow Tour,TOUR,AU2278208,Hobart,7000,Hobart City Council,N/A,DST,Hobart,,Yes - featured,,,
Parkham Hall & Church,HIRE,AU2281408,Parkham,7304,Meander Valley Council,N/A,VNT,Parkham,Yes - featured,,,,
"Mabel's Lookout | Sauna, Bath & Channel Views",ACCOMM,AU2281853,North Bruny,7150,Kingborough Council,N/A,DST,North Bruny,,Yes - featured,,,
Oceanview Studio with Bath | Romantic Bruny Escape,ACCOMM,AU2281860,Alonnah,7150,Kingborough Council,N/A,DST,Alonnah,,Yes - featured,,,
The Wayfarer,ACCOMM,AU2282066,Eaglehawk Neck,7179,Tasman Council,N/A,DST,Eaglehawk Neck,,Yes - featured,,,
Islander Adventure Co,TOUR,AU2285293,North Bruny,7150,Kingborough Council,N/A,DST,North Bruny,,Yes - featured,,,
The Metz - Launceston,RESTAURANT,AU2285854,Launceston,7250,Launceston City Council,N/A,VNT,Launceston,Yes - featured,,,,
Main Street Views,ACCOMM,AU2287142,Currie,7256,King Island Council,N/A,WxNW,Currie,,,,,Yes - featured
Bronzewing Villas,ACCOMM,AU2287187,Naracoopa,7256,King Island Council,N/A,WxNW,Naracoopa,,,,,Yes - featured
ELUR,HIRE,AU2288727,Cambridge,7170,Clarence City Council,N/A,DST,Cambridge,,Yes - featured,,,
Plato's. Wonder. Create. Discover,ATTRACTION,AU2289540,Battery Point,7004,Hobart City Council,N/A,DST,Battery Point,,Yes - featured,,,
George's Place King Island Getaway,ACCOMM,AU2291584,Currie,7256,King Island Council,N/A,WxNW,Currie,,,,,Yes - featured
Devil's Gap King Island,ACCOMM,AU2291793,Currie,7256,King Island Council,N/A,WxNW,Currie,,,,,Yes - featured
Alexandra's,ACCOMM,AU2292575,Currie,7256,King Island Council,N/A,WxNW,Currie,,,,,Yes - featured
Craigie Knowe Vineyard Camp Ground,RESTAURANT,AU2292962,Cranbrook,7190,Glamorgan Spring Bay Council,N/A,ECTT,Cranbrook,,,Yes - featured,,
Longley International Hotel,RESTAURANT,AU2297319,Longley,7150,Kingborough Council,N/A,DST,Longley,,Yes - featured,,,
,,,,,,,,,,,,,
ATDW operator update_17 March 26,,,,,,,,,,,,,
Name,ATDW category,ATDW #,Town,Postcode,LGA,Secondary LGA,RTO,Town master list,Launceston and north,Hobart and south,East coast,West coast,North west
Riverfront Motel Restaurant,RESTAURANT,AU2202376,Rosetta,7010,Glenorchy Council,N/A,DST,Rosetta,,Yes - featured,,,
Wombat Campers,HIRE,AU2203537,Launceston,7250,Launceston City Council,N/A,VNT,Launceston,Yes - featured,,,,
Derwent Valley Railway,ATTRACTION,AU2203903,New Norfolk,7140,Derwent Valley Council,N/A,DST,New Norfolk,,Yes - featured,,,
Driftwood Cottage,ACCOMM,AU2209334,Dolphin Sands,7190,Glamorgan Spring Bay Council,N/A,ECTT,Dolphin Sands,,,Yes - featured,,
Felons Corner,ACCOMM,AU2209514,Sheffield,7306,Kentish Council,N/A,WxNW,Sheffield,,,,,Yes - featured
7 Mile Golf,ATTRACTION,AU2209516,Seven Mile Beach,7170,Clarence City Council,N/A,DST,Seven Mile Beach,,Yes - featured,,,
Pirie Tasmania,RESTAURANT,AU2211623,Grindelwald,7277,West Tamar Council,N/A,VNT,Grindelwald,Yes - featured,,,,
MARI BRUNY,RESTAURANT,AU2217965,Adventure Bay,7150,Kingborough Council,N/A,DST,Adventure Bay,,Yes - featured,,,
Diamond Island Resort,ACCOMM,AU2218107,Bicheno,7215,Glamorgan Spring Bay Council,N/A,ECTT,Bicheno,,,Yes - featured,,
Adventure Bay Beach House,ACCOMM,AU2218140,Adventure Bay,7150,Kingborough Council,N/A,DST,Adventure Bay,,Yes - featured,,,
Joanna's Jams,RESTAURANT,AU2218169,Invermay,7248,Launceston City Council,N/A,VNT,Invermay,Yes - featured,,,,
Lone Goose Farm,ATTRACTION,AU2220079,Birralee,7303,Meander Valley Council,West Tamar Council,VNT,Birralee,Yes - featured,,,,
Hobart Retreats,ACCOMM,AU2221213,Hobart,7000,Hobart City Council,N/A,DST,Hobart,,Yes - featured,,,
Highclare Estate Wine Room,RESTAURANT,AU2221315,Launceston,7250,Launceston City Council,N/A,VNT,Launceston,Yes - featured,,,,
Highclare Townhouse,ACCOMM,AU2221461,Launceston,7250,Launceston City Council,N/A,VNT,Launceston,Yes - featured,,,,
Waverley Woollen Mills Tours,TOUR,AU2229532,Waverley,7250,Launceston City Council,N/A,VNT,Waverley,Yes - featured,,,,
Vault Unlocked: Guided Wine Tastings,RESTAURANT,AU2229534,Hobart,7000,Hobart City Council,N/A,DST,Hobart,,Yes - featured,,,
Vault Unlocked: Guided Whisky Tastings,RESTAURANT,AU2229553,Hobart,7000,Hobart City Council,N/A,DST,Hobart,,Yes - featured,,,
The Range at Country Club Tasmania,ATTRACTION,AU2230344,Prospect Vale,7250,Meander Valley Council,N/A,VNT,Prospect Vale,Yes - featured,,,,
ZIVAH Stanley,RESTAURANT,AU2235730,Stanley,7331,Circular Head Council,N/A,WxNW,Stanley,,,,,Yes - featured
Hillwood Berries Farmgate Cafe,RESTAURANT,AU2244538,Hillwood,7252,George Town Council,N/A,VNT,Hillwood,Yes - featured,,,,
Hobart Private Choice Charters,TOUR,AU2245438,Blackmans Bay,7052,Kingborough Council,N/A,DST,Blackmans Bay,,Yes - featured,,,
Fico Hobart,RESTAURANT,AU2246065,Hobart,7000,Hobart City Council,N/A,DST,Hobart,,Yes - featured,,,
Heemskirk Motor Hotel,ACCOMM,AU2247419,Zeehan,7469,West Coast Council,N/A,WxNW,Zeehan,,,,Yes - featured,
Starlit Tasmania – Stargazing Experiences,TOUR,AU2249291,Sorell,7172,Sorell Council,N/A,DST,Sorell,,Yes - featured,,,
The Quamby Pavilion,RESTAURANT,AU2249415,Hagley,7292,Meander Valley Council,N/A,VNT,Hagley,Yes - featured,,,,
Sheffield Museum,ATTRACTION,AU2249416,Sheffield,7306,Kentish Council,N/A,WxNW,Sheffield,,,,,Yes - featured
Ripples Art Farm,ATTRACTION,AU2255953,Petcheys Bay,7109,Huon Valley Council,N/A,DST,Petcheys Bay,,Yes - featured,,,
Solitude Bicheno,ACCOMM,AU2257186,Coles Bay,7215,Glamorgan Spring Bay Council,N/A,ECTT,Coles Bay,,,Yes - featured,,
Arden Bathhouse,ATTRACTION,AU2257466,Richmond,7025,Clarence City Council,N/A,DST,Richmond,,Yes - featured,,,
New Sydney Hotel,RESTAURANT,AU2260455,Hobart,7000,Hobart City Council,N/A,DST,Hobart,,Yes - featured,,,
Little Red Gate Urban Retreat,ACCOMM,AU2262917,Kingston,7050,Kingborough Council,N/A,DST,Kingston,,Yes - featured,,,
,,,,,,,,,,,,,
ATDW update_17 February 26,,,,,,,,,,,,,
Name,ATDW category,ATDW #,Town,Postcode,LGA,Secondary LGA,RTO,Town master list,Launceston and north,Hobart and south,East coast,West coast,North west
Biami Campers,HIRE,AU2194445,Sandy Bay,7005,Hobart City Council,N/A,DST,Sandy Bay,,Yes - featured,,,
IXL Long Bar at The Henry Jones Art Hotel,RESTAURANT,AU2197690,Hobart,7000,Hobart City Council,N/A,DST,Hobart,,Yes - featured,,,
Paperbark Tas,RESTAURANT,AU2198687,Gravelly Beach,7276,West Tamar Council,N/A,VNT,Gravelly Beach,Yes - featured,,,,
Mudbar Farm,TOUR,AU2200549,White Hills,7258,Launceston City Council,N/A,VNT,White Hills,Yes - featured,,,,
Blue Lagoon Oysters,RESTAURANT,AU2200885,Boomer Bay,7177,Sorell Council,N/A,DST,Boomer Bay,,Yes - featured,,,
The Little Lobster - with Hot Tub,ACCOMM,AU2201260,Bicheno,7215,Glamorgan Spring Bay Council,N/A,ECTT,Bicheno,,,Yes - featured,,
Haddow & Dineen,RESTAURANT,AU2201322,Ranelagh,7109,Huon Valley Council,N/A,DST,Ranelagh,,Yes - featured,,,
Riverfront Motel,ACCOMM,AU2202347,Rosetta,7010,Glenorchy Council,N/A,DST,Rosetta,,Yes - featured,,,
Riverfront Motel Restaurant,RESTAURANT,AU2202376,Rosetta,7010,Glenorchy Council,N/A,DST,Rosetta,,Yes - featured,,,
Wombat Campers,HIRE,AU2203537,Launceston,7250,Launceston City Council,N/A,VNT,Launceston,Yes - featured,,,,
Derwent Valley Railway,ATTRACTION,AU2203903,New Norfolk,7140,Derwent Valley Council,N/A,DST,New Norfolk,,Yes - featured,,,
Driftwood Cottage,ACCOMM,AU2209334,Dolphin Sands,7190,Glamorgan Spring Bay Council,N/A,ECTT,Dolphin Sands,,,Yes - featured,,
Felons Corner,ACCOMM,AU2209514,Sheffield,7306,Kentish Council,N/A,WxNW,Sheffield,,,,,Yes - featured
7 Mile Golf,ATTRACTION,AU2209516,Seven Mile Beach,7170,Clarence City Council,N/A,DST,Seven Mile Beach,,Yes - featured,,,
Pirie Tasmania,RESTAURANT,AU2211623,Grindelwald,7277,West Tamar Council,N/A,VNT,Grindelwald,Yes - featured,,,,
MARI BRUNY,RESTAURANT,AU2217965,Adventure Bay,7150,Kingborough Council,N/A,DST,Adventure Bay,,Yes - featured,,,
Diamond Island Resort,ACCOMM,AU2218107,Bicheno,7215,Glamorgan Spring Bay Council,N/A,ECTT,Bicheno,,,Yes - featured,,
Adventure Bay Beach House,ACCOMM,AU2218140,Adventure Bay,7150,Kingborough Council,N/A,DST,Adventure Bay,,Yes - featured,,,
Joanna's Jams,RESTAURANT,AU2218169,Invermay,7248,Launceston City Council,N/A,VNT,Invermay,Yes - featured,,,,
Lone Goose Farm,ATTRACTION,AU2220079,Birralee,7303,Meander Valley Council,West Tamar Council,VNT,Birralee,Yes - featured,,,,
Hobart Retreats,ACCOMM,AU2221213,Hobart,7000,Hobart City Council,N/A,DST,Hobart,,Yes - featured,,,
Highclare Estate Wine Room,RESTAURANT,AU2221315,Launceston,7250,Launceston City Council,N/A,VNT,Launceston,Yes - featured,,,,
Highclare Townhouse,ACCOMM,AU2221461,Launceston,7250,Launceston City Council,N/A,VNT,Launceston,Yes - featured,,,,
Waverley Woollen Mills Tours,TOUR,AU2229532,Waverley,7250,Launceston City Council,N/A,VNT,Waverley,Yes - featured,,,,
Vault Unlocked: Guided Wine Tastings,RESTAURANT,AU2229534,Hobart,7000,Hobart City Council,N/A,DST,Hobart,,Yes - featured,,,
Vault Unlocked: Guided Whisky Tastings,RESTAURANT,AU2229553,Hobart,7000,Hobart City Council,N/A,DST,Hobart,,Yes - featured,,,
The Range at Country Club Tasmania,ATTRACTION,AU2230344,Prospect Vale,7250,Meander Valley Council,N/A,VNT,Prospect Vale,Yes - featured,,,,
ZIVAH Stanley,RESTAURANT,AU2235730,Stanley,7331,Circular Head Council,N/A,WxNW,Stanley,,,,,Yes - featured
,,,,,,,,,,,,,
Copy of ExportedListings_12012026T111144_Updated 10 Jan 2026,,,,,,,,,,,,,
Name,ATDW category,ATDW #,Town,Postcode,LGA,Secondary LGA,RTO,Town master list,Launceston and north,Hobart and south,East coast,West coast,North west
Bay View Cottages:  Ocean Mist,ACCOMM,AU2167573,Dover,7117,Huon Valley Council,N/A,DST,Dover,,Yes - featured,,,
Cooinda On The Beach,ACCOMM,AU2167687,Bicheno,7215,Glamorgan Spring Bay Council,N/A,ECTT,Bicheno,,,Yes - featured,,
Devil in the Dune,RESTAURANT,AU2171203,Low Head,7253,George Town Council,N/A,VNT,Low Head,Yes - featured,,,,
Indie Campers Hobart,HIRE,AU2171933,Sorell,7172,Sorell Council,N/A,DST,Sorell,,Yes - featured,,,
Tide and Timber,ACCOMM,AU2173719,Adventure Bay,7150,Kingborough Council,N/A,DST,Adventure Bay,,Yes - featured,,,
SISU,RESTAURANT,AU2174744,Campania,7026,Southern Midlands Council,N/A,DST,Campania,,Yes - featured,,,
Leoni Duff Galleries,ATTRACTION,AU2178747,Launceston,7250,Launceston City Council,N/A,VNT,Launceston,Yes - featured,,,,
Wilderness Wellness,ATTRACTION,AU2178862,Maydena,7140,Derwent Valley Council,N/A,DST,Maydena,,Yes - featured,,,
Fire and Light Artisan Blacksmith Gallery,ATTRACTION,AU2179403,Riverside,7250,West Tamar Council,Meander Valley Council,VNT,Riverside,Yes - featured,,,,
Damien Wyer Landscape Photography Beauty Point Gallery,ATTRACTION,AU2184291,Beauty Point,7270,West Tamar Council,N/A,VNT,Beauty Point,Yes - featured,,,,
Wellington and Wolfe Wines,RESTAURANT,AU2186484,Legana,7277,West Tamar Council,N/A,VNT,Legana,Yes - featured,,,,
Dunalley Bay Sauna,ATTRACTION,AU2187707,Murdunna,7178,Tasman Council,N/A,DST,Murdunna,,Yes - featured,,,
The Kiln Collective,RESTAURANT,AU2188810,Ranelagh,7109,Huon Valley Council,N/A,DST,Ranelagh,,Yes - featured,,,
Uncle Chicken,RESTAURANT,AU2191872,Launceston,7250,Launceston City Council,N/A,VNT,Launceston,Yes - featured,,,,
Bruny Island Haven,ACCOMM,AU2193962,Adventure Bay,7150,Kingborough Council,N/A,DST,Adventure Bay,,Yes - featured,,,
,,,,,,,,,,,,,
ATDW_new_profiles_1November_onwards_Zofe,,,,,,,,,,,,,
Name,ATDW category,ATDW #,Town,Postcode,LGA,Secondary LGA,RTO,Town master list,Launceston and north,Hobart and south,East coast,West coast,North west
Bayswater Studio,ACCOMM,AU2127628,Sandy Bay,7005,Hobart City Council,N/A,DST,Sandy Bay,,Yes - featured,,,
Stargazer Tasting Room,RESTAURANT,AU2129820,Tea Tree,7017,Brighton Council,N/A,DST,Tea Tree,,Yes - featured,,,
Efoil Tas Lessons & Tours,ATTRACTION,AU2132536,Moonah,7009,Glenorchy Council,N/A,DST,Moonah,,Yes - featured,,,
Bayswater Apartment,ACCOMM,AU2133536,Sandy Bay,7005,Hobart City Council,N/A,DST,Sandy Bay,,Yes - featured,,,
Bay of Fires Experience Co.,TOUR,AU2135051,Binalong Bay,7216,Break O'Day Council,N/A,ECTT,Binalong Bay,,,Yes - featured,,
Miniature Mariners Exhibition,ATTRACTION,AU2135580,George Town,7253,George Town Council,N/A,VNT,George Town,Yes - featured,,,,
The Promenade Holiday Home,ACCOMM,AU2138291,Dodges Ferry,7173,Sorell Council,N/A,DST,Dodges Ferry,,Yes - featured,,,
Verona Italian Restaurant and Wine Bar,RESTAURANT,AU2139988,Devonport,7310,Devonport City Council,N/A,WxNW,Devonport,,,,,Yes - featured
SeaHen Lodge,ACCOMM,AU2140666,Zeehan,7469,West Coast Council,N/A,WxNW,Zeehan,,,,Yes - featured,
Wedge House King Island,ACCOMM,AU2141871,Nugara,7256,King Island Council,N/A,WxNW,Nugara,,,,,Yes - featured
Point To Head Tas,TOUR,AU2141874,George Town,7253,George Town Council,N/A,VNT,George Town,Yes - featured,,,,
Basalt Restaurant,RESTAURANT,AU2141882,Don,7310,Devonport City Council,N/A,WxNW,Don,,,,,Yes - featured
No 9 Bay of Fires - Sweeping Views,ACCOMM,AU2141953,Binalong Bay,7216,Break O'Day Council,N/A,ECTT,Binalong Bay,,,Yes - featured,,
The Crystal and Gem Workshop,ATTRACTION,AU2142308,Westbury,7303,Meander Valley Council,N/A,VNT,Westbury,Yes - featured,,,,
Maydena Alpine Retreat,ACCOMM,AU2142354,Maydena,7140,Derwent Valley Council,N/A,DST,Maydena,,Yes - featured,,,
Myrtle Creek Farm,ACCOMM,AU2143790,Collinsvale,7012,Glenorchy Council,Derwent Valley Council,DST,Collinsvale,,Yes - featured,,,
Emu Valley Rhodendron Garden,RESTAURANT,AU2144874,Romaine,7320,Burnie Council,N/A,WxNW,Romaine,,,,,Yes - featured
Joeys Place,ACCOMM,AU2147728,Coles Bay,7215,Glamorgan Spring Bay Council,N/A,ECTT,Coles Bay,,,Yes - featured,,
Seasons Pantry,RESTAURANT,AU2147856,Branxholm,7261,Dorset Council,N/A,VNT,Branxholm,Yes - featured,,,,
Voices on the Road - Southern Tour,TOUR,AU2148039,Hobart,7004,Hobart City Council,N/A,DST,Hobart,,Yes - featured,,,
Park Tours - Tasmania,TOUR,AU2151297,Launceston,7250,Launceston City Council,N/A,VNT,Launceston,Yes - featured,,,,
The SHiP - Bay of Fires,ACCOMM,AU2152800,St Helens,7216,Break O'Day Council,N/A,ECTT,St Helens,,,Yes - featured,,
Cradle Mountain Massage,ATTRACTION,AU2153447,Cradle Mountain,7306,Kentish Council,West Coast Council,WxNW,Cradle Mountain,,,,Yes - featured,Yes - featured
Sheffield Hotel,RESTAURANT,AU2155020,Sheffield,7306,Kentish Council,N/A,WxNW,Sheffield,,,,,Yes - featured
Eversley Vines Guesthouse,ACCOMM,AU2155903,Legana,7277,West Tamar Council,N/A,VNT,Legana,Yes - featured,,,,
Create Do & Mend by the artHouse,GENSERVICE,AU2156472,New Norfolk,7140,Derwent Valley Council,N/A,DST,New Norfolk,,Yes - featured,,,
Tamar Wine,TOUR,AU2157433,Loira,7275,West Tamar Council,N/A,VNT,Loira,Yes - featured,,,,
Little Norfolk Bay Bistro,RESTAURANT,AU2159369,Taranna,7180,Tasman Council,N/A,DST,Taranna,,Yes - featured,,,
Little Norfolk Bay Bistro and Chalets - Cooking Retreats and Workshops,RESTAURANT,AU2159395,Taranna,7180,Tasman Council,N/A,DST,Taranna,,Yes - featured,,,
VIP Tassie Experiences,TOUR,AU2160604,Magra,7140,Derwent Valley Council,Southern Midlands Council,DST,Magra,,Yes - featured,,,
Caledon Estate Cellar Door,RESTAURANT,AU2163341,Richmond,7025,Clarence City Council,N/A,DST,Richmond,,Yes - featured,,,
The Dunes Hideaway,ACCOMM,AU2163371,Dolphin Sands,7190,Glamorgan Spring Bay Council,N/A,ECTT,Dolphin Sands,,,Yes - featured,,
Studio NESS,ACCOMM,AU2163383,Scamander,7215,Break O'Day Council,N/A,ECTT,Scamander,,,Yes - featured,,
Hobart Rivulet Platypus,TOUR,AU2166277,South Hobart,7004,Hobart City Council,N/A,DST,South Hobart,,Yes - featured,,,
,,,,,,,,,,,,,
TAS All Profiles (excl Events) as at 30 Oct 2025,,,,,,,,,,,,,
Name,ATDW category,ATDW #,Town,Postcode,LGA,Secondary LGA,RTO,Town master list,Launceston and north,Hobart and south,East coast,West coast,North west
Lunches at Buscombe's Restaurant - Prospect Country House,RESTAURANT,AU2090939,Richmond,7025,Clarence City Council,N/A,DST,Richmond,,Yes - featured,,,
The Gorge House,ACCOMM,AU2092310,West Launceston,7250,Launceston City Council,N/A,VNT,West Launceston,Yes - featured,,,,
King Island Lodge,ACCOMM,AU2096745,Currie,7256,King Island Council,N/A,WxNW,Currie,,,,,Yes - featured
Campervan Village Hobart,HIRE,AU2098649,Cambridge,7170,Clarence City Council,N/A,DST,Cambridge,,Yes - featured,,,
Turner Stillhouse Distillery Tour,ATTRACTION,AU2099397,Rosevears,7277,West Tamar Council,N/A,VNT,Rosevears,Yes - featured,,,,
Suite Shed,ACCOMM,AU2100293,Invermay,7248,Launceston City Council,N/A,VNT,Invermay,Yes - featured,,,,
Lolas Villa,ACCOMM,AU2100380,Nugara,7256,King Island Council,N/A,WxNW,Nugara,,,,,Yes - featured
The Olive Leaf Retreat,ACCOMM,AU2103037,Latrobe,7307,Latrobe Council,N/A,WxNW,Latrobe,,,,,Yes - featured
Sunnybank Sea & Stay,ACCOMM,AU2103040,St Helens,7216,Break O'Day Council,N/A,ECTT,St Helens,,,Yes - featured,,
Talina - History in the Heart of St Helens,ACCOMM,AU2103053,St Helens,7216,Break O'Day Council,N/A,ECTT,St Helens,,,Yes - featured,,
Hello Georgie,RESTAURANT,AU2104467,Launceston,7250,Launceston City Council,N/A,VNT,Launceston,Yes - featured,,,,
Old Salty Shack,ACCOMM,AU2105294,Binalong Bay,7216,Break O'Day Council,N/A,ECTT,Binalong Bay,,,Yes - featured,,
Tiers Rest,ACCOMM,AU2105353,Chudleigh,7304,Meander Valley Council,N/A,VNT,Chudleigh,Yes - featured,,,,
Palette - Art Exhibition by John Wren Art,ATTRACTION,AU2109109,Legana,7277,West Tamar Council,N/A,VNT,Legana,Yes - featured,,,,
Wineglass Bay Estate,ACCOMM,AU2110597,Coles Bay,7215,Glamorgan Spring Bay Council,N/A,ECTT,Coles Bay,,,Yes - featured,,
Misty Ridge Cottage,ACCOMM,AU2110761,Gardners Bay,7112,Huon Valley Council,N/A,DST,Gardners Bay,,Yes - featured,,,
Ripple HQ | Infrared Sauna & Cold Plunge,ATTRACTION,AU2115003,St Helens,7216,Break O'Day Council,N/A,ECTT,St Helens,,,Yes - featured,,
Flourish Events Tasmania,TOUR,AU2115994,SEVEN MILE BEACH,7170,Clarence City Council,N/A,DST,Seven Mile Beach,,Yes - featured,,,
Tasmania Dive Adventures,TOUR,AU2117715,Lulworth,7252,George Town Council,N/A,VNT,Lulworth,Yes - featured,,,,
The Tasmanian Adventure Company,TRANSPORT,AU2117726,West Hobart,7000,Hobart City Council,N/A,DST,West Hobart,,Yes - featured,,,
Big4 Kelso Sands Holiday & Native Wildlife Park,ACCOMM,AU2120523,Kelso,7270,West Tamar Council,N/A,VNT,Kelso,Yes - featured,,,,
Embers Bay of Fires,ACCOMM,AU2122959,The Gardens,7216,Break O'Day Council,N/A,ECTT,The Gardens,,,Yes - featured,,
"Stay by Salamanca, Battery Point",ACCOMM,AU2123895,Battery Point,7004,Hobart City Council,N/A,DST,Battery Point,,Yes - featured,,,
The Rustic Hut Bush Retreat,ACCOMM,AU2125690,Penguin,7316,Central Coast Council,N/A,WxNW,Penguin,,,,,Yes - featured
,,,,,,,,,,,,,
TAS All Profiles (excl Events) as at 19 Sept 2025,,,,,,,,,,,,,
Name,ATDW category,ATDW #,Town,Postcode,LGA,Secondary LGA,RTO,Town master list,Launceston and north,Hobart and south,East coast,West coast,North west
Lake St Clair,DESTINFO,AU0089753,Lake St Clair,7140,Central Highlands Council,N/A,DST,Lake St Clair,,Yes - featured,,,
Grindelwald Swiss Village,ATTRACTION,AU0087253,Grindelwald,7277,West Tamar Council,N/A,VNT,Grindelwald,Yes - featured,,,,
Beauty Point Waterfront Hotel,ACCOMM,AU0087250,Beauty Point,7270,West Tamar Council,N/A,VNT,Beauty Point,Yes - featured,,,,
Adina Place Motel Apartments,ACCOMM,AU0087251,Launceston,7250,Launceston City Council,N/A,VNT,Launceston,Yes - featured,,,,
Tasmanian Devil Unzoo,ATTRACTION,AU0087263,Taranna,7180,Tasman Council,N/A,DST,Taranna,,Yes - featured,,,
Avis Launceston Airport,HIRE,AU0087264,Western Junction,7212,Northern Midlands Council,N/A,VNT,Western Junction,Yes - featured,,,,
Avis Hobart Airport,HIRE,AU0087268,Cambridge,7170,Clarence City Council,N/A,DST,Cambridge,,Yes - featured,,,
Avis Hobart City,HIRE,AU0087265,Hobart,7000,Hobart City Council,N/A,DST,Hobart,,Yes - featured,,,
"Brickendon Historic Farm and Convict Village, World Heritage Site",ATTRACTION,AU0087270,Longford,7301,Northern Midlands Council,N/A,VNT,Longford,Yes - featured,,,,
Avis Devonport Airport,HIRE,AU0087269,Wesley Vale,7307,Latrobe Council,N/A,WxNW,Wesley Vale,,,,,Yes - featured
Avis Wynyard Airport,HIRE,AU0087275,Wynyard,7325,Waratah-Wynyard Council,N/A,WxNW,Wynyard,,,,,Yes - featured
Europcar Launceston City,HIRE,AU0087282,Launceston,7250,Launceston City Council,N/A,VNT,Launceston,Yes - featured,,,,
AutoRent (Launceston Airport),HIRE,AU0087287,Western Junction,7212,Northern Midlands Council,N/A,VNT,Western Junction,Yes - featured,,,,
Emu Valley Rhododendron Garden,ATTRACTION,AU0087286,Romaine,7320,Burnie Council,N/A,WxNW,Romaine,,,,,Yes - featured
Avis Launceston City,HIRE,AU0087292,Launceston,7250,Launceston City Council,N/A,VNT,Launceston,Yes - featured,,,,
ALL4 / ALL Terrain Tours,TOUR,AU0087301,Coles Bay,7215,Glamorgan Spring Bay Council,N/A,ECTT,Coles Bay,,,Yes - featured,,
Barilla Bay Seafoods,RESTAURANT,AU0087308,Cambridge,7170,Clarence City Council,N/A,DST,Cambridge,,Yes - featured,,,
Kate's Berry Farm,ATTRACTION,AU0087320,Swansea,7190,Glamorgan Spring Bay Council,N/A,ECTT,Swansea,,,Yes - featured,,
Home Hill Vineyard and Winery Restaurant,RESTAURANT,AU0087324,Ranelagh,7109,Huon Valley Council,N/A,DST,Ranelagh,,Yes - featured,,,
Anvers Chocolate Factory,RESTAURANT,AU0087331,Latrobe,7307,Latrobe Council,N/A,WxNW,Latrobe,,,,,Yes - featured
Charles Reuben Estate,RESTAURANT,AU0087326,Tea Tree,7017,Brighton Council,N/A,DST,Tea Tree,,Yes - featured,,,
Grey Sands Vineyard,RESTAURANT,AU0087347,Glengarry,7275,West Tamar Council,N/A,VNT,Glengarry,Yes - featured,,,,
The Tasmanian Arboretum,ATTRACTION,AU0087346,Eugenana,7310,Devonport City Council,N/A,WxNW,Eugenana,,,,,Yes - featured
Tamar Ridge Wines,RESTAURANT,AU0087344,Rosevears,7277,West Tamar Council,N/A,VNT,Rosevears,Yes - featured,,,,
Cascades Female Factory Historic Site,ATTRACTION,AU0087345,South Hobart,7004,Hobart City Council,N/A,DST,South Hobart,,Yes - featured,,,
Campbell Town Museum and Visitor Information Centre,ATTRACTION,AU0087360,Campbell Town,7210,Northern Midlands Council,N/A,VNT,Campbell Town,Yes - featured,,,,
Aardvark Adventures Tasmania,TOUR,AU0087356,Glenorchy,7010,Glenorchy Council,N/A,DST,Glenorchy,,Yes - featured,,,
Tasmanian Seafarers Memorial - Triabunna,ATTRACTION,AU0087357,Triabunna,7190,Glamorgan Spring Bay Council,N/A,ECTT,Triabunna,,,Yes - featured,,
Castaway Holiday Apartments,ACCOMM,AU0087381,Strahan,7468,West Coast Council,N/A,WxNW,Strahan,,,,Yes - featured,
Woolmers Estate UNESCO World Heritage Site,ATTRACTION,AU0087377,Longford,7301,Northern Midlands Council,N/A,VNT,Longford,Yes - featured,,,,
Bowman History Room,ATTRACTION,AU0087392,WHITEMARK,7255,Flinders Council,N/A,VNT,Whitemark,Yes - featured,,,,
Pepper Bush Adventures,TOUR,AU0087390,Scottsdale,7260,Dorset Council,N/A,VNT,Scottsdale,Yes - featured,,,,
Home Hill,ATTRACTION,AU0087397,Devonport,7310,Devonport City Council,N/A,WxNW,Devonport,,,,,Yes - featured
Ratho Farm Golf,ATTRACTION,AU0087400,Bothwell,7030,Central Highlands Council,N/A,DST,Bothwell,,Yes - featured,,,
The Ship That Never Was,ATTRACTION,AU0087403,Strahan,7468,West Coast Council,N/A,WxNW,Strahan,,,,Yes - featured,
Highfield Historic Site,ATTRACTION,AU0087430,Stanley,7331,Circular Head Council,N/A,WxNW,Stanley,,,,,Yes - featured
Devonport Country Club,ATTRACTION,AU0087421,Spreyton,7310,Devonport City Council,N/A,WxNW,Spreyton,,,,,Yes - featured
Mountain Vista Golf Club,ATTRACTION,AU0087467,Waratah,7321,Waratah-Wynyard Council,N/A,WxNW,Waratah,,,,,Yes - featured
Oatlands Golf Course,ATTRACTION,AU0087482,Oatlands,7120,Southern Midlands Council,N/A,DST,Oatlands,,Yes - featured,,,
Poatina Golf Course,ATTRACTION,AU0087494,Poatina,7302,Northern Midlands Council,N/A,VNT,Poatina,Yes - featured,,,,
Royal Hobart Golf Club,ATTRACTION,AU0087520,Seven Mile Beach,7170,Clarence City Council,N/A,DST,Seven Mile Beach,,Yes - featured,,,
Stanley Golf Club,ATTRACTION,AU0087537,Stanley,7331,Circular Head Council,N/A,WxNW,Stanley,,,,,Yes - featured
Unshackled - Hobart Penitentiary - Ghost Tours,ATTRACTION,AU0087554,Hobart,7000,Hobart City Council,N/A,DST,Hobart,,Yes - featured,,,
Tarraleah Golf Course,ATTRACTION,AU0087560,Tarraleah,7140,Central Highlands Council,N/A,DST,Tarraleah,,Yes - featured,,,
Ross Female Factory Historic Site,ATTRACTION,AU0087581,Ross,7209,Northern Midlands Council,N/A,VNT,Ross,Yes - featured,,,,
Llanherne Golf Club,ATTRACTION,AU0087576,Seven Mile Beach,7170,Clarence City Council,N/A,DST,Seven Mile Beach,,Yes - featured,,,
Country Club Tasmania Golf Course ( Prospect Vale Golf Club ),ATTRACTION,AU0087577,Prospect Vale,7250,Meander Valley Council,N/A,VNT,Prospect Vale,Yes - featured,,,,
Tasmanian Museum and Art Gallery,ATTRACTION,AU0087582,Hobart,7000,Hobart City Council,N/A,DST,Hobart,,Yes - featured,,,
Woolnorth Tours,TOUR,AU0087594,Woolnorth,7330,Circular Head Council,N/A,WxNW,Woolnorth,,,,,Yes - featured
Maritime Museum Tasmania,ATTRACTION,AU0087601,Hobart,7000,Hobart City Council,N/A,DST,Hobart,,Yes - featured,,,
Bligh Museum of Pacific Exploration,ATTRACTION,AU0087618,Bruny Island,7150,Kingborough Council,N/A,DST,Bruny Island,,Yes - featured,,,
Pub in the Paddock,ACCOMM,AU0087613,Pyengana,7216,Break O'Day Council,N/A,ECTT,Pyengana,,,Yes - featured,,
Cruisin' Motorhomes Tasmania,HIRE,AU0087624,Cambridge,7170,Clarence City Council,N/A,DST,Cambridge,,Yes - featured,,,
Richmond Gaol,ATTRACTION,AU0087629,Richmond,7025,Clarence City Council,N/A,DST,Richmond,,Yes - featured,,,
Runnymede - National Trust House & Gardens,ATTRACTION,AU0087632,New Town,7008,Hobart City Council,N/A,DST,New Town,,Yes - featured,,,
Highbury Apartments,ACCOMM,AU0087626,East Launceston,7250,Launceston City Council,N/A,VNT,East Launceston,Yes - featured,,,,
Wings Wildlife Park,ATTRACTION,AU0087638,Gunns Plains,7315,Central Coast Council,N/A,WxNW,Gunns Plains,,,,,Yes - featured
Bruny Island Cruises - Pennicott Wilderness Journeys,TOUR,AU0087639,Bruny Island,7150,Kingborough Council,N/A,DST,Bruny Island,,Yes - featured,,,
Cradle Mountain Helicopters,TOUR,AU0087635,Cradle Mountain,7306,Kentish Council,West Coast Council,WxNW,Cradle Mountain,,,,Yes - featured,Yes - featured
Eaglehawk Neck Historic Site,ATTRACTION,AU0087640,Eaglehawk Neck,7179,Tasman Council,N/A,DST,Eaglehawk Neck,,Yes - featured,,,
Tasmanian Gourmet Sauce Company,RESTAURANT,AU0087651,Evandale,7212,Northern Midlands Council,N/A,VNT,Evandale,Yes - featured,,,,
Port Arthur Historic Site,ATTRACTION,AU0087654,Port Arthur,7182,Tasman Council,N/A,DST,Port Arthur,,Yes - featured,,,
Clarendon Estate,ATTRACTION,AU0087661,Nile,7212,Northern Midlands Council,N/A,VNT,Nile,Yes - featured,,,,
Estowen House,ACCOMM,AU0087672,Stanley,7331,Circular Head Council,N/A,WxNW,Stanley,,,,,Yes - featured
Franklin House,ATTRACTION,AU0087669,Youngtown,7249,Launceston City Council,N/A,VNT,Youngtown,Yes - featured,,,,
Cataract Gorge Reserve,ATTRACTION,AU0087675,Launceston,7250,Launceston City Council,N/A,VNT,Launceston,Yes - featured,,,,
Seahorse World,ATTRACTION,AU0087676,Beauty Point,7270,West Tamar Council,N/A,VNT,Beauty Point,Yes - featured,,,,
Low Head Pilot Station Maritime Museum,ATTRACTION,AU0087692,Low Head,7253,George Town Council,N/A,VNT,Low Head,Yes - featured,,,,
Redwater Creek Railway,ATTRACTION,AU0087701,Sheffield,7306,Kentish Council,N/A,WxNW,Sheffield,,,,,Yes - featured
Federation Street at Burnie Regional Museum,ATTRACTION,AU0087704,Burnie,7320,Burnie Council,N/A,WxNW,Burnie,,,,,Yes - featured
Coach Tours Tasmania,TOUR,AU0087709,Kings Meadows,7249,Launceston City Council,N/A,VNT,Kings Meadows,Yes - featured,,,,
YHA Hobart Central,ACCOMM,AU0087707,Hobart,7000,Hobart City Council,N/A,DST,Hobart,,Yes - featured,,,
Eric Thomas Galley Museum,ATTRACTION,AU0087711,Queenstown,7467,West Coast Council,N/A,WxNW,Queenstown,,,,Yes - featured,
Stanley Discovery Museum,ATTRACTION,AU0087715,Stanley,7331,Circular Head Council,N/A,WxNW,Stanley,,,,,Yes - featured
Wynyard Penguin Tours,TOUR,AU0087726,Wynyard,7325,Waratah-Wynyard Council,N/A,WxNW,Wynyard,,,,,Yes - featured
Minnow Cabins,ACCOMM,AU0087722,Lower Beulah,7306,Kentish Council,N/A,WxNW,Lower Beulah,,,,,Yes - featured
Bicheno East Coast Holiday Park,ACCOMM,AU0087725,Bicheno,7215,Glamorgan Spring Bay Council,N/A,ECTT,Bicheno,,,Yes - featured,,
West Coast Heritage Centre,ATTRACTION,AU0087721,Zeehan,7469,West Coast Council,N/A,WxNW,Zeehan,,,,Yes - featured,
Discovery Resorts - Cradle Mountain,ACCOMM,AU0087733,Cradle Mountain,7306,Kentish Council,West Coast Council,WxNW,Cradle Mountain,,,,Yes - featured,Yes - featured
Hobart Historic Tours,TOUR,AU0087739,Hobart,7000,Hobart City Council,N/A,DST,Hobart,,Yes - featured,,,
Mayfair Plaza Motel,ACCOMM,AU0087756,Sandy Bay,7005,Hobart City Council,N/A,DST,Sandy Bay,,Yes - featured,,,
Bruny Island Explorers Cabins,ACCOMM,AU0087755,Bruny Island,7150,Kingborough Council,N/A,DST,Bruny Island,,Yes - featured,,,
Salamanca Market,ATTRACTION,AU0087762,Hobart,7000,Hobart City Council,N/A,DST,Hobart,,Yes - featured,,,
Quest Trinity House,ACCOMM,AU0087764,Glebe,7000,Hobart City Council,N/A,DST,Glebe,,Yes - featured,,,
Deloraine and Districts Folk Museum,ATTRACTION,AU0087769,Deloraine,7304,Meander Valley Council,N/A,VNT,Deloraine,Yes - featured,,,,
Fish Wild Tasmania - Trout Fishing Tours,TOUR,AU0087788,Hobart,7000,Hobart City Council,N/A,DST,Hobart,,Yes - featured,,,
Tas-Saff,ATTRACTION,AU0087792,Glaziers Bay,7109,Huon Valley Council,N/A,DST,Glaziers Bay,,Yes - featured,,,
Josef Chromy Wines,RESTAURANT,AU0087793,Relbia,7258,Northern Midlands Council,N/A,VNT,Relbia,Yes - featured,,,,
Tasmanian Honey Company,ATTRACTION,AU0087803,Perth,7300,Northern Midlands Council,N/A,VNT,Perth,Yes - featured,,,,
Discovery Parks - Devonport,ACCOMM,AU0087811,East Devonport,7310,Devonport City Council,N/A,WxNW,East Devonport,,,,,Yes - featured
Lavender House Perfumery,ATTRACTION,AU0087817,Rowella,7270,West Tamar Council,N/A,VNT,Rowella,Yes - featured,,,,
Explorers Lodge,ACCOMM,AU0087824,New Norfolk,7140,Derwent Valley Council,N/A,DST,New Norfolk,,Yes - featured,,,
Quest Savoy,ACCOMM,AU0087825,Hobart,7000,Hobart City Council,N/A,DST,Hobart,,Yes - featured,,,
Coal Mines Historic Site,ATTRACTION,AU0087832,Saltwater River,7186,Tasman Council,N/A,DST,Saltwater River,,Yes - featured,,,
Southwest National Park,ATTRACTION,AU0087834,Cockle Creek,7109,Huon Valley Council,N/A,DST,Cockle Creek,,Yes - featured,,,
Arve Forest Drive,ATTRACTION,AU0087830,Geeveston,7116,Huon Valley Council,N/A,DST,Geeveston,,Yes - featured,,,
Hartz Mountains National Park,ATTRACTION,AU0087831,Raminea,7109,Huon Valley Council,N/A,DST,Raminea,,Yes - featured,,,
South Bruny National Park,ATTRACTION,AU0087837,South Bruny,7150,Kingborough Council,N/A,DST,South Bruny,,Yes - featured,,,
Lake Gordon - Lake Pedder - Strathgordon,ATTRACTION,AU0087836,Strathgordon,7139,Derwent Valley Council,N/A,DST,Strathgordon,,Yes - featured,,,
Tasman National Park,ATTRACTION,AU0087838,Eaglehawk Neck,7179,Tasman Council,N/A,DST,Eaglehawk Neck,,Yes - featured,,,
Mount Field National Park,ATTRACTION,AU0087839,National Park,7140,Central Highlands Council,Derwent Valley Council,DST,National Park,,Yes - featured,,,
Marriotts Falls and Junee Caves,ATTRACTION,AU0087843,Tyenna,7140,Derwent Valley Council,N/A,DST,Tyenna,,Yes - featured,,,
Mt Nelson and Truganini Reserve,ATTRACTION,AU0087845,Mount Nelson,7007,Hobart City Council,Kingborough Council,DST,Mount Nelson,,Yes - featured,,,
Bruny Island Neck,ATTRACTION,AU0087842,Bruny Island,7150,Kingborough Council,N/A,DST,Bruny Island,,Yes - featured,,,
Douglas-Apsley National Park,ATTRACTION,AU0087844,Bicheno,7215,Glamorgan Spring Bay Council,N/A,ECTT,Bicheno,,,Yes - featured,,
Freycinet National Park,ATTRACTION,AU0087846,Coles Bay,7215,Glamorgan Spring Bay Council,N/A,ECTT,Coles Bay,,,Yes - featured,,
Maria Island National Park,ATTRACTION,AU0087848,Maria Island,7190,Glamorgan Spring Bay Council,N/A,ECTT,Maria Island,,,Yes - featured,,
Mayfield Bay Coastal Reserve,ATTRACTION,AU0087850,Swansea,7190,Glamorgan Spring Bay Council,N/A,ECTT,Swansea,,,Yes - featured,,
Mount William National Park,ATTRACTION,AU0087849,Mount William,7264,Break O'Day Council,N/A,ECTT,Mount William,,,Yes - featured,,
Bay of Fires,ATTRACTION,AU0087851,Binalong Bay,7216,Break O'Day Council,N/A,ECTT,Binalong Bay,,,Yes - featured,,
Liffey Falls Walk - Great Short Walk,ATTRACTION,AU0087856,Liffey,7301,Northern Midlands Council,Meander Valley Council,VNT,Liffey,Yes - featured,,,,
St Helens Point,ATTRACTION,AU0087852,St Helens,7216,Break O'Day Council,N/A,ECTT,St Helens,,,Yes - featured,,
Notley Fern Gorge,ATTRACTION,AU0087855,Legana,7277,West Tamar Council,N/A,VNT,Legana,Yes - featured,,,,
Hollybank Forest Reserve,ATTRACTION,AU0087854,Underwood,7268,Launceston City Council,N/A,VNT,Underwood,Yes - featured,,,,
Ben Lomond National Park,ATTRACTION,AU0087853,Ben Lomond,7212,Northern Midlands Council,N/A,VNT,Ben Lomond,Yes - featured,,,,
Cradle Mountain - Lake St Clair National Park (Cradle Mountain),ATTRACTION,AU0087859,Cradle Mountain,7306,Kentish Council,West Coast Council,WxNW,Cradle Mountain,,,,Yes - featured,Yes - featured
Trevallyn Dam,ATTRACTION,AU0087857,Launceston,7250,West Tamar Council,Launceston City Council,VNT,Trevallyn,Yes - featured,,,,
Mole Creek Karst National Park,ATTRACTION,AU0087861,Mole Creek,7304,Meander Valley Council,N/A,VNT,Mole Creek,Yes - featured,,,,
Arthur River,ATTRACTION,AU0087860,Arthur River,7330,Circular Head Council,N/A,WxNW,Arthur River,,,,,Yes - featured
The Tarkine Drive,ATTRACTION,AU0087864,Roger River,7330,Circular Head Council,N/A,WxNW,Roger River,,,,,Yes - featured
The Nut,ATTRACTION,AU0087862,Stanley,7331,Circular Head Council,N/A,WxNW,Stanley,,,,,Yes - featured
Rocky Cape National Park,ATTRACTION,AU0087863,Rocky Cape,7321,Circular Head Council,Waratah-Wynyard Council,WxNW,Rocky Cape,,,,,Yes - featured
Bridestowe Lavender Estate,ATTRACTION,AU0087870,Nabowla,7260,Dorset Council,N/A,VNT,Nabowla,Yes - featured,,,,
Lake Rowallan,ATTRACTION,AU0087867,Liena,7304,Meander Valley Council,N/A,VNT,Liena,Yes - featured,,,,
Lillico Beach,ATTRACTION,AU0087868,Devonport,7310,Devonport City Council,N/A,WxNW,Devonport,,,,,Yes - featured
Franklin-Gordon Wild Rivers National Park,ATTRACTION,AU0087871,Lake St Clair,7140,Central Highlands Council,N/A,DST,Lake St Clair,,Yes - featured,,,
Montezuma Falls - Great Short Walk,ATTRACTION,AU0087873,Rosebery,7470,West Coast Council,N/A,WxNW,Rosebery,,,,Yes - featured,
Sarah Island,ATTRACTION,AU0087876,Strahan,7468,West Coast Council,N/A,WxNW,Strahan,,,,Yes - featured,
The Gordon River,ATTRACTION,AU0087874,Strahan,7468,West Coast Council,N/A,WxNW,Strahan,,,,Yes - featured,
Christmas Hills Raspberry Farm Cafe,RESTAURANT,AU0087880,Elizabeth Town,7304,Meander Valley Council,N/A,VNT,Elizabeth Town,Yes - featured,,,,
Lake Meadowbank,ATTRACTION,AU0087879,Hamilton,7140,Central Highlands Council,N/A,DST,Hamilton,,Yes - featured,,,
Arthurs Lake,ATTRACTION,AU0087878,Miena,7030,Central Highlands Council,N/A,DST,Miena,,Yes - featured,,,
Tahune Adventures - Visitor Centre and Cafe,RESTAURANT,AU0087885,Geeveston,7116,Huon Valley Council,N/A,DST,Geeveston,,Yes - featured,,,
Waddamana Power Station Heritage Site,ATTRACTION,AU0087897,Waddamana,7030,Central Highlands Council,N/A,DST,Waddamana,,Yes - featured,,,
Swansea Bark Mill and Tavern & Bakery,RESTAURANT,AU0087902,Swansea,7190,Glamorgan Spring Bay Council,N/A,ECTT,Swansea,,,Yes - featured,,
The Margate Train,ATTRACTION,AU0087909,Margate,7054,Kingborough Council,Huon Valley Council,DST,Margate,,Yes - featured,,,
Narryna - The Merchant's House,ATTRACTION,AU0087908,Battery Point,7004,Hobart City Council,N/A,DST,Battery Point,,Yes - featured,,,
The Tree House,ACCOMM,AU0087916,Alonnah,7150,Kingborough Council,N/A,DST,Alonnah,,Yes - featured,,,
John Elliott Classics Museum,ATTRACTION,AU0087930,Sandy Bay,7005,Hobart City Council,N/A,DST,Sandy Bay,,Yes - featured,,,
Tasmanian Transport Museum,ATTRACTION,AU0087933,Glenorchy,7010,Glenorchy Council,N/A,DST,Glenorchy,,Yes - featured,,,
Rosny Farm Arts Precinct,ATTRACTION,AU0087929,Rosny Park,7018,Clarence City Council,N/A,DST,Rosny Park,,Yes - featured,,,
Queen Victoria Museum at Inveresk,ATTRACTION,AU0087937,Invermay,7248,Launceston City Council,N/A,VNT,Invermay,Yes - featured,,,,
Channel Museum,ATTRACTION,AU0087947,Margate,7054,Kingborough Council,Huon Valley Council,DST,Margate,,Yes - featured,,,
National Automobile Museum of Tasmania,ATTRACTION,AU0087939,Invermay,7248,Launceston City Council,N/A,VNT,Invermay,Yes - featured,,,,
Furneaux Museum,ATTRACTION,AU0087940,Flinders Island,7255,Flinders Council,N/A,VNT,Flinders Island,Yes - featured,,,,
Salmon Ponds - Pancakes by the Ponds,RESTAURANT,AU0087952,Plenty,7140,Derwent Valley Council,N/A,DST,Plenty,,Yes - featured,,,
Beaconsfield Mine and Heritage Centre,ATTRACTION,AU0087950,Beaconsfield,7270,West Tamar Council,N/A,VNT,Beaconsfield,Yes - featured,,,,
Bass Strait Maritime Museum (Formerly Bass Strait Maritime Centre),ATTRACTION,AU0087956,Devonport,7310,Devonport City Council,N/A,WxNW,Devonport,,,,,Yes - featured
Old Hobart Town Model Village,ATTRACTION,AU0087955,Richmond,7025,Clarence City Council,N/A,DST,Richmond,,Yes - featured,,,
Gunns Plains Caves,ATTRACTION,AU0087964,Gunns Plains,7315,Central Coast Council,N/A,WxNW,Gunns Plains,,,,,Yes - featured
Tasmazia and The Village of Lower Crackpot,ATTRACTION,AU0087969,Promised Land,7306,Kentish Council,N/A,WxNW,Promised Land,,,,,Yes - featured
Don River Railway,ATTRACTION,AU0087973,Don,7310,Devonport City Council,N/A,WxNW,Don,,,,,Yes - featured
The Nut Chairlift Stanley,ATTRACTION,AU0087978,Stanley,7331,Circular Head Council,N/A,WxNW,Stanley,,,,,Yes - featured
Hastings Caves and Thermal Springs,ATTRACTION,AU0087982,Hastings,7109,Huon Valley Council,N/A,DST,Hastings,,Yes - featured,,,
Royal Tasmanian Botanical Gardens,ATTRACTION,AU0087983,Queens Domain,7000,Hobart City Council,N/A,DST,Queens Domain,,Yes - featured,,,
Guide Falls Farm,ATTRACTION,AU0087981,West Ridgley,7321,Burnie Council,N/A,WxNW,West Ridgley,,,,,Yes - featured
Unshackled Hobart Penitentiary,TOUR,AU0087989,Hobart,7000,Hobart City Council,N/A,DST,Hobart,,Yes - featured,,,
Inala Nature Tours,TOUR,AU0088000,Bruny Island,7150,Kingborough Council,N/A,DST,Bruny Island,,Yes - featured,,,
Huon River Jet Boats,TOUR,AU0087993,Huonville,7109,Huon Valley Council,N/A,DST,Huonville,,Yes - featured,,,
Premier Travel Adventures Tasmania,TOUR,AU0087999,Mornington,7018,Clarence City Council,N/A,DST,Mornington,,Yes - featured,,,
Port Arthur Ghost Tours,TOUR,AU0088003,Port Arthur,7182,Tasman Council,N/A,DST,Port Arthur,,Yes - featured,,,
Bicheno by the Bay,ACCOMM,AU0088009,Bicheno,7215,Glamorgan Spring Bay Council,N/A,ECTT,Bicheno,,,Yes - featured,,
Freycinet Air Tasmania,TOUR,AU0088010,Coles Bay,7215,Glamorgan Spring Bay Council,N/A,ECTT,Coles Bay,,,Yes - featured,,
Bicheno Penguin Tours,TOUR,AU0088020,Bicheno,7215,Glamorgan Spring Bay Council,N/A,ECTT,Bicheno,,,Yes - featured,,
Tamar River Cruises,TOUR,AU0088025,Launceston,7250,Launceston City Council,N/A,VNT,Launceston,Yes - featured,,,,
Flinders Island Adventures,TOUR,AU0088027,Whitemark,7255,Flinders Council,N/A,VNT,Whitemark,Yes - featured,,,,
Low Head Penguin Tours,TOUR,AU0088021,Low Head,7253,George Town Council,N/A,VNT,Low Head,Yes - featured,,,,
Binalong Bungalows,ACCOMM,AU0088030,Binalong Bay,7216,Break O'Day Council,N/A,ECTT,Binalong Bay,,,Yes - featured,,
Under Down Under,TOUR,AU0088035,Cambridge,7170,Clarence City Council,N/A,DST,Cambridge,,Yes - featured,,,
World Heritage Cruises,TOUR,AU0088037,Strahan,7468,West Coast Council,N/A,WxNW,Strahan,,,,Yes - featured,
RoamWild Tasmania,TOUR,AU0088039,Queenstown,7467,West Coast Council,N/A,WxNW,Queenstown,,,,Yes - featured,
Par Avion,TOUR,AU0088050,Cambridge,7170,Clarence City Council,N/A,DST,Cambridge,,Yes - featured,,,
Freycinet Adventures,TOUR,AU0088044,Coles Bay,7215,Glamorgan Spring Bay Council,N/A,ECTT,Coles Bay,,,Yes - featured,,
Freycinet Experience Walk,TOUR,AU0088046,Friendly Beaches,7215,Glamorgan Spring Bay Council,N/A,ECTT,Friendly Beaches,,,Yes - featured,,
Red Tag Trout Tours,TOUR,AU0088053,Tranmere,7018,Clarence City Council,N/A,DST,Tranmere,,Yes - featured,,,
Roaring 40s Kayaking,TOUR,AU0088054,Cambridge,7170,Clarence City Council,N/A,DST,Cambridge,,Yes - featured,,,
Wineglass Bay Cruises - Pennicott Wilderness Journeys,TOUR,AU0088059,Coles Bay,7215,Glamorgan Spring Bay Council,N/A,ECTT,Coles Bay,,,Yes - featured,,
Wild Cave Tours,TOUR,AU0088063,Caveside,7304,Meander Valley Council,N/A,VNT,Caveside,Yes - featured,,,,
Tasmanian Walking Company,TOUR,AU0088064,Launceston,7250,Launceston City Council,N/A,VNT,Launceston,Yes - featured,,,,
Tasmanian Expeditions,TOUR,AU0088065,Launceston,7250,Launceston City Council,N/A,VNT,Launceston,Yes - featured,,,,
Moorilla Winery,RESTAURANT,AU0088068,Berriedale,7011,Glenorchy Council,N/A,DST,Berriedale,,Yes - featured,,,
Freycinet Vineyard,RESTAURANT,AU0088070,Apslawn,7190,Glamorgan Spring Bay Council,N/A,ECTT,Apslawn,,,Yes - featured,,
Pipers Brook Vineyard,RESTAURANT,AU0088079,Pipers Brook,7254,George Town Council,N/A,VNT,Pipers Brook,Yes - featured,,,,
Brook Eden Vineyard,RESTAURANT,AU0088078,Lebrina,7254,Launceston City Council,N/A,VNT,Lebrina,Yes - featured,,,,
Holm Oak Vineyards,RESTAURANT,AU0088073,Rowella,7270,West Tamar Council,N/A,VNT,Rowella,Yes - featured,,,,
Hartzview Vineyard,RESTAURANT,AU0088081,Gardners Bay,7112,Huon Valley Council,N/A,DST,Gardners Bay,,Yes - featured,,,
Kurrajong House,ACCOMM,AU0088091,Launceston,7250,Launceston City Council,N/A,VNT,Launceston,Yes - featured,,,,
Experience Tasmania Tours and Charters/GrayLine Tasmania,TOUR,AU0088100,Hobart,7000,Hobart City Council,N/A,DST,Hobart,,Yes - featured,,,
Boomerang by the Sea,ACCOMM,AU0088112,Currie,7256,King Island Council,N/A,WxNW,Currie,,,,,Yes - featured
Discovery Parks - Hobart,ACCOMM,AU0088108,Risdon,7017,Clarence City Council,N/A,DST,Risdon,,Yes - featured,,,
Brickendon Estate,ACCOMM,AU0088117,Longford,7301,Northern Midlands Council,N/A,VNT,Longford,Yes - featured,,,,
Bowerbank Mill Accommodation,ACCOMM,AU0088118,Deloraine,7304,Meander Valley Council,N/A,VNT,Deloraine,Yes - featured,,,,
Bridge Hotel,ACCOMM,AU0088119,Smithton,7330,Circular Head Council,N/A,WxNW,Smithton,,,,,Yes - featured
Bridport Seaside Caravan Park,ACCOMM,AU0088120,Bridport,7262,Dorset Council,N/A,VNT,Bridport,Yes - featured,,,,
Alexandria Bed and Breakfast,ACCOMM,AU0088136,Wynyard,7325,Waratah-Wynyard Council,N/A,WxNW,Wynyard,,,,,Yes - featured
Burnie Central TownHouse Hotel,ACCOMM,AU0088141,Burnie,7320,Burnie Council,N/A,WxNW,Burnie,,,,,Yes - featured
Alice's Cottages,ACCOMM,AU0088148,Launceston,7250,Launceston City Council,N/A,VNT,Launceston,Yes - featured,,,,
Bargain Car Rentals (Hobart),HIRE,AU0088147,Hobart City,7000,Hobart City Council,N/A,DST,Hobart,,Yes - featured,,,
Europcar Devonport City,HIRE,AU0088151,East Devonport,7310,Devonport City Council,N/A,WxNW,East Devonport,,,,,Yes - featured
Tasmanian Campervan Hire,HIRE,AU0088173,Mornington,7018,Clarence City Council,N/A,DST,Mornington,,Yes - featured,,,
Europcar Hobart City,HIRE,AU0088176,Hobart City,7000,Hobart City Council,N/A,DST,Hobart,,Yes - featured,,,
Crayfish Creek Van and Cabin Park and Spa Treehouse,ACCOMM,AU0088184,Crayfish Creek,7321,Circular Head Council,N/A,WxNW,Crayfish Creek,,,,,Yes - featured
Nightcap at Carlyle Hotel,ACCOMM,AU0088187,Derwent Park,7009,Glenorchy Council,N/A,DST,Derwent Park,,Yes - featured,,,
Salamanca Suites,ACCOMM,AU0088201,Hobart,7000,Hobart City Council,N/A,DST,Hobart,,Yes - featured,,,
Devonport Regional Gallery,ATTRACTION,AU0088237,Devonport,7310,Devonport City Council,N/A,WxNW,Devonport,,,,,Yes - featured
Joe Lyons Cottage,ATTRACTION,AU0088228,Stanley,7331,Circular Head Council,N/A,WxNW,Stanley,,,,,Yes - featured
Stoney Rise Wine Company,RESTAURANT,AU0088243,Gravelly Beach,7276,West Tamar Council,N/A,VNT,Gravelly Beach,Yes - featured,,,,
Pooley Wines,RESTAURANT,AU0088262,Richmond,7025,Clarence City Council,N/A,DST,Richmond,,Yes - featured,,,
Tranquilles Bed and Breakfast and Catering,ACCOMM,AU0088263,Port Sorell,7307,Latrobe Council,N/A,WxNW,Port Sorell,,,,,Yes - featured
Delamere Vineyard,RESTAURANT,AU0088274,Pipers River,7252,George Town Council,Launceston City Council,VNT,Pipers River,Yes - featured,,,,
Dalrymple Vineyards,RESTAURANT,AU0088273,Pipers Brook,7254,George Town Council,N/A,VNT,Pipers Brook,Yes - featured,,,,
Spirit of Tasmania,TRANSPORT,AU0088286,East Devonport,7310,Devonport City Council,N/A,WxNW,East Devonport,,,,,Yes - featured
Mona Pavilions,ACCOMM,AU0088300,Berriedale,7011,Glenorchy Council,N/A,DST,Berriedale,,Yes - featured,,,
Parnella Kettering Accommodation,ACCOMM,AU0088306,Kettering,7155,Kingborough Council,N/A,DST,Kettering,,Yes - featured,,,
AAT Kings Tasmania,TOUR,AU0088326,Hobart,7001,Hobart City Council,N/A,DST,Hobart,,Yes - featured,,,
McDermott's  Tours,TOUR,AU0088323,Cradle Mountain,7306,Kentish Council,West Coast Council,WxNW,Cradle Mountain,,,,Yes - featured,Yes - featured
Design Tasmania,ATTRACTION,AU0088340,Launceston,7250,Launceston City Council,N/A,VNT,Launceston,Yes - featured,,,,
The Maria Island Walk,TOUR,AU0088352,Hobart,7000,Hobart City Council,N/A,DST,Hobart,,Yes - featured,,,
Woolly Butt Bungalow,ACCOMM,AU0088361,Falmouth,7215,Break O'Day Council,N/A,ECTT,Falmouth,,,Yes - featured,,
Cradle Mountain Hotel,ACCOMM,AU0088387,Cradle Mountain,7306,Kentish Council,West Coast Council,WxNW,Cradle Mountain,,,,Yes - featured,Yes - featured
Eagles Nest Retreat,ACCOMM,AU0088384,West Kentish,7306,Kentish Council,N/A,WxNW,West Kentish,,,,,Yes - featured
Tall Timbers Adventure Tours,TOUR,AU0088402,Smithton,7330,Circular Head Council,N/A,WxNW,Smithton,,,,,Yes - featured
The Madsen Boutique Hotel and Apartments,ACCOMM,AU0088412,Penguin,7316,Central Coast Council,N/A,WxNW,Penguin,,,,,Yes - featured
Wind Song Bed and Breakfast,ACCOMM,AU0088414,Little Swanport,7190,Glamorgan Spring Bay Council,N/A,ECTT,Little Swanport,,,Yes - featured,,
Stanley Lakeside Spa Cabins,ACCOMM,AU0088421,Stanley,7331,Circular Head Council,N/A,WxNW,Stanley,,,,,Yes - featured
Tarkine Trails,TOUR,AU0088429,West Takone,7325,Waratah-Wynyard Council,N/A,WxNW,West Takone,,,,,Yes - featured
Wheelhouse Apartments,ACCOMM,AU0088434,Strahan,7468,West Coast Council,N/A,WxNW,Strahan,,,,Yes - featured,
Fred's Place,ACCOMM,AU0088438,Stanley,7331,Circular Head Council,N/A,WxNW,Stanley,,,,,Yes - featured
Bicheno's Glass Bottom Boat,TOUR,AU0088479,Bicheno,7215,Glamorgan Spring Bay Council,N/A,ECTT,Bicheno,,,Yes - featured,,
Bischoff Hotel,ACCOMM,AU0088483,Waratah,7321,Waratah-Wynyard Council,N/A,WxNW,Waratah,,,,,Yes - featured
Tasmanian Wilderness Experiences,TOUR,AU0088507,Cambridge,7170,Clarence City Council,N/A,DST,Cambridge,,Yes - featured,,,
Donalea Bed & Breakfast Tasmania,ACCOMM,AU0088506,Castle Forbes Bay,7116,Huon Valley Council,N/A,DST,Castle Forbes Bay,,Yes - featured,,,
Curringa Farm - Accommodation and Farm Tours,ATTRACTION,AU0088512,Hamilton,7140,Central Highlands Council,N/A,DST,Hamilton,,Yes - featured,,,
Cornwall Cottage,ACCOMM,AU0088528,Cambridge,7170,Clarence City Council,N/A,DST,Cambridge,,Yes - featured,,,
Moores Hill Estate,RESTAURANT,AU0088525,Sidmouth,7270,West Tamar Council,N/A,VNT,Sidmouth,Yes - featured,,,,
Water By Nature Tasmania - Franklin River Rafting,TOUR,AU0088548,Hobart,7000,Hobart City Council,N/A,DST,Hobart,,Yes - featured,,,
Edinburgh Gallery Bed & Breakfast,ACCOMM,AU0088540,Hobart,7000,Hobart City Council,N/A,DST,Hobart,,Yes - featured,,,
Valleybrook Wine on Wheels Tours,TOUR,AU0088541,Launceston,7250,Launceston City Council,N/A,VNT,Launceston,Yes - featured,,,,
Mowbray Hotel,ACCOMM,AU0088557,Mowbray,7248,Launceston City Council,N/A,VNT,Mowbray,Yes - featured,,,,
Beachend Bicheno,ACCOMM,AU0088578,Bicheno,7215,Glamorgan Spring Bay Council,N/A,ECTT,Bicheno,,,Yes - featured,,
Green Island Tours Tasmania,TOUR,AU0088608,Akaroa,7216,Break O'Day Council,N/A,ECTT,Akaroa,,,Yes - featured,,
Peppermint Bay Cruise & Lunch,TOUR,AU0088602,Hobart,7000,Hobart City Council,N/A,DST,Hobart,,Yes - featured,,,
Platypus House,ATTRACTION,AU0088618,Beauty Point,7270,West Tamar Council,N/A,VNT,Beauty Point,Yes - featured,,,,
Tasmania Zoo,ATTRACTION,AU0088611,Riverside,7250,West Tamar Council,Meander Valley Council,VNT,Riverside,Yes - featured,,,,
Old Wesleydale Heritage Accommodation,ACCOMM,AU0088632,Mole Creek,7304,Meander Valley Council,N/A,VNT,Mole Creek,Yes - featured,,,,
Cradle Country Adventures,TOUR,AU0088649,Birralee,7303,Meander Valley Council,West Tamar Council,VNT,Birralee,Yes - featured,,,,
Beauty Point Cottages,ACCOMM,AU0088647,Beauty Point,7270,West Tamar Council,N/A,VNT,Beauty Point,Yes - featured,,,,
Rotorlift Aviation (Helicopter Tours),TOUR,AU0088658,Cambridge,7170,Clarence City Council,N/A,DST,Cambridge,,Yes - featured,,,
Peppermint Bay,RESTAURANT,AU0088679,Woodbridge,7162,Kingborough Council,N/A,DST,Woodbridge,,Yes - featured,,,
Birchwood on the River Devonport,ACCOMM,AU0088676,Devonport,7310,Devonport City Council,N/A,WxNW,Devonport,,,,,Yes - featured
Peppers Seaport Hotel Launceston,ACCOMM,AU0088686,Launceston,7250,Launceston City Council,N/A,VNT,Launceston,Yes - featured,,,,
Base Camp Tasmania,ACCOMM,AU1266056,Glenfern,7140,Derwent Valley Council,N/A,DST,Glenfern,,Yes - featured,,,
Inverawe Native Gardens,ATTRACTION,AU0088683,Margate,7054,Kingborough Council,Huon Valley Council,DST,Margate,,Yes - featured,,,
The Henry Jones Art Hotel,ACCOMM,AU0088717,Hobart,7000,Hobart City Council,N/A,DST,Hobart,,Yes - featured,,,
Spring Vale Vineyard,RESTAURANT,AU0088737,Cranbrook,7190,Glamorgan Spring Bay Council,N/A,ECTT,Cranbrook,,,Yes - featured,,
Marion's Vineyard,RESTAURANT,AU0088731,Deviot,7275,West Tamar Council,N/A,VNT,Deviot,Yes - featured,,,,
Frogmore Creek Winery Cellar Door & Restaurant,RESTAURANT,AU0088740,Cambridge,7170,Clarence City Council,N/A,DST,Cambridge,,Yes - featured,,,
Coach House Launceston,ACCOMM,AU0088768,Launceston,7250,Launceston City Council,N/A,VNT,Launceston,Yes - featured,,,,
Commodore Regent Hotel,ACCOMM,AU0088781,Launceston City,7250,Launceston City Council,N/A,VNT,Launceston,Yes - featured,,,,
Central Highlands Lodge - Accommodation,ACCOMM,AU0088796,Miena,7030,Central Highlands Council,N/A,DST,Miena,,Yes - featured,,,
Country Club Tasmania,ACCOMM,AU0088791,Prospect Vale,7250,Meander Valley Council,N/A,VNT,Prospect Vale,Yes - featured,,,,
Hadley's Orient Hotel Hobart,ACCOMM,AU0088788,Hobart City,7000,Hobart City Council,N/A,DST,Hobart,,Yes - featured,,,
Edge Of The Bay Resort,ACCOMM,AU0088787,Coles Bay,7215,Glamorgan Spring Bay Council,N/A,ECTT,Coles Bay,,,Yes - featured,,
Cradle Highlander,ACCOMM,AU0088802,Cradle Mountain,7306,Kentish Council,West Coast Council,WxNW,Cradle Mountain,,,,Yes - featured,Yes - featured
Discovery Parks - Cradle Mountain,ACCOMM,AU0088799,Cradle Mountain,7306,Kentish Council,West Coast Council,WxNW,Cradle Mountain,,,,Yes - featured,Yes - featured
Boat Harbour Garden Cottages,ACCOMM,AU0088807,Boat Harbour,7321,Waratah-Wynyard Council,N/A,WxNW,Boat Harbour,,,,,Yes - featured
Cradle Mountain Lodge,ACCOMM,AU0088812,Cradle Mountain,7306,Kentish Council,West Coast Council,WxNW,Cradle Mountain,,,,Yes - featured,Yes - featured
Anabel's of Scottsdale,ACCOMM,AU0088815,Scottsdale,7260,Dorset Council,N/A,VNT,Scottsdale,Yes - featured,,,,
White Sands Estate,ACCOMM,AU0088816,Four Mile Creek,7215,Break O'Day Council,N/A,ECTT,Four Mile Creek,,,Yes - featured,,
"Echo Hills, Flinders Island",ACCOMM,AU0088836,Flinders Island,7255,Flinders Council,N/A,VNT,Flinders Island,Yes - featured,,,,
Edgewater Hotel,ACCOMM,AU0088838,East Devonport,7310,Devonport City Council,N/A,WxNW,East Devonport,,,,,Yes - featured
The Duck House,ACCOMM,AU0088843,Burnie,7320,Burnie Council,N/A,WxNW,Burnie,,,,,Yes - featured
Currawong Lakes,ACCOMM,AU0088859,Lake Leake,7210,Northern Midlands Council,N/A,VNT,Lake Leake,Yes - featured,,,,
Empire Hotel,ACCOMM,AU0088858,Queenstown,7467,West Coast Council,N/A,WxNW,Queenstown,,,,Yes - featured,
Formby Hotel,ACCOMM,AU0088869,Devonport,7310,Devonport City Council,N/A,WxNW,Devonport,,,,,Yes - featured
Flinders Island Cabin Park,ACCOMM,AU0088875,Whitemark,7255,Flinders Council,N/A,VNT,Whitemark,Yes - featured,,,,
Freycinet Lodge,ACCOMM,AU0088891,Coles Bay,7215,Glamorgan Spring Bay Council,N/A,ECTT,Coles Bay,,,Yes - featured,,
Freycinet National Park Camping Ground,ACCOMM,AU0088903,Coles Bay,7215,Glamorgan Spring Bay Council,N/A,ECTT,Coles Bay,,,Yes - featured,,
Nightelier Devonport Gateway Hotel,ACCOMM,AU0088915,Devonport,7310,Devonport City Council,N/A,WxNW,Devonport,,,,,Yes - featured
Gold Rush Inn,ACCOMM,AU0088918,Queenstown,7467,West Coast Council,N/A,WxNW,Queenstown,,,,Yes - featured,
Best Western Plus Launceston,ACCOMM,AU0088934,Launceston,7250,Launceston City Council,N/A,VNT,Launceston,Yes - featured,,,,
AAA Granary Accommodation - The Last Resort,ACCOMM,AU0088937,Sheffield,7306,Kentish Council,N/A,WxNW,Sheffield,,,,,Yes - featured
Grosvenor Court Apartments,ACCOMM,AU0088944,Sandy Bay,7005,Hobart City Council,N/A,DST,Sandy Bay,,Yes - featured,,,
Briar Lane,ACCOMM,AU0088940,Evandale,7212,Northern Midlands Council,N/A,VNT,Evandale,Yes - featured,,,,
Greens Beach Caravan & Holiday Park,ACCOMM,AU0088947,Greens Beach,7270,West Tamar Council,N/A,VNT,Greens Beach,Yes - featured,,,,
Gull Apartment,ACCOMM,AU0088953,Strahan,7468,West Coast Council,N/A,WxNW,Strahan,,,,Yes - featured,
Hanlon Guest House,ACCOMM,AU0088967,Stanley,7331,Circular Head Council,N/A,WxNW,Stanley,,,,,Yes - featured
Hamlet Downs Country Accom,ACCOMM,AU0088964,Fentonbury,7140,Central Highlands Council,N/A,DST,Fentonbury,,Yes - featured,,,
Hatchers Richmond Manor,ACCOMM,AU0088979,Richmond,7025,Clarence City Council,N/A,DST,Richmond,,Yes - featured,,,
The Stable Lofts,ACCOMM,AU0088985,Carrick,7291,Meander Valley Council,N/A,VNT,Carrick,Yes - featured,,,,
Heemskirk Motor Hotel,ACCOMM,AU0088994,Zeehan,7469,West Coast Council,N/A,WxNW,Zeehan,,,,Yes - featured,
Hillcrest Tourist Park,ACCOMM,AU0089001,St Helens,7216,Break O'Day Council,N/A,ECTT,St Helens,,,Yes - featured,,
Apex Beachside Holiday Park Ulverstone,ACCOMM,AU0088997,West Ulverstone,7315,Central Coast Council,N/A,WxNW,West Ulverstone,,,,,Yes - featured
Travelodge Hotel Hobart,ACCOMM,AU0089007,Hobart,7000,Hobart City Council,N/A,DST,Hobart,,Yes - featured,,,
Best Western Hobart,ACCOMM,AU0089024,Hobart City,7000,Hobart City Council,N/A,DST,Hobart,,Yes - featured,,,
Huon Charm Waterfront Cottage - The Boathouse,ACCOMM,AU0089021,Police Point,7116,Huon Valley Council,N/A,DST,Police Point,,Yes - featured,,,
Inala Country Accommodation,ACCOMM,AU0089031,Bruny Island,7150,Kingborough Council,N/A,DST,Bruny Island,,Yes - featured,,,
BIG4 Iluka On Freycinet Holiday Park,ACCOMM,AU0089032,Coles Bay,7215,Glamorgan Spring Bay Council,N/A,ECTT,Coles Bay,,,Yes - featured,,
Kaydale Lodge Gardens Accommodation,ACCOMM,AU0089039,Nietta,7315,Central Coast Council,N/A,WxNW,Nietta,,,,,Yes - featured
Keefers Cottage,ACCOMM,AU0089041,Swansea,7190,Glamorgan Spring Bay Council,N/A,ECTT,Swansea,,,Yes - featured,,
Kentish Hills Retreat,ACCOMM,AU0089052,Sheffield,7306,Kentish Council,N/A,WxNW,Sheffield,,,,,Yes - featured
Argosy Motor Inn,ACCOMM,AU0089070,East Devonport,7310,Devonport City Council,N/A,WxNW,East Devonport,,,,,Yes - featured
Discovery Parks - Hadspen,ACCOMM,AU0089083,Hadspen,7290,Meander Valley Council,N/A,VNT,Hadspen,Yes - featured,,,,
Argyle Motor Lodge,ACCOMM,AU0089092,North Hobart,7000,Hobart City Council,N/A,DST,North Hobart,,Yes - featured,,,
Leisure Ville Studio Cabins,ACCOMM,AU0089104,Wynyard,7325,Waratah-Wynyard Council,N/A,WxNW,Wynyard,,,,,Yes - featured
Lighthouse Hotel,ACCOMM,AU0089100,Ulverstone,7315,Central Coast Council,N/A,WxNW,Ulverstone,,,,,Yes - featured
Lenna of Hobart,ACCOMM,AU0089107,Hobart,7000,Hobart City Council,N/A,DST,Hobart,,Yes - featured,,,
The Lodge on Elizabeth,ACCOMM,AU0089115,Hobart,7000,Hobart City Council,N/A,DST,Hobart,,Yes - featured,,,
BIG4 Low Head Tourist Park,ACCOMM,AU0089114,Low Head,7253,George Town Council,N/A,VNT,Low Head,Yes - featured,,,,
Lucinda B&B,ACCOMM,AU0089121,Latrobe,7307,Latrobe Council,N/A,WxNW,Latrobe,,,,,Yes - featured
Lufra Beachside Hotel,ACCOMM,AU0089126,Eaglehawk Neck,7179,Tasman Council,N/A,DST,Eaglehawk Neck,,Yes - featured,,,
Marquis Hotel Motel,ACCOMM,AU0089141,West Hobart,7000,Hobart City Council,N/A,DST,West Hobart,,Yes - featured,,,
Meredith House And Mews,ACCOMM,AU0089145,Swansea,7190,Glamorgan Spring Bay Council,N/A,ECTT,Swansea,,,Yes - featured,,
Mayfair Motel on Cavell,ACCOMM,AU0089148,West Hobart,7000,Hobart City Council,N/A,DST,West Hobart,,Yes - featured,,,
The Mews Motel,ACCOMM,AU0089161,Launceston,7250,Launceston City Council,N/A,VNT,Launceston,Yes - featured,,,,
Discovery Parks - Mornington Hobart,ACCOMM,AU0089173,Mornington,7018,Clarence City Council,N/A,DST,Mornington,,Yes - featured,,,
Mountain View Country Inn,ACCOMM,AU0089172,Deloraine,7304,Meander Valley Council,N/A,VNT,Deloraine,Yes - featured,,,,
King Island Accommodation Cottages,ACCOMM,AU0089180,Naracoopa,7256,King Island Council,N/A,WxNW,Naracoopa,,,,,Yes - featured
New Norfolk Caravan Park,ACCOMM,AU0089183,New Norfolk,7140,Derwent Valley Council,N/A,DST,New Norfolk,,Yes - featured,,,
Neptune Grand Hotel,ACCOMM,AU0089178,Penguin,7316,Central Coast Council,N/A,WxNW,Penguin,,,,,Yes - featured
Hotel Grand Chancellor Launceston,ACCOMM,AU0089188,Launceston,7250,Launceston City Council,N/A,VNT,Launceston,Yes - featured,,,,
Country Club Villas,ACCOMM,AU0089204,Prospect Vale,7250,Meander Valley Council,N/A,VNT,Prospect Vale,Yes - featured,,,,
Burnie Ocean View Motel,ACCOMM,AU0089198,Cooee,7320,Burnie Council,N/A,WxNW,Cooee,,,,,Yes - featured
The Westbury Gingerbread Cottages,ACCOMM,AU0089199,Westbury,7303,Meander Valley Council,N/A,VNT,Westbury,Yes - featured,,,,
The Old Woolstore Apartment Hotel,ACCOMM,AU0089210,Hobart,7000,Hobart City Council,N/A,DST,Hobart,,Yes - featured,,,
Curringa Farm Accommodation,ACCOMM,AU0089216,Hamilton,7140,Central Highlands Council,N/A,DST,Hamilton,,Yes - featured,,,
Panshanger Estate,ACCOMM,AU0089215,Longford,7301,Northern Midlands Council,N/A,VNT,Longford,Yes - featured,,,,
Ormiston House,ACCOMM,AU0089214,Strahan,7468,West Coast Council,N/A,WxNW,Strahan,,,,Yes - featured,
Penghana Bed and Breakfast,ACCOMM,AU0089222,Queenstown,7467,West Coast Council,N/A,WxNW,Queenstown,,,,Yes - featured,
Pelican Sands Scamander,ACCOMM,AU0089221,Scamander,7215,Break O'Day Council,N/A,ECTT,Scamander,,,Yes - featured,,
Leisure Inn Penny Royal Hotel and Apartments,ACCOMM,AU0089238,Launceston,7250,Launceston City Council,N/A,VNT,Launceston,Yes - featured,,,,
Piners Loft,ACCOMM,AU0089246,Strahan,7468,West Coast Council,N/A,WxNW,Strahan,,,,Yes - featured,
Corinna Wilderness Village,ACCOMM,AU0089243,Corinna,7321,Circular Head Council,N/A,WxNW,Corinna,,,,,Yes - featured
Barclay Motor Inn,ACCOMM,AU0089250,Devonport,7310,Devonport City Council,N/A,WxNW,Devonport,,,,,Yes - featured
Stewarts Bay Lodge,ACCOMM,AU0089258,Port Arthur,7182,Tasman Council,N/A,DST,Port Arthur,,Yes - featured,,,
Pol and Pen Holiday Cottages,ACCOMM,AU0089253,Stanley,7331,Circular Head Council,N/A,WxNW,Stanley,,,,,Yes - featured
NRMA Port Arthur Holiday Park,ACCOMM,AU0089259,Port Arthur,7182,Tasman Council,N/A,DST,Port Arthur,,Yes - featured,,,
Port Arthur Villas,ACCOMM,AU0089257,Port Arthur,7182,Tasman Council,N/A,DST,Port Arthur,,Yes - featured,,,
Barilla Holiday Park,ACCOMM,AU0089268,Cambridge,7170,Clarence City Council,N/A,DST,Cambridge,,Yes - featured,,,
The Racecourse Inn,ACCOMM,AU0089272,Longford,7301,Northern Midlands Council,N/A,VNT,Longford,Yes - featured,,,,
Red Brier Cottage Accommodation,ACCOMM,AU0089271,Richmond,7025,Clarence City Council,N/A,DST,Richmond,,Yes - featured,,,
Queechy  Motel,ACCOMM,AU0089270,St Helens,7216,Break O'Day Council,N/A,ECTT,St Helens,,,Yes - featured,,
Longford Riverside Caravan Park,ACCOMM,AU0089283,Longford,7301,Northern Midlands Council,N/A,VNT,Longford,Yes - featured,,,,
Richmond Caravan and Cabin Park,ACCOMM,AU0089282,Richmond,7025,Clarence City Council,N/A,DST,Richmond,,Yes - featured,,,
Nightcap at Riverside Hotel,ACCOMM,AU0089286,Riverside,7250,West Tamar Council,Meander Valley Council,VNT,Riverside,Yes - featured,,,,
Richmond Barracks,ACCOMM,AU0089281,Richmond,7025,Clarence City Council,N/A,DST,Richmond,,Yes - featured,,,
Rydges Hobart,ACCOMM,AU0089298,North Hobart,7000,Hobart City Council,N/A,DST,North Hobart,,Yes - featured,,,
Mercure Launceston,ACCOMM,AU0089307,Launceston City,7250,Launceston City Council,N/A,VNT,Launceston,Yes - featured,,,,
Salamanca Inn,ACCOMM,AU0089306,Hobart,7000,Hobart City Council,N/A,DST,Hobart,,Yes - featured,,,
Sandpiper Ocean Cottages,ACCOMM,AU0089305,Douglas River,7215,Break O'Day Council,Glamorgan Spring Bay Council,ECTT,Douglas River,,,Yes - featured,,
Northeast Park and Camping Ground,ACCOMM,AU0089309,Scottsdale,7260,Dorset Council,N/A,VNT,Scottsdale,Yes - featured,,,,
Schouten House,ACCOMM,AU0089315,Swansea,7190,Glamorgan Spring Bay Council,N/A,ECTT,Swansea,,,Yes - featured,,
Shearwater Resort,ACCOMM,AU0089320,Shearwater,7307,Latrobe Council,N/A,WxNW,Shearwater,,,,,Yes - featured
Sheffield Pioneer Holiday Units,ACCOMM,AU0089316,Sheffield,7306,Kentish Council,N/A,WxNW,Sheffield,,,,,Yes - featured
Sheffield Motor Inn,ACCOMM,AU0089326,Sheffield,7306,Kentish Council,N/A,WxNW,Sheffield,,,,,Yes - featured
Silver Hills Motel,ACCOMM,AU0089331,Queenstown,7467,West Coast Council,N/A,WxNW,Queenstown,,,,Yes - featured,
Silver Ridge Retreat,ACCOMM,AU0089330,Claude Road,7306,Kentish Council,N/A,WxNW,Claude Road,,,,,Yes - featured
Snug Beach Cabin and Caravan Park,ACCOMM,AU0089339,Snug,7054,Kingborough Council,N/A,DST,Snug,,Yes - featured,,,
Bayside Hotel,ACCOMM,AU0089344,St Helens,7216,Break O'Day Council,N/A,ECTT,St Helens,,,Yes - featured,,
BIG4 Tassie Getaway Parks St Helens,ACCOMM,AU0089350,St Helens,7216,Break O'Day Council,N/A,ECTT,St Helens,,,Yes - featured,,
BIG4 Tassie Getaway Parks Stanley,ACCOMM,AU0089363,Stanley,7331,Circular Head Council,N/A,WxNW,Stanley,,,,,Yes - featured
Stanley Village,ACCOMM,AU0089364,Stanley,7331,Circular Head Council,N/A,WxNW,Stanley,,,,,Yes - featured
Stanley Seaview Inn,ACCOMM,AU0089365,Stanley,7331,Circular Head Council,N/A,WxNW,Stanley,,,,,Yes - featured
Strahan Village,ACCOMM,AU0089368,Strahan,7468,West Coast Council,N/A,WxNW,Strahan,,,,Yes - featured,
Swansea Beach Chalets,ACCOMM,AU0089371,Swansea,7190,Glamorgan Spring Bay Council,N/A,ECTT,Swansea,,,Yes - featured,,
Tall Timbers Tasmania,ACCOMM,AU0089380,Smithton,7330,Circular Head Council,N/A,WxNW,Smithton,,,,,Yes - featured
Smugglers Rest,ACCOMM,AU0089395,Dover,7117,Huon Valley Council,N/A,DST,Dover,,Yes - featured,,,
Strahan Wilderness Lodge,ACCOMM,AU0089399,Strahan,7468,West Coast Council,N/A,WxNW,Strahan,,,,Yes - featured,
Touchwood Cottages & Cafe,ACCOMM,AU0089414,Stanley,7331,Circular Head Council,N/A,WxNW,Stanley,,,,,Yes - featured
Burnie Holiday Caravan Park,ACCOMM,AU0089415,Cooee,7320,Burnie Council,N/A,WxNW,Cooee,,,,,Yes - featured
Tullah Lakeside Lodge,ACCOMM,AU0089420,Tullah,7321,West Coast Council,N/A,WxNW,Tullah,,,,Yes - featured,
BIG4 Launceston Holiday Park,ACCOMM,AU0089418,Launceston,7250,Launceston City Council,N/A,VNT,Launceston,Yes - featured,,,,
BIG4 Tassie Getaway Parks Ulverstone,ACCOMM,AU0089423,Ulverstone,7315,Central Coast Council,N/A,WxNW,Ulverstone,,,,,Yes - featured
Giants' Table and Cottages,ACCOMM,AU0089428,Maydena,7140,Derwent Valley Council,N/A,DST,Maydena,,Yes - featured,,,
Waratah Caravan and Camping Ground,ACCOMM,AU0089450,Waratah,7321,Waratah-Wynyard Council,N/A,WxNW,Waratah,,,,,Yes - featured
Wagners  Cottages,ACCOMM,AU0089449,Swansea,7190,Glamorgan Spring Bay Council,N/A,ECTT,Swansea,,,Yes - featured,,
Waldheim Cabins,ACCOMM,AU0089442,Cradle Mountain,7306,Kentish Council,West Coast Council,WxNW,Cradle Mountain,,,,Yes - featured,Yes - featured
The Waterfront Wynyard,ACCOMM,AU0089456,Wynyard,7325,Waratah-Wynyard Council,N/A,WxNW,Wynyard,,,,,Yes - featured
West Coaster Motel,ACCOMM,AU0089464,Queenstown,7467,West Coast Council,N/A,WxNW,Queenstown,,,,Yes - featured,
White Beach Tourist Park,ACCOMM,AU0089475,White Beach,7184,Tasman Council,N/A,DST,White Beach,,Yes - featured,,,
Whispering Spirit Holiday Cottages and Miniature Pony Stud,ACCOMM,AU0089473,Franklin,7113,Huon Valley Council,N/A,DST,Franklin,,Yes - featured,,,
Wintersun Gardens Motel,ACCOMM,AU0089482,Bicheno,7215,Glamorgan Spring Bay Council,N/A,ECTT,Bicheno,,,Yes - featured,,
Wing's Wildlife Park (Accommodation),ACCOMM,AU0089480,Gunns Plains,7315,Central Coast Council,N/A,WxNW,Gunns Plains,,,,,Yes - featured
Woolmers Estate Accommodation,ACCOMM,AU0089491,Longford,7301,Northern Midlands Council,N/A,VNT,Longford,Yes - featured,,,,
Apartments At York Mansions,ACCOMM,AU0089500,Launceston City,7250,Launceston City Council,N/A,VNT,Launceston,Yes - featured,,,,
Waratah Courthouse Museum,ATTRACTION,AU0089492,Waratah,7321,Waratah-Wynyard Council,N/A,WxNW,Waratah,,,,,Yes - featured
Tasmanian Wool Centre,ATTRACTION,AU0089503,Ross,7209,Northern Midlands Council,N/A,VNT,Ross,Yes - featured,,,,
Yarns Artwork in Silk,ATTRACTION,AU0089502,Deloraine,7304,Meander Valley Council,N/A,VNT,Deloraine,Yes - featured,,,,
Bonorong Wildlife Sanctuary,ATTRACTION,AU0089505,Brighton,7030,Brighton Council,N/A,DST,Brighton,,Yes - featured,,,
Trowunna Wildlife Sanctuary,ATTRACTION,AU0089510,Mole Creek,7304,Meander Valley Council,N/A,VNT,Mole Creek,Yes - featured,,,,
Hotel Bruny,ACCOMM,AU0089536,Alonnah,7150,Kingborough Council,N/A,DST,Alonnah,,Yes - featured,,,
Branxholm Park and Camping Area,ACCOMM,AU0089548,Branxholm,7261,Dorset Council,N/A,VNT,Branxholm,Yes - featured,,,,
Alexander Hotel,ACCOMM,AU0089542,Devonport,7310,Devonport City Council,N/A,WxNW,Devonport,,,,,Yes - featured
Banksia - Port Sorell,ACCOMM,AU0089555,Port Sorell,7307,Latrobe Council,N/A,WxNW,Port Sorell,,,,,Yes - featured
Waldheim Alpine Spa - Cradle Mountain Lodge,ATTRACTION,AU0089551,Cradle Mountain,7306,Kentish Council,West Coast Council,WxNW,Cradle Mountain,,,,Yes - featured,Yes - featured
Seabrook Hotel Motel,ACCOMM,AU0089610,Somerset,7322,Waratah-Wynyard Council,N/A,WxNW,Somerset,,,,,Yes - featured
Somerset Hotel,ACCOMM,AU0089612,Somerset,7322,Waratah-Wynyard Council,N/A,WxNW,Somerset,,,,,Yes - featured
Olive's Cottage,ACCOMM,AU0089661,Windermere,7252,Launceston City Council,N/A,VNT,Windermere,Yes - featured,,,,
Jansz Tasmania,RESTAURANT,AU0089652,Pipers Brook,7254,George Town Council,N/A,VNT,Pipers Brook,Yes - featured,,,,
Lumera Eco  Chalets,ACCOMM,AU0089655,St Marys,7215,Break O'Day Council,N/A,ECTT,St Marys,,,Yes - featured,,
AutoRent (Hobart Airport),HIRE,AU0089677,Cambridge,7170,Clarence City Council,N/A,DST,Cambridge,,Yes - featured,,,
Cockle Creek,DESTINFO,AU0089680,Cockle Creek,7109,Huon Valley Council,N/A,DST,Cockle Creek,,Yes - featured,,,
Richmond,DESTINFO,AU0089681,Richmond,7025,Clarence City Council,N/A,DST,Richmond,,Yes - featured,,,
Stanley,DESTINFO,AU0089693,Stanley,7331,Circular Head Council,N/A,WxNW,Stanley,,,,,Yes - featured
Edward 'Teddy' Sheean Memorial and Sheean Walk,ATTRACTION,AU0089720,Latrobe,7307,Latrobe Council,N/A,WxNW,Latrobe,,,,,Yes - featured
Bicheno,DESTINFO,AU0089709,Bicheno,7215,Glamorgan Spring Bay Council,N/A,ECTT,Bicheno,,,Yes - featured,,
Bells Parade Reserve,ATTRACTION,AU0089708,Latrobe,7307,Latrobe Council,N/A,WxNW,Latrobe,,,,,Yes - featured
Bruny Island Retreat,ACCOMM,AU0089715,Adventure Bay,7150,Kingborough Council,N/A,DST,Adventure Bay,,Yes - featured,,,
Cradle Mountain,DESTINFO,AU0089730,Cradle Valley,7306,Kentish Council,West Coast Council,WxNW,Cradle Valley,,,,Yes - featured,Yes - featured
Coles Bay,DESTINFO,AU0089733,Coles Bay,7215,Glamorgan Spring Bay Council,N/A,ECTT,Coles Bay,,,Yes - featured,,
"Corinna, Tasmania",DESTINFO,AU0089724,Corinna,7321,Circular Head Council,N/A,WxNW,Corinna,,,,,Yes - featured
Bruny Island,DESTINFO,AU0089729,Bruny Island,7150,Kingborough Council,N/A,DST,Bruny Island,,Yes - featured,,,
"Burnie, Tasmania",DESTINFO,AU0089723,Burnie,7320,Burnie Council,N/A,WxNW,Burnie,,,,,Yes - featured
Geeveston,DESTINFO,AU0089740,Geeveston,7116,Huon Valley Council,N/A,DST,Geeveston,,Yes - featured,,,
Flinders Island,DESTINFO,AU0089750,Flinders Island,7255,Flinders Council,N/A,VNT,Flinders Island,Yes - featured,,,,
"Devonport, Tasmania",DESTINFO,AU0089738,Devonport,7310,Devonport City Council,N/A,WxNW,Devonport,,,,,Yes - featured
Greens Beach,DESTINFO,AU0089747,Greens Beach,7270,West Tamar Council,N/A,VNT,Greens Beach,Yes - featured,,,,
Derwent Bridge,DESTINFO,AU0089739,Derwent Bridge,7140,Central Highlands Council,N/A,DST,Derwent Bridge,,Yes - featured,,,
Launceston,DESTINFO,AU0089758,Launceston,7250,Launceston City Council,N/A,VNT,Launceston,Yes - featured,,,,
Huonville,DESTINFO,AU0089763,Huonville,7109,Huon Valley Council,N/A,DST,Huonville,,Yes - featured,,,
"King Island, Tasmania",DESTINFO,AU0089756,King Island,7256,King Island Council,N/A,WxNW,King Island,,,,,Yes - featured
Hobart,DESTINFO,AU0089757,Hobart,7000,Hobart City Council,N/A,DST,Hobart,,Yes - featured,,,
Oatlands,DESTINFO,AU0089772,Oatlands,7120,Southern Midlands Council,N/A,DST,Oatlands,,Yes - featured,,,
Low Head,DESTINFO,AU0089768,Low Head,7253,George Town Council,N/A,VNT,Low Head,Yes - featured,,,,
Miena,DESTINFO,AU0089769,Miena,7030,Central Highlands Council,N/A,DST,Miena,,Yes - featured,,,
Cape Grim,DESTINFO,AU0089784,Cape Grim,7330,Circular Head Council,N/A,WxNW,Cape Grim,,,,,Yes - featured
Port Arthur,DESTINFO,AU0089793,Port Arthur,7182,Tasman Council,N/A,DST,Port Arthur,,Yes - featured,,,
Strathgordon,DESTINFO,AU0089787,Strathgordon,7139,Derwent Valley Council,N/A,DST,Strathgordon,,Yes - featured,,,
"Strahan, Tasmania",DESTINFO,AU0089783,Strahan,7468,West Coast Council,N/A,WxNW,Strahan,,,,Yes - featured,
Maria Island,DESTINFO,AU0089780,Maria Island,7190,Glamorgan Spring Bay Council,N/A,ECTT,Maria Island,,,Yes - featured,,
Deloraine,DESTINFO,AU0089803,Deloraine,7304,Meander Valley Council,N/A,VNT,Deloraine,Yes - featured,,,,
Dove Lake - Great Short Walk,ATTRACTION,AU0089806,Cradle Mountain,7306,Kentish Council,West Coast Council,WxNW,Cradle Mountain,,,,Yes - featured,Yes - featured
Donaghys Hill - Great Short Walk,ATTRACTION,AU0089798,Queenstown,7467,West Coast Council,N/A,WxNW,Queenstown,,,,Yes - featured,
Friendly Beaches,DESTINFO,AU0089815,Coles Bay,7215,Glamorgan Spring Bay Council,N/A,ECTT,Coles Bay,,,Yes - featured,,
Evandale,DESTINFO,AU0089810,Evandale,7212,Northern Midlands Council,N/A,VNT,Evandale,Yes - featured,,,,
"Latrobe, Tasmania",DESTINFO,AU0089823,Latrobe,7307,Latrobe Council,N/A,WxNW,Latrobe,,,,,Yes - featured
Huon D'Entrecasteaux Bruny,DESTINFO,AU0089829,Kettering,7155,Kingborough Council,N/A,DST,Kettering,,Yes - featured,,,
Southern Trove,DESTINFO,AU0089830,Huonville,7109,Huon Valley Council,N/A,DST,Huonville,,Yes - featured,,,
Great Western Tiers Tourist Route,DESTINFO,AU0089822,Mole Creek,7304,Meander Valley Council,N/A,VNT,Mole Creek,Yes - featured,,,,
Hogarth Falls - Great Short Walk,ATTRACTION,AU0089824,Strahan,7468,West Coast Council,N/A,WxNW,Strahan,,,,Yes - featured,
Longford,DESTINFO,AU0089833,Longford,7301,Northern Midlands Council,N/A,VNT,Longford,Yes - featured,,,,
Marrawah,DESTINFO,AU0089841,Marrawah,7330,Circular Head Council,N/A,WxNW,Marrawah,,,,,Yes - featured
kunanyi / Mt Wellington,DESTINFO,AU0089832,Fern Tree,7054,Hobart City Council,N/A,DST,Fern Tree,,Yes - featured,,,
Sheffield,DESTINFO,AU0089845,Sheffield,7306,Kentish Council,N/A,WxNW,Sheffield,,,,,Yes - featured
Tamar Valley Touring Route,DESTINFO,AU0089854,Kayena,7270,West Tamar Council,N/A,VNT,Kayena,Yes - featured,,,,
Barnbougle Dunes,ATTRACTION,AU0089860,Bridport,7262,Dorset Council,N/A,VNT,Bridport,Yes - featured,,,,
Convict Trail,DESTINFO,AU0089858,Port Arthur,7182,Tasman Council,N/A,DST,Port Arthur,,Yes - featured,,,
Riverview at Ross,ACCOMM,AU0089868,Ross,7209,Northern Midlands Council,N/A,VNT,Ross,Yes - featured,,,,
Ross,DESTINFO,AU0089861,Ross,7209,Northern Midlands Council,N/A,VNT,Ross,Yes - featured,,,,
Freycinet Resort,ACCOMM,AU0089876,Coles Bay,7215,Glamorgan Spring Bay Council,N/A,ECTT,Coles Bay,,,Yes - featured,,
The Charles Robbins Serviced Apartments,ACCOMM,AU0089867,George Town,7253,George Town Council,N/A,VNT,George Town,Yes - featured,,,,
41 Degrees South Tasmania and Georgie's Cafe,RESTAURANT,AU0089891,Red Hills,7304,Meander Valley Council,N/A,VNT,Red Hills,Yes - featured,,,,
Sculpture Trail - Great Western Tiers,ATTRACTION,AU0089882,Deloraine,7304,Meander Valley Council,N/A,VNT,Deloraine,Yes - featured,,,,
Art Farm Birchs Bay  & The Venue at Five Bob Farm,RESTAURANT,AU0089913,Birchs Bay,7162,Kingborough Council,N/A,DST,Birchs Bay,,Yes - featured,,,
The Wall in the Wilderness,ATTRACTION,AU0089927,Derwent Bridge,7140,Central Highlands Council,N/A,DST,Derwent Bridge,,Yes - featured,,,
The Woodbridge Tasmania,ACCOMM,AU0089936,New Norfolk,7140,Derwent Valley Council,N/A,DST,New Norfolk,,Yes - featured,,,
Classwood,ATTRACTION,AU0089964,Ross,7209,Northern Midlands Council,N/A,VNT,Ross,Yes - featured,,,,
Chinese Tours Tasmania,TOUR,AU0089961,Hobart,7000,Hobart City Council,N/A,DST,Hobart,,Yes - featured,,,
The Sebel Launceston,ACCOMM,AU0089977,Launceston,7250,Launceston City Council,N/A,VNT,Launceston,Yes - featured,,,,
Barnbougle Dunes Golf Links Accommodation,ACCOMM,AU0089970,Bridport,7262,Dorset Council,N/A,VNT,Bridport,Yes - featured,,,,
Avalon Coastal Retreat,ACCOMM,AU0089987,Rocky Hills,7190,Glamorgan Spring Bay Council,N/A,ECTT,Rocky Hills,,,Yes - featured,,
Oyster Cove Chalet,ACCOMM,AU0089999,Oyster Cove,7150,Kingborough Council,Huon Valley Council,DST,Oyster Cove,,Yes - featured,,,
The Shingles Riverside Cottages,ACCOMM,AU0090007,New Norfolk,7140,Derwent Valley Council,N/A,DST,New Norfolk,,Yes - featured,,,
Battery Point,DESTINFO,AU0090015,Battery Point,7004,Hobart City Council,N/A,DST,Battery Point,,Yes - featured,,,
Walton House,ACCOMM,AU0090028,Huonville,7109,Huon Valley Council,N/A,DST,Huonville,,Yes - featured,,,
Rod and Fly Tasmania,TOUR,AU0090037,Mountain River,7109,Huon Valley Council,N/A,DST,Mountain River,,Yes - featured,,,
North - North East,DESTINFO,AU0090044,Bridport,7262,Dorset Council,N/A,VNT,Bridport,Yes - featured,,,,
South,DESTINFO,AU0090055,Hobart,7000,Hobart City Council,N/A,DST,Hobart,,Yes - featured,,,
Greater Hobart,DESTINFO,AU0090058,Hobart,7000,Hobart City Council,N/A,DST,Hobart,,Yes - featured,,,
"West Coast, Tasmania",DESTINFO,AU0090081,Strahan,7468,West Coast Council,N/A,WxNW,Strahan,,,,Yes - featured,
Port Arthur and Tasman,DESTINFO,AU0090075,Nubeena,7184,Tasman Council,N/A,DST,Nubeena,,Yes - featured,,,
Glenorchy,DESTINFO,AU0090069,Glenorchy,7010,Glenorchy Council,N/A,DST,Glenorchy,,Yes - featured,,,
Werndee Accommodation,ACCOMM,AU0090078,Hobart,7000,Hobart City Council,N/A,DST,Hobart,,Yes - featured,,,
Ransley Veteran Car Collection & Exhibition Centre,ATTRACTION,AU0090082,Wynyard,7325,Waratah-Wynyard Council,N/A,WxNW,Wynyard,,,,,Yes - featured
Crabtree River Cottages,ACCOMM,AU0090091,Grove,7109,Huon Valley Council,N/A,DST,Grove,,Yes - featured,,,
Latrobe Mersey River Caravan Park,ACCOMM,AU0090103,Latrobe,7307,Latrobe Council,N/A,WxNW,Latrobe,,,,,Yes - featured
Cedar Cottages Blackmans Bay,ACCOMM,AU0090098,Blackmans Bay,7052,Kingborough Council,N/A,DST,Blackmans Bay,,Yes - featured,,,
Marsden Court Apartments & Sharonlee Villas,ACCOMM,AU0090119,Strahan,7468,West Coast Council,N/A,WxNW,Strahan,,,,Yes - featured,
Devils@Cradle,ATTRACTION,AU0090112,Cradle Mountain,7306,Kentish Council,West Coast Council,WxNW,Cradle Mountain,,,,Yes - featured,Yes - featured
Legerwood Carved Memorial Trees,ATTRACTION,AU0090128,Legerwood,7263,Dorset Council,N/A,VNT,Legerwood,Yes - featured,,,,
Devonport Visitor Centre,INFO,AU0090144,Devonport,7310,Devonport City Council,N/A,WxNW,Devonport,,,,,Yes - featured
Tasmanian Travel and Information Centre Hobart,INFO,AU0090154,Hobart,7000,Hobart City Council,N/A,DST,Hobart,,Yes - featured,,,
Great Western Tiers Visitor Centre,INFO,AU0090143,Deloraine,7304,Meander Valley Council,N/A,VNT,Deloraine,Yes - featured,,,,
Launceston Visitor Information Centre,INFO,AU0090163,Launceston,7250,Launceston City Council,N/A,VNT,Launceston,Yes - featured,,,,
Tamar Visitor Centre,INFO,AU0090158,Exeter,7275,West Tamar Council,N/A,VNT,Exeter,Yes - featured,,,,
George Town Visitor Information Centre,INFO,AU0090169,George Town,7253,George Town Council,N/A,VNT,George Town,Yes - featured,,,,
Wonders of Wynyard Exhibition and Visitor Information Centre,INFO,AU0090157,Wynyard,7325,Waratah-Wynyard Council,N/A,WxNW,Wynyard,,,,,Yes - featured
Tahune Adventures - Eagle Hang Gliding,TOUR,AU0090172,Geeveston,7116,Huon Valley Council,N/A,DST,Geeveston,,Yes - featured,,,
Strahan Bungalows,ACCOMM,AU0090184,Strahan,7468,West Coast Council,N/A,WxNW,Strahan,,,,Yes - featured,
West Coast Wilderness Railway,TOUR,AU0090179,Queenstown,7467,West Coast Council,N/A,WxNW,Queenstown,,,,Yes - featured,
Tarraleah Estate,ACCOMM,AU0090191,Tarraleah,7140,Central Highlands Council,N/A,DST,Tarraleah,,Yes - featured,,,
Mandala Bruny Island - 4 Bedroom Holiday Rental,ACCOMM,AU0090192,Alonnah,7150,Kingborough Council,N/A,DST,Alonnah,,Yes - featured,,,
Stanley Visitor Centre,INFO,AU0090188,Stanley,7331,Circular Head Council,N/A,WxNW,Stanley,,,,,Yes - featured
West Coast Visitor Information and Booking Centre,INFO,AU0090207,Strahan,7468,West Coast Council,N/A,WxNW,Strahan,,,,Yes - featured,
Sheffield Visitor Information Centre,INFO,AU0090202,Sheffield,7306,Kentish Council,N/A,WxNW,Sheffield,,,,,Yes - featured
Scottsdale Visitor Information Centre,INFO,AU0090205,Scottsdale,7260,Dorset Council,N/A,VNT,Scottsdale,Yes - featured,,,,
"Ulverstone, Tasmania",DESTINFO,AU0090223,Ulverstone,7315,Central Coast Council,N/A,WxNW,Ulverstone,,,,,Yes - featured
St Helens,DESTINFO,AU0090217,St Helens,7216,Break O'Day Council,N/A,ECTT,St Helens,,,Yes - featured,,
New Norfolk,DESTINFO,AU0090229,New Norfolk,7140,Derwent Valley Council,N/A,DST,New Norfolk,,Yes - featured,,,
Wynyard,DESTINFO,AU0090232,Wynyard,7325,Waratah-Wynyard Council,N/A,WxNW,Wynyard,,,,,Yes - featured
Queenstown,DESTINFO,AU0090234,Queenstown,7467,West Coast Council,N/A,WxNW,Queenstown,,,,Yes - featured,
Swansea,DESTINFO,AU0090241,Swansea,7190,Glamorgan Spring Bay Council,N/A,ECTT,Swansea,,,Yes - featured,,
South East Charters,TOUR,AU0090242,Sorell,7172,Sorell Council,N/A,DST,Sorell,,Yes - featured,,,
"Port Sorell, Tasmania",DESTINFO,AU0090257,Port Sorell,7307,Latrobe Council,N/A,WxNW,Port Sorell,,,,,Yes - featured
Bothwell,DESTINFO,AU0090248,Bothwell,7030,Central Highlands Council,N/A,DST,Bothwell,,Yes - featured,,,
Hamilton,DESTINFO,AU0090247,Hamilton,7140,Central Highlands Council,N/A,DST,Hamilton,,Yes - featured,,,
Scottsdale,DESTINFO,AU0090250,Scottsdale,7260,Dorset Council,N/A,VNT,Scottsdale,Yes - featured,,,,
Westbury,DESTINFO,AU0090249,Westbury,7303,Meander Valley Council,N/A,VNT,Westbury,Yes - featured,,,,
"Zeehan, Tasmania",DESTINFO,AU0090268,Zeehan,7469,West Coast Council,N/A,WxNW,Zeehan,,,,Yes - featured,
Kempton,DESTINFO,AU0090263,Kempton,7030,Southern Midlands Council,N/A,DST,Kempton,,Yes - featured,,,
Campbell Town,DESTINFO,AU0090264,Campbell Town,7210,Northern Midlands Council,N/A,VNT,Campbell Town,Yes - featured,,,,
Beaconsfield,DESTINFO,AU0090260,Beaconsfield,7270,West Tamar Council,N/A,VNT,Beaconsfield,Yes - featured,,,,
Kinetic Tasmania,TOUR,AU0090278,Hobart,7000,Hobart City Council,N/A,DST,Hobart,,Yes - featured,,,
Boat Harbour,DESTINFO,AU0090312,Boat Harbour Beach,7321,Waratah-Wynyard Council,N/A,WxNW,Boat Harbour Beach,,,,,Yes - featured
Currie,DESTINFO,AU0090319,Currie,7256,King Island Council,N/A,WxNW,Currie,,,,,Yes - featured
Penguin,DESTINFO,AU0090313,Penguin,7316,Central Coast Council,N/A,WxNW,Penguin,,,,,Yes - featured
Eaglehawk Neck,DESTINFO,AU0090334,Eaglehawk Neck,7179,Tasman Council,N/A,DST,Eaglehawk Neck,,Yes - featured,,,
Mole Creek,DESTINFO,AU0090327,Mole Creek,7304,Meander Valley Council,N/A,VNT,Mole Creek,Yes - featured,,,,
Bridport,DESTINFO,AU0090328,Bridport,7262,Dorset Council,N/A,VNT,Bridport,Yes - featured,,,,
Enterprise Rent-A-Car - Launceston Airport,HIRE,AU0090340,Western Junction,7212,Northern Midlands Council,N/A,VNT,Western Junction,Yes - featured,,,,
St Helens Visitor Information Centre & History Room,INFO,AU0090367,St Helens,7216,Break O'Day Council,N/A,ECTT,St Helens,,,Yes - featured,,
St Helens on the Bay,ACCOMM,AU0090358,St Helens,7216,Break O'Day Council,N/A,ECTT,St Helens,,,Yes - featured,,
Derby,DESTINFO,AU0090379,Derby,7264,Dorset Council,N/A,VNT,Derby,Yes - featured,,,,
"Rosebery, Tasmania",DESTINFO,AU0090372,Rosebery,7470,West Coast Council,N/A,WxNW,Rosebery,,,,Yes - featured,
"Tullah, Tasmania",DESTINFO,AU0090382,Tullah,7321,West Coast Council,N/A,WxNW,Tullah,,,,Yes - featured,
Perth,DESTINFO,AU0090370,Perth,7300,Northern Midlands Council,N/A,VNT,Perth,Yes - featured,,,,
Pontville,DESTINFO,AU0090371,Pontville,7030,Brighton Council,N/A,DST,Pontville,,Yes - featured,,,
Doo Town,DESTINFO,AU0090391,Doo Town,7179,Tasman Council,N/A,DST,Doo Town,,Yes - featured,,,
VÃ©lo Wines,RESTAURANT,AU0090412,Legana,7277,West Tamar Council,N/A,VNT,Legana,Yes - featured,,,,
Horizon Deluxe Apartments,ACCOMM,AU0090418,Stanley,7331,Circular Head Council,N/A,WxNW,Stanley,,,,,Yes - featured
Bargain Car Rentals (Launceston),HIRE,AU0090421,Western Junction,7212,Northern Midlands Council,N/A,VNT,Western Junction,Yes - featured,,,,
Keen Angler Charters,TOUR,AU0090415,St Helens,7216,Break O'Day Council,N/A,ECTT,St Helens,,,Yes - featured,,
Hellyers Road Distillery,RESTAURANT,AU0090430,Havenview,7320,Burnie Council,N/A,WxNW,Havenview,,,,,Yes - featured
Cradle Mountain Visitor Information Centre,INFO,AU0090455,Cradle Mountain,7306,Kentish Council,West Coast Council,WxNW,Cradle Mountain,,,,Yes - featured,Yes - featured
Waterside Accommodation - Derwent Retreat,ACCOMM,AU0090459,Austins Ferry,7011,Glenorchy Council,N/A,DST,Austins Ferry,,Yes - featured,,,
Ivy On Glenelg,ACCOMM,AU0090462,Campbell Town,7210,Northern Midlands Council,N/A,VNT,Campbell Town,Yes - featured,,,,
Cradle Mountain Wilderness Gallery,ATTRACTION,AU0090467,Cradle Mountain,7306,Kentish Council,West Coast Council,WxNW,Cradle Mountain,,,,Yes - featured,Yes - featured
Ellie's Studio Apartment,ACCOMM,AU0090478,Stanley,7331,Circular Head Council,N/A,WxNW,Stanley,,,,,Yes - featured
Waterview Gardens B&B,ACCOMM,AU0090475,Margate,7054,Kingborough Council,Huon Valley Council,DST,Margate,,Yes - featured,,,
Ellie's Spa Cottage,ACCOMM,AU0090485,Stanley,7331,Circular Head Council,N/A,WxNW,Stanley,,,,,Yes - featured
Europcar Hobart Airport,HIRE,AU0090474,Cambridge,7170,Clarence City Council,N/A,DST,Cambridge,,Yes - featured,,,
Europcar Devonport Ferry,HIRE,AU0090488,East Devonport,7310,Devonport City Council,N/A,WxNW,East Devonport,,,,,Yes - featured
Europcar Devonport Airport,HIRE,AU0090500,Devonport,7310,Devonport City Council,N/A,WxNW,Devonport,,,,,Yes - featured
Europcar Burnie-Wynyard Airport,HIRE,AU0090489,Wynyard,7325,Waratah-Wynyard Council,N/A,WxNW,Wynyard,,,,,Yes - featured
Europcar Launceston Airport,HIRE,AU0090490,Western Junction,7212,Northern Midlands Council,N/A,VNT,Western Junction,Yes - featured,,,,
Salamanca Arts Centre,ATTRACTION,AU0090504,Hobart,7000,Hobart City Council,N/A,DST,Hobart,,Yes - featured,,,
Velo Tours Australia,TOUR,AU0090542,Devonport,7310,Devonport City Council,N/A,WxNW,Devonport,,,,,Yes - featured
Motel Strahan,ACCOMM,AU0090539,Strahan,7468,West Coast Council,N/A,WxNW,Strahan,,,,Yes - featured,
Tarraleah Lodge,ACCOMM,AU0090551,Tarraleah,7140,Central Highlands Council,N/A,DST,Tarraleah,,Yes - featured,,,
Highland Caravan Park,ACCOMM,AU0090553,Tarraleah,7140,Central Highlands Council,N/A,DST,Tarraleah,,Yes - featured,,,
The Drill Hall Emporium,ATTRACTION,AU0090560,New Norfolk,7140,Derwent Valley Council,N/A,DST,New Norfolk,,Yes - featured,,,
The Wooden Boat Centre - Tasmania,ATTRACTION,AU0090586,Franklin,7113,Huon Valley Council,N/A,DST,Franklin,,Yes - featured,,,
St Marys,DESTINFO,AU0090591,St Marys,7215,Break O'Day Council,N/A,ECTT,St Marys,,,Yes - featured,,
Mountain Bike Guides Tasmania,TOUR,AU0090600,Launceston,7250,Launceston City Council,N/A,VNT,Launceston,Yes - featured,,,,
Triabunna,DESTINFO,AU0090592,Triabunna,7190,Glamorgan Spring Bay Council,N/A,ECTT,Triabunna,,,Yes - featured,,
Orford,DESTINFO,AU0090603,Orford,7190,Glamorgan Spring Bay Council,N/A,ECTT,Orford,,,Yes - featured,,
Dover,DESTINFO,AU0090593,Dover,7117,Huon Valley Council,N/A,DST,Dover,,Yes - featured,,,
George Town,DESTINFO,AU0090608,George Town,7253,George Town Council,N/A,VNT,George Town,Yes - featured,,,,
Taranna,DESTINFO,AU0090607,Taranna,7180,Tasman Council,N/A,DST,Taranna,,Yes - featured,,,
Whitemark,DESTINFO,AU0090615,Whitemark,7255,Flinders Council,N/A,VNT,Whitemark,Yes - featured,,,,
Dunalley,DESTINFO,AU0090606,Dunalley,7177,Sorell Council,N/A,DST,Dunalley,,Yes - featured,,,
Tarraleah,DESTINFO,AU0090621,Tarraleah,7140,Central Highlands Council,N/A,DST,Tarraleah,,Yes - featured,,,
Woodbridge,DESTINFO,AU0090618,Woodbridge,7162,Kingborough Council,N/A,DST,Woodbridge,,Yes - featured,,,
Small Wonder Wines,RESTAURANT,AU0090697,Kayena,7270,West Tamar Council,N/A,VNT,Kayena,Yes - featured,,,,
Hobart Yachts,TOUR,AU0090715,Hobart,7000,Hobart City Council,N/A,DST,Hobart,,Yes - featured,,,
Apple Isle Wine Tours,TOUR,AU0090712,Battery Point,7004,Hobart City Council,N/A,DST,Battery Point,,Yes - featured,,,
Roxburgh House Apartments,ACCOMM,AU0090707,Hobart,7000,Hobart City Council,N/A,DST,Hobart,,Yes - featured,,,
Sorell,DESTINFO,AU0090721,Sorell,7172,Sorell Council,N/A,DST,Sorell,,Yes - featured,,,
The Beach Apartments,ACCOMM,AU0090735,Blackmans Bay,7052,Kingborough Council,N/A,DST,Blackmans Bay,,Yes - featured,,,
Treetops Adventure Hollybank,TOUR,AU0090744,Underwood,7268,Launceston City Council,N/A,VNT,Underwood,Yes - featured,,,,
Tasman Island Cruises - Pennicott Wilderness Journeys,TOUR,AU0090756,Port Arthur,7182,Tasman Council,N/A,DST,Port Arthur,,Yes - featured,,,
Sullivans Cove Apartments - Harbourside,ACCOMM,AU0090749,Hobart,7000,Hobart City Council,N/A,DST,Hobart,,Yes - featured,,,
Waratah,DESTINFO,AU0090763,Waratah,7321,Waratah-Wynyard Council,N/A,WxNW,Waratah,,,,,Yes - featured
Ironhouse Tasmania - Brewery and Distillery,RESTAURANT,AU0090772,Four Mile Creek,7215,Break O'Day Council,N/A,ECTT,Four Mile Creek,,,Yes - featured,,
Launceston Airport,INFO,AU0090762,Western Junction,7212,Northern Midlands Council,N/A,VNT,Western Junction,Yes - featured,,,,
King Island Airport,INFO,AU0090775,Loorana,7256,King Island Council,N/A,WxNW,Loorana,,,,,Yes - featured
Port Huon Cottages,ACCOMM,AU0090809,Port Huon,7116,Huon Valley Council,N/A,DST,Port Huon,,Yes - featured,,,
Simon Martin Whips & Leathercraft,ATTRACTION,AU0090821,Spreyton,7310,Devonport City Council,N/A,WxNW,Spreyton,,,,,Yes - featured
Ben Lomond Snow Sports,HIRE,AU0090823,Blessington,7212,Launceston City Council,Northern Midlands Council,VNT,Blessington,Yes - featured,,,,
Tamar Island Wetlands Centre and Reserve,ATTRACTION,AU0090837,Riverside,7250,West Tamar Council,Meander Valley Council,VNT,Riverside,Yes - featured,,,,
The Winged House,ACCOMM,AU0090852,Table Cape,7325,Waratah-Wynyard Council,N/A,WxNW,Table Cape,,,,,Yes - featured
East Coast Tasmania,DESTINFO,AU0090867,Bicheno,7215,Glamorgan Spring Bay Council,N/A,ECTT,Bicheno,,,Yes - featured,,
Hobart and Surrounds,DESTINFO,AU0090870,Hobart,7000,Hobart City Council,N/A,DST,Hobart,,Yes - featured,,,
Franklin Nature Trail - Great Short Walk,ATTRACTION,AU0090902,Derwent Bridge,7140,Central Highlands Council,N/A,DST,Derwent Bridge,,Yes - featured,,,
Kaydale Lodge Gardens,ATTRACTION,AU0090917,Nietta,7315,Central Coast Council,N/A,WxNW,Nietta,,,,,Yes - featured
Sullivans Cove Apartments - IXL Apartments,ACCOMM,AU0090936,Hobart,7000,Hobart City Council,N/A,DST,Hobart,,Yes - featured,,,
Sullivans Cove Apartments - Dockside Salamanca,ACCOMM,AU0090939,Battery Point,7004,Hobart City Council,N/A,DST,Battery Point,,Yes - featured,,,
Apollo Motorhome Holidays - Hobart,HIRE,AU0090952,Cambridge,7170,Clarence City Council,N/A,DST,Cambridge,,Yes - featured,,,
Pedal Buggies Tasmania (Hire),HIRE,AU0090945,Ulverstone,7315,Central Coast Council,N/A,WxNW,Ulverstone,,,,,Yes - featured
Black Rock Retreat,ACCOMM,AU0090966,Heybridge,7316,Central Coast Council,Burnie Council,WxNW,Heybridge,,,,,Yes - featured
Tin Dragon Trail Cottages,ACCOMM,AU0090967,Branxholm,7261,Dorset Council,N/A,VNT,Branxholm,Yes - featured,,,,
Enterprise Rent-A-Car - Hobart Airport,HIRE,AU0090990,Cambridge,7170,Clarence City Council,N/A,DST,Cambridge,,Yes - featured,,,
Travelodge Hotel Hobart Airport,ACCOMM,AU0091012,Cambridge,7170,Clarence City Council,N/A,DST,Cambridge,,Yes - featured,,,
The Boat House,ACCOMM,AU0091028,Dover,7117,Huon Valley Council,N/A,DST,Dover,,Yes - featured,,,
Kermandie,ACCOMM,AU0091023,Port Huon,7116,Huon Valley Council,N/A,DST,Port Huon,,Yes - featured,,,
Bay Retreat Port Arthur,ACCOMM,AU0091047,Port Arthur,7182,Tasman Council,N/A,DST,Port Arthur,,Yes - featured,,,
"At Eleven, La Petite Maison",ACCOMM,AU0091059,Sandy Bay,7005,Hobart City Council,N/A,DST,Sandy Bay,,Yes - featured,,,
Leven River Cruises,TOUR,AU0091066,West Ulverstone,7315,Central Coast Council,N/A,WxNW,West Ulverstone,,,,,Yes - featured
Junction Motel,ACCOMM,AU0091088,New Norfolk,7140,Derwent Valley Council,N/A,DST,New Norfolk,,Yes - featured,,,
Freycinet Haven,ACCOMM,AU0091099,Coles Bay,7215,Glamorgan Spring Bay Council,N/A,ECTT,Coles Bay,,,Yes - featured,,
Sisters Beach House,ACCOMM,AU0091090,Sisters Beach,7321,Waratah-Wynyard Council,N/A,WxNW,Sisters Beach,,,,,Yes - featured
Tarkine Wilderness Lodge,ACCOMM,AU0091107,Meunna,7325,Waratah-Wynyard Council,N/A,WxNW,Meunna,,,,,Yes - featured
Latrobe Visitor Information Centre,INFO,AU0091114,Latrobe,7307,Latrobe Council,N/A,WxNW,Latrobe,,,,,Yes - featured
Forest Walks Lodge - Eco Accommodation,ACCOMM,AU0091124,Jackeys Marsh,7304,Meander Valley Council,N/A,VNT,Jackeys Marsh,Yes - featured,,,,
Echidna on Bruny,ACCOMM,AU0091140,North Bruny,7150,Kingborough Council,N/A,DST,North Bruny,,Yes - featured,,,
Tasmania On Tour,TOUR,AU0091154,Sisters Beach,7321,Waratah-Wynyard Council,N/A,WxNW,Sisters Beach,,,,,Yes - featured
Island Eden,ACCOMM,AU0091196,Triabunna,7190,Glamorgan Spring Bay Council,N/A,ECTT,Triabunna,,,Yes - featured,,
Mantra Collins Hotel,ACCOMM,AU0091200,Hobart,7000,Hobart City Council,N/A,DST,Hobart,,Yes - featured,,,
The Watch House,ATTRACTION,AU0091222,George Town,7253,George Town Council,N/A,VNT,George Town,Yes - featured,,,,
Harmony Harvest Wellness Sanctuary,ATTRACTION,AU0091236,Margate,7054,Kingborough Council,Huon Valley Council,DST,Margate,,Yes - featured,,,
Eagle Peaks at Freycinet,ACCOMM,AU0091239,Coles Bay,7215,Glamorgan Spring Bay Council,N/A,ECTT,Coles Bay,,,Yes - featured,,
Mantra Charles Hotel,ACCOMM,AU0091298,Launceston,7250,Launceston City Council,N/A,VNT,Launceston,Yes - featured,,,,
St Matthias' Anglican Church,ATTRACTION,AU0091310,Windermere,7252,Launceston City Council,N/A,VNT,Windermere,Yes - featured,,,,
Saffire Freycinet,ACCOMM,AU0091305,Coles Bay,7215,Glamorgan Spring Bay Council,N/A,ECTT,Coles Bay,,,Yes - featured,,
Larus Waterfront Cottage,ACCOMM,AU0091318,White Beach,7184,Tasman Council,N/A,DST,White Beach,,Yes - featured,,,
The Wicked Cheese Company,RESTAURANT,AU0091317,Richmond,7025,Clarence City Council,N/A,DST,Richmond,,Yes - featured,,,
Quamby Corner Caravan Park,ACCOMM,AU0091326,Golden Valley,7304,Meander Valley Council,N/A,VNT,Golden Valley,Yes - featured,,,,
Winter Brook Vineyard,RESTAURANT,AU0091335,Loira,7275,West Tamar Council,N/A,VNT,Loira,Yes - featured,,,,
Derwent Estate Wines,RESTAURANT,AU0091330,Granton,7030,Derwent Valley Council,Glenorchy Council,DST,Granton,,Yes - featured,,,
Lovett Gallery Cygnet,ATTRACTION,AU0091336,Cygnet,7112,Huon Valley Council,N/A,DST,Cygnet,,Yes - featured,,,
Waterside Accommodation - Derwent Vista,ACCOMM,AU0091345,Austins Ferry,7011,Glenorchy Council,N/A,DST,Austins Ferry,,Yes - featured,,,
Bruny Island Premium Wines,RESTAURANT,AU0091355,Lunawanna,7150,Kingborough Council,N/A,DST,Lunawanna,,Yes - featured,,,
The Long Lunch Wine Tour Co,TOUR,AU0091364,Bicheno,7215,Glamorgan Spring Bay Council,N/A,ECTT,Bicheno,,,Yes - featured,,
Blakes Manor Self Contained Heritage Accommodation,ACCOMM,AU0091370,Deloraine,7304,Meander Valley Council,N/A,VNT,Deloraine,Yes - featured,,,,
Cradle Mountain Canyons,TOUR,AU0091388,Cradle Mountain,7306,Kentish Council,West Coast Council,WxNW,Cradle Mountain,,,,Yes - featured,Yes - featured
Overdrive Car Hire,HIRE,AU0091403,Hobart,7000,Hobart City Council,N/A,DST,Hobart,,Yes - featured,,,
Tasmania's Hidden Experiences,TOUR,AU0091420,Longford,7301,Northern Midlands Council,N/A,VNT,Longford,Yes - featured,,,,
Mantra One Sandy Bay Road,ACCOMM,AU0091436,Hobart,7000,Hobart City Council,N/A,DST,Hobart,,Yes - featured,,,
Icena Farm Accommodation,ACCOMM,AU0091427,Musselroe Bay,7264,Dorset Council,N/A,VNT,Musselroe Bay,Yes - featured,,,,
Harmony Hill Wellness Sanctuary - Accommodation,ACCOMM,AU0091439,Margate,7054,Kingborough Council,Huon Valley Council,DST,Margate,,Yes - featured,,,
Mirramar House,ACCOMM,AU0091440,Blackmans Bay,7052,Kingborough Council,N/A,DST,Blackmans Bay,,Yes - featured,,,
MONA - Museum of Old and New Art,ATTRACTION,AU0091453,Berriedale,7011,Glenorchy Council,N/A,DST,Berriedale,,Yes - featured,,,
Lake Burbury Camping Ground,ACCOMM,AU0091485,Gormanston,7466,West Coast Council,N/A,WxNW,Gormanston,,,,Yes - featured,
Vertigo MTB,TOUR,AU0091488,Derby,7264,Dorset Council,N/A,VNT,Derby,Yes - featured,,,,
Tahune Adventures Tasmania - Lodge and Cabin,ACCOMM,AU0091495,Geeveston,7116,Huon Valley Council,N/A,DST,Geeveston,,Yes - featured,,,
Tours Tasmania,TOUR,AU0091499,Hobart,7000,Hobart City Council,N/A,DST,Hobart,,Yes - featured,,,
Zest East West,ATTRACTION,AU0091527,Blackmans Bay,7052,Kingborough Council,N/A,DST,Blackmans Bay,,Yes - featured,,,
Kinetic Tasmania :Intercity Bus Services,TRANSPORT,AU0091524,Hobart,7000,Hobart City Council,N/A,DST,Hobart,,Yes - featured,,,
Wineglass Bay Tours,TOUR,AU0091539,Hobart,7000,Hobart City Council,N/A,DST,Hobart,,Yes - featured,,,
The Trig on Mount Arthur,ACCOMM,AU0091556,Lilydale,7268,Launceston City Council,Dorset Council,VNT,Lilydale,Yes - featured,,,,
Markree House Museum and Garden,ATTRACTION,AU0091559,Hobart,7000,Hobart City Council,N/A,DST,Hobart,,Yes - featured,,,
Red Decker Company,TOUR,AU0091568,Hobart,7000,Hobart City Council,N/A,DST,Hobart,,Yes - featured,,,
"The Art of Richard Stanley, Studio and Gallery",ATTRACTION,AU0091560,Cygnet,7112,Huon Valley Council,N/A,DST,Cygnet,,Yes - featured,,,
Macquarie Heads Camping Ground,ACCOMM,AU0091574,Macquarie Heads,7468,West Coast Council,N/A,WxNW,Macquarie Heads,,,,Yes - featured,
Maria Island Cruises,TOUR,AU0091579,Triabunna,7190,Glamorgan Spring Bay Council,N/A,ECTT,Triabunna,,,Yes - featured,,
Sisters Beach Retreat,ACCOMM,AU0091620,Sisters Beach,7321,Waratah-Wynyard Council,N/A,WxNW,Sisters Beach,,,,,Yes - featured
Dragonfly Lodge,ACCOMM,AU0091634,Rocky Hills,7190,Glamorgan Spring Bay Council,N/A,ECTT,Rocky Hills,,,Yes - featured,,
Burnie City Apartments,ACCOMM,AU0091656,Burnie,7320,Burnie Council,N/A,WxNW,Burnie,,,,,Yes - featured
Sheer Pleasure Accommodation,ACCOMM,AU0091663,Smithton,7330,Circular Head Council,N/A,WxNW,Smithton,,,,,Yes - featured
Bruny Island House of Whisky,RESTAURANT,AU0091666,North Bruny,7150,Kingborough Council,N/A,DST,North Bruny,,Yes - featured,,,
Rocky Hills Retreat,ACCOMM,AU0091689,Rocky Hills,7190,Glamorgan Spring Bay Council,N/A,ECTT,Rocky Hills,,,Yes - featured,,
28 gates Luxury Farmstay and Fishery,ACCOMM,AU0091686,Gretna,7140,Central Highlands Council,N/A,DST,Gretna,,Yes - featured,,,
Launceston Tramway Museum,ATTRACTION,AU0091685,Inveresk,7248,Launceston City Council,N/A,VNT,Inveresk,Yes - featured,,,,
Under The Oak Handmade Gallery and Gifts,ATTRACTION,AU0091711,Ulverstone,7315,Central Coast Council,N/A,WxNW,Ulverstone,,,,,Yes - featured
Avoca Museum and Information Centre,ATTRACTION,AU0091740,Avoca,7213,Northern Midlands Council,N/A,VNT,Avoca,Yes - featured,,,,
The Cove Kettering,ACCOMM,AU0091773,Kettering,7155,Kingborough Council,N/A,DST,Kettering,,Yes - featured,,,
Shutterbug Walkabouts: Enriching Photography Experiences in Tasmania,TOUR,AU0091770,Hobart,7000,Hobart City Council,N/A,DST,Hobart,,Yes - featured,,,
The Foreshore Hotel (Hobart) Lauderdale,ACCOMM,AU0091781,Lauderdale,7021,Clarence City Council,N/A,DST,Lauderdale,,Yes - featured,,,
Pedal Buggies Tasmania,ATTRACTION,AU0091806,Ulverstone,7315,Central Coast Council,N/A,WxNW,Ulverstone,,,,,Yes - featured
Pedder Wilderness Lodge,ACCOMM,AU0091803,Strathgordon,7139,Derwent Valley Council,N/A,DST,Strathgordon,,Yes - featured,,,
Low Head Foghorn,ATTRACTION,AU0091809,Low Head,7253,George Town Council,N/A,VNT,Low Head,Yes - featured,,,,
King Island Breaks- Turnstone Beach House,ACCOMM,AU0091824,Loorana,7256,King Island Council,N/A,WxNW,Loorana,,,,,Yes - featured
Arendon Cottage,ACCOMM,AU0091831,Evandale,7212,Northern Midlands Council,N/A,VNT,Evandale,Yes - featured,,,,
Franklin River Rafting,TOUR,AU0091847,Hobart,7000,Hobart City Council,N/A,DST,Hobart,,Yes - featured,,,
The Ark Stanley,ACCOMM,AU0091857,Stanley,7331,Circular Head Council,N/A,WxNW,Stanley,,,,,Yes - featured
RiverFly 1864,TOUR,AU0091869,South Launceston,7249,Launceston City Council,N/A,VNT,South Launceston,Yes - featured,,,,
The Book Cellar,ATTRACTION,AU0091886,Campbell Town,7210,Northern Midlands Council,N/A,VNT,Campbell Town,Yes - featured,,,,
Hobart Cityscape Apartment 2 Pascoe,ACCOMM,AU0091917,Hobart,7000,Hobart City Council,N/A,DST,Hobart,,Yes - featured,,,
Ikon Hotel,ACCOMM,AU0091946,Burnie,7320,Burnie Council,N/A,WxNW,Burnie,,,,,Yes - featured
19 Blue,ACCOMM,AU0091961,Blackmans Bay,7052,Kingborough Council,N/A,DST,Blackmans Bay,,Yes - featured,,,
Bruny Island Safaris,TOUR,AU0091960,Cambridge,7170,Clarence City Council,N/A,DST,Cambridge,,Yes - featured,,,
Cinergee,ATTRACTION,AU0091979,Launceston,7250,Launceston City Council,N/A,VNT,Launceston,Yes - featured,,,,
Hobart and South,DESTINFO,AU0091981,Hobart,7000,Hobart City Council,N/A,DST,Hobart,,Yes - featured,,,
Camping at Bruny Island,ACCOMM,AU0091983,South Bruny,7150,Kingborough Council,N/A,DST,South Bruny,,Yes - featured,,,
Rock Climbing Adventures Tasmania,TOUR,AU0091991,Hobart,7000,Hobart City Council,N/A,DST,Hobart,,Yes - featured,,,
Bruny Island Traveller - Pennicott Wilderness Journeys,TOUR,AU0092005,Hobart,7000,Hobart City Council,N/A,DST,Hobart,,Yes - featured,,,
Salamanca Wharf Hotel,ACCOMM,AU0092006,Hobart,7000,Hobart City Council,N/A,DST,Hobart,,Yes - featured,,,
Working Art Space,ATTRACTION,AU0092017,Sheffield,7306,Kentish Council,N/A,WxNW,Sheffield,,,,,Yes - featured
Discover Tasmania Tours,TOUR,AU0092031,Westbury,7303,Meander Valley Council,N/A,VNT,Westbury,Yes - featured,,,,
Tassie Bound Adventure Tours,TOUR,AU0092029,New Norfolk,7140,Derwent Valley Council,N/A,DST,New Norfolk,,Yes - featured,,,
Bridport Walking Track,ATTRACTION,AU0092042,Bridport,7262,Dorset Council,N/A,VNT,Bridport,Yes - featured,,,,
The Barn at Eden Farmstay,ACCOMM,AU0092045,Cygnet,7112,Huon Valley Council,N/A,DST,Cygnet,,Yes - featured,,,
McHenry Distillery,RESTAURANT,AU0092062,Port Arthur,7182,Tasman Council,N/A,DST,Port Arthur,,Yes - featured,,,
Relbia Lodge,ACCOMM,AU0092079,Relbia,7258,Northern Midlands Council,N/A,VNT,Relbia,Yes - featured,,,,
Lunaris Gemstones,ATTRACTION,AU0092086,Lune River,7109,Huon Valley Council,N/A,DST,Lune River,,Yes - featured,,,
Purple Possum Wholefoods and Cafe,RESTAURANT,AU0092089,St Marys,7215,Break O'Day Council,N/A,ECTT,St Marys,,,Yes - featured,,
Kettering,DESTINFO,AU0092097,Kettering,7155,Kingborough Council,N/A,DST,Kettering,,Yes - featured,,,
Westerway,DESTINFO,AU0092098,Westerway,7140,Central Highlands Council,Derwent Valley Council,DST,Westerway,,Yes - featured,,,
Luke O'Brien Photography Tours and Tuition,TOUR,AU0092111,Hobart,7000,Hobart City Council,N/A,DST,Hobart,,Yes - featured,,,
Cherryview Studio Retreat,ACCOMM,AU0092108,Cygnet,7112,Huon Valley Council,N/A,DST,Cygnet,,Yes - featured,,,
Penguin General Cemetery,ATTRACTION,AU0092115,Penguin,7316,Central Coast Council,N/A,WxNW,Penguin,,,,,Yes - featured
Maydena,DESTINFO,AU0092122,Maydena,7140,Derwent Valley Council,N/A,DST,Maydena,,Yes - featured,,,
Destination Southern Tasmania,DESTINFO,AU0092127,Battery Point,7004,Hobart City Council,N/A,DST,Battery Point,,Yes - featured,,,
Visit Northern Tasmania,DESTINFO,AU0092133,Launceston,7250,Launceston City Council,N/A,VNT,Launceston,Yes - featured,,,,
Pennicott Wilderness Journeys - Tasmanian Seafood Seduction,TOUR,AU0092138,Hobart,7000,Hobart City Council,N/A,DST,Hobart,,Yes - featured,,,
Iron Pot Cruises - Pennicott Wilderness Journeys,TOUR,AU0092139,Hobart,7000,Hobart City Council,N/A,DST,Hobart,,Yes - featured,,,
Alabama Hotel Hobart,ACCOMM,AU0092178,Hobart,7000,Hobart City Council,N/A,DST,Hobart,,Yes - featured,,,
Mawson's Huts Replica Museum,ATTRACTION,AU0092198,Hobart,7000,Hobart City Council,N/A,DST,Hobart,,Yes - featured,,,
River's Edge Wilderness Camping,ACCOMM,AU0092206,Lonnavale,7109,Huon Valley Council,N/A,DST,Lonnavale,,Yes - featured,,,
RACV Hobart Hotel,ACCOMM,AU0092245,Hobart,7000,Hobart City Council,N/A,DST,Hobart,,Yes - featured,,,
Love Tasmania Tours,TOUR,AU0092251,Glenorchy,7010,Glenorchy Council,N/A,DST,Glenorchy,,Yes - featured,,,
St Helens History Room,ATTRACTION,AU0092253,St Helens,7216,Break O'Day Council,N/A,ECTT,St Helens,,,Yes - featured,,
Tasmania Tour Guide,TOUR,AU0092255,Hobart,7000,Hobart City Council,N/A,DST,Hobart,,Yes - featured,,,
River Walk B&B,ACCOMM,AU0092260,Robigana,7275,West Tamar Council,N/A,VNT,Robigana,Yes - featured,,,,
Willie Smith's Apple Shed,RESTAURANT,AU0092263,Grove,7109,Huon Valley Council,N/A,DST,Grove,,Yes - featured,,,
Tall Timbers Tasmania Free RV Parking,ACCOMM,AU0092285,Smithton,7330,Circular Head Council,N/A,WxNW,Smithton,,,,,Yes - featured
Drink Tasmania Premium Tours,TOUR,AU0092295,Hobart,7000,Hobart City Council,N/A,DST,Hobart,,Yes - featured,,,
Thalia Haven,ACCOMM,AU0092309,Little Swanport,7190,Glamorgan Spring Bay Council,N/A,ECTT,Little Swanport,,,Yes - featured,,
Spreyton Cider Co,RESTAURANT,AU0092327,Aberdeen,7310,Devonport City Council,N/A,WxNW,Aberdeen,,,,,Yes - featured
Bruny Vista Cabin,ACCOMM,AU0092500,Kettering,7155,Kingborough Council,N/A,DST,Kettering,,Yes - featured,,,
Port Arthur Lavender Cafe,RESTAURANT,AU0092506,Port Arthur,7182,Tasman Council,N/A,DST,Port Arthur,,Yes - featured,,,
Heritage Sailing Tasmania - SV Rhona H,TOUR,AU0092525,Hobart,7000,Hobart City Council,N/A,DST,Hobart,,Yes - featured,,,
Mole Creek Caves,TOUR,AU0092555,Mayberry,7304,Meander Valley Council,N/A,VNT,Mayberry,Yes - featured,,,,
Sawyers Bay Shacks,ACCOMM,AU0092599,Blue Rocks,7255,Flinders Council,N/A,VNT,Blue Rocks,Yes - featured,,,,
Saltwater Sunrise,ACCOMM,AU0092620,Falmouth,7215,Break O'Day Council,N/A,ECTT,Falmouth,,,Yes - featured,,
Esperance Landing,ACCOMM,AU0092736,Brooks Bay,7116,Huon Valley Council,N/A,DST,Brooks Bay,,Yes - featured,,,
Amy Cottage,ACCOMM,AU0092784,Moonah,7009,Glenorchy Council,N/A,DST,Moonah,,Yes - featured,,,
Hopkins on Charles,ACCOMM,AU0092786,Moonah,7009,Glenorchy Council,N/A,DST,Moonah,,Yes - featured,,,
Hobart Cityscape Apartment 3 Fawkner,ACCOMM,AU0092805,Hobart,7000,Hobart City Council,N/A,DST,Hobart,,Yes - featured,,,
Ridgeline Pottery,ATTRACTION,AU0092843,Sandford,7020,Clarence City Council,N/A,DST,Sandford,,Yes - featured,,,
Tranquil Point Retreat,ACCOMM,AU0092885,Deep Bay,7112,Huon Valley Council,N/A,DST,Deep Bay,,Yes - featured,,,
Cradle Mountain Transport Service - McDermotts Coaches,TRANSPORT,AU0092904,Cradle Mountain,7306,Kentish Council,West Coast Council,WxNW,Cradle Mountain,,,,Yes - featured,Yes - featured
Bushwalker Transport Tasmania,TRANSPORT,AU0092940,Cambridge,7170,Clarence City Council,N/A,DST,Cambridge,,Yes - featured,,,
Pinot Cottage on Charles Reuben Estate,ACCOMM,AU0092939,Tea Tree,7017,Brighton Council,N/A,DST,Tea Tree,,Yes - featured,,,
Warrakilla,ACCOMM,AU0092955,Coles Bay,7215,Glamorgan Spring Bay Council,N/A,ECTT,Coles Bay,,,Yes - featured,,
Stanley Heritage Walk,TOUR,AU0092975,Stanley,7331,Circular Head Council,N/A,WxNW,Stanley,,,,,Yes - featured
Storekeeper's Boutique Accommodation,ACCOMM,AU0092976,Buckland,7190,Glamorgan Spring Bay Council,N/A,ECTT,Buckland,,,Yes - featured,,
Flinders Island Car Hire,HIRE,AU0092988,Whitemark,7255,Flinders Council,N/A,VNT,Whitemark,Yes - featured,,,,
Ashdowns of Dover Bed and Breakfast,ACCOMM,AU0092995,Dover,7117,Huon Valley Council,N/A,DST,Dover,,Yes - featured,,,
McDermott's Charter Coaches,HIRE,AU0093069,Legana,7277,West Tamar Council,N/A,VNT,Legana,Yes - featured,,,,
Palana Beach House,ACCOMM,AU0093079,Palana,7255,Flinders Council,N/A,VNT,Palana,Yes - featured,,,,
Castaway Cottage,ACCOMM,AU0093092,Dover,7117,Huon Valley Council,N/A,DST,Dover,,Yes - featured,,,
Tides Reach,ACCOMM,AU0093096,Dover,7117,Huon Valley Council,N/A,DST,Dover,,Yes - featured,,,
Oceans on Parker,ACCOMM,AU0093105,Devonport,7310,Devonport City Council,N/A,WxNW,Devonport,,,,,Yes - featured
Three Trees Retreat,ACCOMM,AU0093144,Killora,7150,Kingborough Council,N/A,DST,Killora,,Yes - featured,,,
Island Time Tours,TOUR,AU0093166,South Hobart,7004,Hobart City Council,N/A,DST,South Hobart,,Yes - featured,,,
Pumphouse Point,ACCOMM,AU0093176,Lake St Clair,7140,Central Highlands Council,N/A,DST,Lake St Clair,,Yes - featured,,,
Tassie Tours Tasmania,TOUR,AU0093251,Moonah,7009,Glenorchy Council,N/A,DST,Moonah,,Yes - featured,,,
Auswalk Walking Holidays,TOUR,AU0093290,Hobart,7000,Hobart City Council,N/A,DST,Hobart,,Yes - featured,,,
Dooleys Hill Forest Walk,ATTRACTION,AU0093304,Latrobe,7307,Latrobe Council,N/A,WxNW,Latrobe,,,,,Yes - featured
Henry Somerset Orchid Conservation Reserve,ATTRACTION,AU0093306,Latrobe,7307,Latrobe Council,N/A,WxNW,Latrobe,,,,,Yes - featured
Wild Ocean Tasmania,TOUR,AU0093316,Eaglehawk Neck,7179,Tasman Council,N/A,DST,Eaglehawk Neck,,Yes - featured,,,
Cascade Cottage,ACCOMM,AU0093354,Derby,7264,Dorset Council,N/A,VNT,Derby,Yes - featured,,,,
Rocky Cape Retreat,ACCOMM,AU0093394,Rocky Cape,7321,Circular Head Council,Waratah-Wynyard Council,WxNW,Rocky Cape,,,,,Yes - featured
Strzelecki National Park,ATTRACTION,AU0093400,Flinders Island,7255,Flinders Council,N/A,VNT,Flinders Island,Yes - featured,,,,
Grand Ole Topiary Cottage Accommodation,ACCOMM,AU0093405,Railton,7305,Kentish Council,N/A,WxNW,Railton,,,,,Yes - featured
Tours around Tasmania,TOUR,AU0093426,Hobart,7000,Hobart City Council,N/A,DST,Hobart,,Yes - featured,,,
Ratho Farm Accommodation,ACCOMM,AU0093464,Bothwell,7030,Central Highlands Council,N/A,DST,Bothwell,,Yes - featured,,,
Burnie by the Bay Apartments,ACCOMM,AU0093465,Burnie,7320,Burnie Council,N/A,WxNW,Burnie,,,,,Yes - featured
Tebrakunna Visitor Centre,ATTRACTION,AU0093466,Musselroe Bay,7264,Dorset Council,N/A,VNT,Musselroe Bay,Yes - featured,,,,
Glenn Moore Accessible Accommodation  Units,ACCOMM,AU0093467,Glenorchy,7010,Glenorchy Council,N/A,DST,Glenorchy,,Yes - featured,,,
Kenworthy's Stamper Mill,ATTRACTION,AU0093471,Waratah,7321,Waratah-Wynyard Council,N/A,WxNW,Waratah,,,,,Yes - featured
Tarkine Interpretation Centre,ATTRACTION,AU0093486,Waratah,7321,Waratah-Wynyard Council,N/A,WxNW,Waratah,,,,,Yes - featured
Philosopher Falls,ATTRACTION,AU0093482,Waratah,7321,Waratah-Wynyard Council,N/A,WxNW,Waratah,,,,,Yes - featured
Whyte Hills Lookout,ATTRACTION,AU0093485,Waratah,7321,Waratah-Wynyard Council,N/A,WxNW,Waratah,,,,,Yes - featured
Hellyer Gorge picnic area,ATTRACTION,AU0093487,Waratah,7321,Waratah-Wynyard Council,N/A,WxNW,Waratah,,,,,Yes - featured
Waratah Falls,ATTRACTION,AU0093489,Waratah,7321,Waratah-Wynyard Council,N/A,WxNW,Waratah,,,,,Yes - featured
Table Cape,ATTRACTION,AU0093491,Wynyard,7325,Waratah-Wynyard Council,N/A,WxNW,Wynyard,,,,,Yes - featured
Richard Gutteridge Gardens,ATTRACTION,AU0093501,Wynyard,7325,Waratah-Wynyard Council,N/A,WxNW,Wynyard,,,,,Yes - featured
Ulverstone Visitor Information  Centre,INFO,AU0093506,Ulverstone,7315,Central Coast Council,N/A,WxNW,Ulverstone,,,,,Yes - featured
The Tarkine/takayna Wilderness,ATTRACTION,AU0093511,Corinna,7321,Circular Head Council,N/A,WxNW,Corinna,,,,,Yes - featured
Heritage Horse Drawn Carriages,TOUR,AU0093521,Hobart City,7000,Hobart City Council,N/A,DST,Hobart,,Yes - featured,,,
Aplite House,ACCOMM,AU0093529,Friendly Beaches,7215,Glamorgan Spring Bay Council,N/A,ECTT,Friendly Beaches,,,Yes - featured,,
Risby Cove Boutique Hotel,ACCOMM,AU0093541,Strahan,7468,West Coast Council,N/A,WxNW,Strahan,,,,Yes - featured,
Tyenna River Cottages,ACCOMM,AU0093542,Tyenna,7140,Derwent Valley Council,N/A,DST,Tyenna,,Yes - featured,,,
Saint John Craft Beer,RESTAURANT,AU0093553,Launceston City,7250,Launceston City Council,N/A,VNT,Launceston,Yes - featured,,,,
Waterfalls Cafe & Gallery,RESTAURANT,AU0093554,Mount Field,7140,Derwent Valley Council,Central Highlands Council,DST,Mount Field,,Yes - featured,,,
Bangor Vineyard Shed,RESTAURANT,AU0093558,Dunalley,7177,Sorell Council,N/A,DST,Dunalley,,Yes - featured,,,
Melshell Oyster Shack,RESTAURANT,AU0093573,Dolphin Sands,7190,Glamorgan Spring Bay Council,N/A,ECTT,Dolphin Sands,,,Yes - featured,,
Josef Chromy - Go Behind The Label,TOUR,AU0093591,Relbia,7258,Northern Midlands Council,N/A,VNT,Relbia,Yes - featured,,,,
Bruny Island's Hundred Acre Hideaway,ACCOMM,AU0093594,Lunawanna,7150,Kingborough Council,N/A,DST,Lunawanna,,Yes - featured,,,
Bowhill Grange,ACCOMM,AU0093600,Oatlands,7120,Southern Midlands Council,N/A,DST,Oatlands,,Yes - featured,,,
Rock Climbing Guides Tasmania,TOUR,AU0093609,Launceston City,7250,Launceston City Council,N/A,VNT,Launceston,Yes - featured,,,,
Lobster Ponds Haven,ATTRACTION,AU0093608,Flowerdale,7325,Waratah-Wynyard Council,N/A,WxNW,Flowerdale,,,,,Yes - featured
Priory Ridge Vineyard and Cellar Door,RESTAURANT,AU0093611,St Helens,7216,Break O'Day Council,N/A,ECTT,St Helens,,,Yes - featured,,
Milton Vineyard,RESTAURANT,AU0093615,Swansea,7190,Glamorgan Spring Bay Council,N/A,ECTT,Swansea,,,Yes - featured,,
Geckostrands Textile Artist,ATTRACTION,AU0093613,Franklin,7113,Huon Valley Council,N/A,DST,Franklin,,Yes - featured,,,
Buttongrass Retreat,ACCOMM,AU0093617,Ida Bay,7109,Huon Valley Council,N/A,DST,Ida Bay,,Yes - featured,,,
Barnbougle Lost Farm,ATTRACTION,AU0093646,Bridport,7262,Dorset Council,N/A,VNT,Bridport,Yes - featured,,,,
Blue Derby Mountain Bike Trails,ATTRACTION,AU0093656,Derby,7264,Dorset Council,N/A,VNT,Derby,Yes - featured,,,,
Coal River Farm,RESTAURANT,AU0093663,Cambridge,7170,Clarence City Council,N/A,DST,Cambridge,,Yes - featured,,,
Three Capes Track,ATTRACTION,AU0093676,Fortescue Bay,7182,Tasman Council,N/A,DST,Fortescue Bay,,Yes - featured,,,
Air Adventure Golf,TOUR,AU0093681,Bridport,7262,Dorset Council,N/A,VNT,Bridport,Yes - featured,,,,
Wobbly Boot Vineyard - Animals + Wine,RESTAURANT,AU0093695,Campania,7026,Southern Midlands Council,N/A,DST,Campania,,Yes - featured,,,
Tasmanian Photography Workshops,TOUR,AU0093699,Rosetta,7010,Glenorchy Council,N/A,DST,Rosetta,,Yes - featured,,,
Ballachulish Farm Stay,ACCOMM,AU0093725,Forth,7310,Central Coast Council,Devonport City Council,WxNW,Forth,,,,,Yes - featured
Settlers Hut,ACCOMM,AU0093736,Branxholm,7261,Dorset Council,N/A,VNT,Branxholm,Yes - featured,,,,
Bespoke Tasmania Tours,TOUR,AU0093745,Hobart,7000,Hobart City Council,N/A,DST,Hobart,,Yes - featured,,,
Hazelbrae Hazelnuts,RESTAURANT,AU0093787,Hagley,7292,Meander Valley Council,N/A,VNT,Hagley,Yes - featured,,,,
Russell Falls - Great Short Walk,ATTRACTION,AU0093807,National Park,7140,Central Highlands Council,Derwent Valley Council,DST,National Park,,Yes - featured,,,
Little Sunnyside Accommodation,ACCOMM,AU0093811,Hagley,7292,Meander Valley Council,N/A,VNT,Hagley,Yes - featured,,,,
The Farmhouse Kitchen Tasmania,RESTAURANT,AU0093812,Wattle Grove,7109,Huon Valley Council,N/A,DST,Wattle Grove,,Yes - featured,,,
The Stable at Twamley Farm,ACCOMM,AU0093814,Buckland,7190,Glamorgan Spring Bay Council,N/A,ECTT,Buckland,,,Yes - featured,,
Platypus Waters B&B,ACCOMM,AU0093818,Smithton,7330,Circular Head Council,N/A,WxNW,Smithton,,,,,Yes - featured
Trek Tasmania,TOUR,AU0093825,Launceston,7250,Launceston City Council,N/A,VNT,Launceston,Yes - featured,,,,
The Gardens Apartment Hobart,ACCOMM,AU0093863,Taroona,7053,Kingborough Council,N/A,DST,Taroona,,Yes - featured,,,
Gorge Scenic Chairlift,ATTRACTION,AU0093879,West Launceston,7250,Launceston City Council,N/A,VNT,West Launceston,Yes - featured,,,,
East Coast Natureworld,ATTRACTION,AU0093883,Bicheno,7215,Glamorgan Spring Bay Council,N/A,ECTT,Bicheno,,,Yes - featured,,
East Coast Natureworld - Tours,TOUR,AU0093892,Bicheno,7215,Glamorgan Spring Bay Council,N/A,ECTT,Bicheno,,,Yes - featured,,
Tahune Adventures Tasmania - Tahune Airwalk,ATTRACTION,AU0093915,Geeveston,7116,Huon Valley Council,N/A,DST,Geeveston,,Yes - featured,,,
The Empire Hotel,ACCOMM,AU0093958,Deloraine,7304,Meander Valley Council,N/A,VNT,Deloraine,Yes - featured,,,,
Lowena Cafe and Accommodation,ACCOMM,AU0093985,Hobart,7000,Hobart City Council,N/A,DST,Hobart,,Yes - featured,,,
The Wombat Studio on Acton,ACCOMM,AU0094443,Acton Park,7170,Clarence City Council,N/A,DST,Acton Park,,Yes - featured,,,
Flinders Island Aviation Services,TRANSPORT,AU0094577,Bridport,7262,Dorset Council,N/A,VNT,Bridport,Yes - featured,,,,
Scottsdale RSL Military Museum,ATTRACTION,AU0094585,Scottsdale,7260,Dorset Council,N/A,VNT,Scottsdale,Yes - featured,,,,
Coral Expeditions - Tasmania,TOUR,AU0095299,Hobart,7000,Hobart City Council,N/A,DST,Hobart,,Yes - featured,,,
Wingtons Glamping,ACCOMM,AU0095822,Clarence Point,7270,West Tamar Council,N/A,VNT,Clarence Point,Yes - featured,,,,
Twamley Farm,ATTRACTION,AU0095959,Buckland,7190,Glamorgan Spring Bay Council,N/A,ECTT,Buckland,,,Yes - featured,,
Ghost Rock Wines,RESTAURANT,AU0096334,Northdown,7307,Latrobe Council,N/A,WxNW,Northdown,,,,,Yes - featured
Wild Ocean Tasmania,HIRE,AU0096500,Eaglehawk Neck,7179,Tasman Council,N/A,DST,Eaglehawk Neck,,Yes - featured,,,
Hobart Hideaway Pods,ACCOMM,AU0096539,Kingston,7050,Kingborough Council,N/A,DST,Kingston,,Yes - featured,,,
Mures Upper Deck,RESTAURANT,AU0097567,Hobart,7000,Hobart City Council,N/A,DST,Hobart,,Yes - featured,,,
Horse Riding Tasmania,ATTRACTION,AU0097570,Woodsdale,7120,Southern Midlands Council,N/A,DST,Woodsdale,,Yes - featured,,,
PEARL + CO,RESTAURANT,AU0097579,Hobart,7000,Hobart City Council,N/A,DST,Hobart,,Yes - featured,,,
Mures Lower Deck,RESTAURANT,AU0097597,Hobart,7000,Hobart City Council,N/A,DST,Hobart,,Yes - featured,,,
Stillwater Restaurant,RESTAURANT,AU0097864,Launceston,7250,Launceston City Council,N/A,VNT,Launceston,Yes - featured,,,,
Black Cow Bistro,RESTAURANT,AU0097888,Launceston,7250,Launceston City Council,N/A,VNT,Launceston,Yes - featured,,,,
Hobart Brewing Co.,RESTAURANT,AU0097989,Hobart,7000,Hobart City Council,N/A,DST,Hobart,,Yes - featured,,,
Raptor Refuge,ATTRACTION,AU0098908,Kettering,7155,Kingborough Council,N/A,DST,Kettering,,Yes - featured,,,
Penguin Beachfront Apartments,ACCOMM,AU0099107,Penguin,7316,Central Coast Council,N/A,WxNW,Penguin,,,,,Yes - featured
Cape Wickham Golf Links,ATTRACTION,AU0099340,Wickham,7256,King Island Council,N/A,WxNW,Wickham,,,,,Yes - featured
Find Your Feet Tours,TOUR,AU0099722,Hobart,7000,Hobart City Council,N/A,DST,Hobart,,Yes - featured,,,
Cataract on Paterson,RESTAURANT,AU0100389,Launceston,7250,Launceston City Council,N/A,VNT,Launceston,Yes - featured,,,,
Unique Fishing Tours Tasmania,TOUR,AU0100550,Prospect,7250,Launceston City Council,N/A,VNT,Prospect,Yes - featured,,,,
Club Wyndham Seven Mile Beach,ACCOMM,AU0100908,Seven Mile Beach,7170,Clarence City Council,N/A,DST,Seven Mile Beach,,Yes - featured,,,
Mural Park,ATTRACTION,AU0101442,Sheffield,7306,Kentish Council,N/A,WxNW,Sheffield,,,,,Yes - featured
Abbey's Cottage,ACCOMM,AU0101588,Stanley,7331,Circular Head Council,N/A,WxNW,Stanley,,,,,Yes - featured
Abbey's on the Terrace,ACCOMM,AU0102009,Stanley,7331,Circular Head Council,N/A,WxNW,Stanley,,,,,Yes - featured
Abbey's 'The Bakery',ACCOMM,AU0102013,Stanley,7331,Circular Head Council,N/A,WxNW,Stanley,,,,,Yes - featured
Trout Territory - Fly Fishing Tours,TOUR,AU0102022,Cressy,7302,Northern Midlands Council,N/A,VNT,Cressy,Yes - featured,,,,
Puddleduck Wines,RESTAURANT,AU0102048,Richmond,7025,Clarence City Council,N/A,DST,Richmond,,Yes - featured,,,
Abbey's Spa Cottage,ACCOMM,AU0102058,Stanley,7331,Circular Head Council,N/A,WxNW,Stanley,,,,,Yes - featured
Abbey's on Church,ACCOMM,AU0102062,Stanley,7331,Circular Head Council,N/A,WxNW,Stanley,,,,,Yes - featured
Abbey's 'The Green House',ACCOMM,AU0102066,Stanley,7331,Circular Head Council,N/A,WxNW,Stanley,,,,,Yes - featured
Little Rivers Brewing Co.,RESTAURANT,AU0102075,Scottsdale,7260,Dorset Council,N/A,VNT,Scottsdale,Yes - featured,,,,
Stanley Hotel (Accommodation),ACCOMM,AU0102088,Stanley,7331,Circular Head Council,N/A,WxNW,Stanley,,,,,Yes - featured
Stanley Hotel Bistro and Bar,RESTAURANT,AU0102093,Stanley,7331,Circular Head Council,N/A,WxNW,Stanley,,,,,Yes - featured
Penny Royal Adventures,ATTRACTION,AU0102383,Launceston,7250,Launceston City Council,N/A,VNT,Launceston,Yes - featured,,,,
Iron Pot Bay Vineyard,RESTAURANT,AU0103009,Rowella,7270,West Tamar Council,N/A,VNT,Rowella,Yes - featured,,,,
Old Kempton Distillery and Cafe,RESTAURANT,AU0103285,Kempton,7030,Southern Midlands Council,N/A,DST,Kempton,,Yes - featured,,,
Outdoor Tasmania - Transfers,TRANSPORT,AU0103392,Launceston,7250,Launceston City Council,N/A,VNT,Launceston,Yes - featured,,,,
Outdoor Tasmania - Multi and Full day Tours,TOUR,AU0103416,White Hills,7258,Launceston City Council,N/A,VNT,White Hills,Yes - featured,,,,
The Perch,ACCOMM,AU0104211,Blue Rocks,7255,Flinders Council,N/A,VNT,Blue Rocks,Yes - featured,,,,
Trout Territory Hobart - Fly Fishing Tours,TOUR,AU0104267,Hobart,7000,Hobart City Council,N/A,DST,Hobart,,Yes - featured,,,
Lake St Clair (Cradle Mountain  - Lake St Clair National Park),ATTRACTION,AU0104551,Derwent Bridge,7140,Central Highlands Council,N/A,DST,Derwent Bridge,,Yes - featured,,,
Coal River Coaches & Love Tasmania Tours,TOUR,AU0104954,Glenorchy,7010,Glenorchy Council,N/A,DST,Glenorchy,,Yes - featured,,,
Coastal Pods Wynyard,ACCOMM,AU0104962,Wynyard,7325,Waratah-Wynyard Council,N/A,WxNW,Wynyard,,,,,Yes - featured
Stony Rise Cottage Bed and Breakfast,ACCOMM,AU0105423,Devonport,7310,Devonport City Council,N/A,WxNW,Devonport,,,,,Yes - featured
Cape Grim Grill at Kauri Bistro,RESTAURANT,AU0105569,Smithton,7330,Circular Head Council,N/A,WxNW,Smithton,,,,,Yes - featured
Providore 24,RESTAURANT,AU0105936,Stanley,7331,Circular Head Council,N/A,WxNW,Stanley,,,,,Yes - featured
Tasmania Photography Tours,TOUR,AU0106017,Launceston,7250,Launceston City Council,N/A,VNT,Launceston,Yes - featured,,,,
Infuse Coffee Roasters,RESTAURANT,AU0106077,South Burnie,7320,Burnie Council,N/A,WxNW,South Burnie,,,,,Yes - featured
Deloraine Deli,RESTAURANT,AU0106304,Deloraine,7304,Meander Valley Council,N/A,VNT,Deloraine,Yes - featured,,,,
The Pondering Frog Cafe Ice Creamery and RV Stop,RESTAURANT,AU0107014,Bicheno,7215,Glamorgan Spring Bay Council,N/A,ECTT,Bicheno,,,Yes - featured,,
Seven Sheds Brewery Meadery and Hop Garden,RESTAURANT,AU0107019,Railton,7305,Kentish Council,N/A,WxNW,Railton,,,,,Yes - featured
Gala Estate Vineyard,RESTAURANT,AU0107338,Cranbrook,7190,Glamorgan Spring Bay Council,N/A,ECTT,Cranbrook,,,Yes - featured,,
Every Man and His Dog Vineyard,RESTAURANT,AU0107564,Richmond,7025,Clarence City Council,N/A,DST,Richmond,,Yes - featured,,,
The River Cafe Beauty Point,RESTAURANT,AU0107978,Beauty Point,7270,West Tamar Council,N/A,VNT,Beauty Point,Yes - featured,,,,
Swansea Cycle Tours and Bike Hire,TOUR,AU0108006,Swansea,7190,Glamorgan Spring Bay Council,N/A,ECTT,Swansea,,,Yes - featured,,
Ageing Barrel Tours,TOUR,AU0108252,Cambridge,7170,Clarence City Council,N/A,DST,Cambridge,,Yes - featured,,,
Nonesuch Distillery,RESTAURANT,AU0108607,Sorell,7172,Sorell Council,N/A,DST,Sorell,,Yes - featured,,,
Island Breeze Motel,ACCOMM,AU0108818,Currie,7256,King Island Council,N/A,WxNW,Currie,,,,,Yes - featured
Bridport Beach Cottages,ACCOMM,AU0108825,Bridport,7262,Dorset Council,N/A,VNT,Bridport,Yes - featured,,,,
Thousand Lakes Lodge,ACCOMM,AU0108971,Central Plateau,7304,Central Highlands Council,N/A,DST,Central Plateau,,Yes - featured,,,
Sullivans Cove Distillery,TOUR,AU0109134,Cambridge,7170,Clarence City Council,N/A,DST,Cambridge,,Yes - featured,,,
LARK Cellar Door,RESTAURANT,AU0109213,Hobart,7000,Hobart City Council,N/A,DST,Hobart,,Yes - featured,,,
Freycinet Marine Farm,RESTAURANT,AU0109558,Coles Bay,7215,Glamorgan Spring Bay Council,N/A,ECTT,Coles Bay,,,Yes - featured,,
Swansea Holiday Park,ACCOMM,AU0109578,Swansea,7190,Glamorgan Spring Bay Council,N/A,ECTT,Swansea,,,Yes - featured,,
Gallery 81,ATTRACTION,AU0109966,Campbell Town,7210,Northern Midlands Council,N/A,VNT,Campbell Town,Yes - featured,,,,
Vortex Healing Centre,ATTRACTION,AU0110969,Gray,7215,Break O'Day Council,N/A,ECTT,Gray,,,Yes - featured,,
Island Quarters,ACCOMM,AU0111490,Whitemark,7255,Flinders Council,N/A,VNT,Whitemark,Yes - featured,,,,
Nautilus,ACCOMM,AU0112018,Killiecrankie,7255,Flinders Council,N/A,VNT,Killiecrankie,Yes - featured,,,,
The Tuscan Fox Woodfire Restaurant,RESTAURANT,AU0112216,Branxholm,7261,Dorset Council,N/A,VNT,Branxholm,Yes - featured,,,,
Ashgrove Cheese Dairy Door & Visitor Centre,RESTAURANT,AU0112332,Elizabeth Town,7304,Meander Valley Council,N/A,VNT,Elizabeth Town,Yes - featured,,,,
Narawntapu National Park,ATTRACTION,AU0112508,Bakers Beach,7307,Latrobe Council,N/A,WxNW,Bakers Beach,,,,,Yes - featured
Picnic Island,ACCOMM,AU0112983,Coles Bay,7215,Glamorgan Spring Bay Council,N/A,ECTT,Coles Bay,,,Yes - featured,,
Latrobe Working Hostel,ACCOMM,AU0113135,Latrobe,7307,Latrobe Council,N/A,WxNW,Latrobe,,,,,Yes - featured
See Tasmania Tours,TOUR,AU0113562,Hobart,7000,Hobart City Council,N/A,DST,Hobart,,Yes - featured,,,
Blue Derby Pods Ride,TOUR,AU0114260,Derby,7264,Dorset Council,N/A,VNT,Derby,Yes - featured,,,,
Bay of Fires Bush Retreat,ACCOMM,AU0116561,Binalong Bay,7216,Break O'Day Council,N/A,ECTT,Binalong Bay,,,Yes - featured,,
Boscobel of Tasmania,ACCOMM,AU0116978,West Ulverstone,7315,Central Coast Council,N/A,WxNW,West Ulverstone,,,,,Yes - featured
kanamaluka Trail,ATTRACTION,AU0117347,George Town,7253,George Town Council,N/A,VNT,George Town,Yes - featured,,,,
The Shop in the Bush,ATTRACTION,AU0117483,St Helens,7216,Break O'Day Council,N/A,ECTT,St Helens,,,Yes - featured,,
Frank's Cider House  and Cafe,RESTAURANT,AU0117837,Franklin,7113,Huon Valley Council,N/A,DST,Franklin,,Yes - featured,,,
Pagan Cider,RESTAURANT,AU0117913,Cradoc,7109,Huon Valley Council,N/A,DST,Cradoc,,Yes - featured,,,
Cressy House Estate Farm Stay,ACCOMM,AU0118256,Cressy,7302,Northern Midlands Council,N/A,VNT,Cressy,Yes - featured,,,,
New Norfolk Holiday Apartments,ACCOMM,AU0118341,New Norfolk,7140,Derwent Valley Council,N/A,DST,New Norfolk,,Yes - featured,,,
Cambridge House Breakfast & Bed,ACCOMM,AU0118576,Geeveston,7116,Huon Valley Council,N/A,DST,Geeveston,,Yes - featured,,,
Highlands Power Trail,ATTRACTION,AU0118592,Bothwell,7030,Central Highlands Council,N/A,DST,Bothwell,,Yes - featured,,,
Rosevears Hotel,ACCOMM,AU0118812,Rosevears,7277,West Tamar Council,N/A,VNT,Rosevears,Yes - featured,,,,
The Farm Shed Bicheno: East Coast Wine Centre,RESTAURANT,AU0119016,Bicheno,7215,Glamorgan Spring Bay Council,N/A,ECTT,Bicheno,,,Yes - featured,,
Landscape Restaurant and Grill,RESTAURANT,AU0120207,Hobart,7000,Hobart City Council,N/A,DST,Hobart,,Yes - featured,,,
maui motorhomes Hobart,HIRE,AU0120450,Cambridge,7170,Clarence City Council,N/A,DST,Cambridge,,Yes - featured,,,
Hobart Free Walking Tours,TOUR,AU0120593,Hobart,7000,Hobart City Council,N/A,DST,Hobart,,Yes - featured,,,
Britz Campervans and 4WD Hobart,HIRE,AU0120809,Cambridge,7170,Clarence City Council,N/A,DST,Cambridge,,Yes - featured,,,
Wilmot Novelty Letterbox Trail,ATTRACTION,AU0120835,Wilmot,7310,Kentish Council,N/A,WxNW,Wilmot,,,,,Yes - featured
Mountain Valley Wilderness Holidays,ACCOMM,AU0121068,Loongana,7315,Central Coast Council,N/A,WxNW,Loongana,,,,,Yes - featured
The Flinders Wharf,RESTAURANT,AU0121124,Whitemark,7255,Flinders Council,N/A,VNT,Whitemark,Yes - featured,,,,
Railton,DESTINFO,AU0121356,Railton,7305,Kentish Council,N/A,WxNW,Railton,,,,,Yes - featured
Sheffield: Town of Murals,DESTINFO,AU0121358,Sheffield,7306,Kentish Council,N/A,WxNW,Sheffield,,,,,Yes - featured
Lake Barrington,ATTRACTION,AU0121406,Wilmot,7310,Kentish Council,N/A,WxNW,Wilmot,,,,,Yes - featured
Mount Roland,ATTRACTION,AU0121413,Sheffield,7306,Kentish Council,N/A,WxNW,Sheffield,,,,,Yes - featured
O'Neills Creek picnic reserve,ATTRACTION,AU0121415,Gowrie Park,7306,Kentish Council,N/A,WxNW,Gowrie Park,,,,,Yes - featured
Sykes Sanctuary,ATTRACTION,AU0121416,Railton,7305,Kentish Council,N/A,WxNW,Railton,,,,,Yes - featured
Kimberleys Lookout,ATTRACTION,AU0121421,Nook,7306,Kentish Council,N/A,WxNW,Nook,,,,,Yes - featured
The Three Peaks,ATTRACTION,AU0121422,Gowrie Park,7306,Kentish Council,N/A,WxNW,Gowrie Park,,,,,Yes - featured
Walls of Jerusalem National Park,ATTRACTION,AU0121423,Mole Creek,7304,Meander Valley Council,N/A,VNT,Mole Creek,Yes - featured,,,,
"Bridal Veil, Champagne and No Name Falls",ATTRACTION,AU0121424,Moina,7310,Kentish Council,N/A,WxNW,Moina,,,,,Yes - featured
Wilmot Heritage Museum,ATTRACTION,AU0121426,Wilmot,7310,Kentish Council,N/A,WxNW,Wilmot,,,,,Yes - featured
Fishing in Kentish,ATTRACTION,AU0121427,Sheffield,7306,Kentish Council,N/A,WxNW,Sheffield,,,,,Yes - featured
Westbury Silhouette Trail,ATTRACTION,AU0121535,Westbury,7303,Meander Valley Council,N/A,VNT,Westbury,Yes - featured,,,,
Federation Artisan Chocolate Richmond,RESTAURANT,AU0121609,Richmond,7025,Clarence City Council,N/A,DST,Richmond,,Yes - featured,,,
Leven Canyon Lookout Track,ATTRACTION,AU0121686,Nietta,7315,Central Coast Council,N/A,WxNW,Nietta,,,,,Yes - featured
The Patriarch Wildlife Sanctuary,ATTRACTION,AU0121688,Memana,7255,Flinders Council,N/A,VNT,Memana,Yes - featured,,,,
The Angel's Share,ATTRACTION,AU0121690,Stanley,7331,Circular Head Council,N/A,WxNW,Stanley,,,,,Yes - featured
Blue Hills Honey,RESTAURANT,AU0121693,Mawbanna,7321,Circular Head Council,N/A,WxNW,Mawbanna,,,,,Yes - featured
Settlement Point Viewing Platform,ATTRACTION,AU0121706,Flinders Island,7255,Flinders Council,N/A,VNT,Flinders Island,Yes - featured,,,,
North East River Camping Ground,ACCOMM,AU0121719,Flinders Island,7255,Flinders Council,N/A,VNT,Flinders Island,Yes - featured,,,,
Ocean Dunes Golf Course,ATTRACTION,AU0121733,Loorana,7256,King Island Council,N/A,WxNW,Loorana,,,,,Yes - featured
Leven Valley Vineyard,RESTAURANT,AU0121745,Gunns Plains,7315,Central Coast Council,N/A,WxNW,Gunns Plains,,,,,Yes - featured
Peter & Una Seafoods,RESTAURANT,AU0121747,East Devonport,7310,Devonport City Council,N/A,WxNW,East Devonport,,,,,Yes - featured
Cradle Coast Olives,RESTAURANT,AU0121754,Abbotsham,7315,Central Coast Council,N/A,WxNW,Abbotsham,,,,,Yes - featured
Allports Beach Picnic Area,ATTRACTION,AU0121811,Emita,7255,Flinders Council,N/A,VNT,Emita,Yes - featured,,,,
Killiecrankie Picnic Area,ATTRACTION,AU0121822,Killiecrankie,7255,Flinders Council,N/A,VNT,Killiecrankie,Yes - featured,,,,
Killiecrankie Bay Camping Ground,ACCOMM,AU0121823,Killiecrankie,7255,Flinders Council,N/A,VNT,Killiecrankie,Yes - featured,,,,
Trousers Point Camping Ground,ACCOMM,AU0121833,Flinders Island,7255,Flinders Council,N/A,VNT,Flinders Island,Yes - featured,,,,
"Leven Regional Arts @ Studio 2, Hive",ATTRACTION,AU0121861,Ulverstone,7315,Central Coast Council,N/A,WxNW,Ulverstone,,,,,Yes - featured
Launceston Walking Tours - Wallaby Walkabout Tours,TOUR,AU0121901,Launceston,7250,Launceston City Council,N/A,VNT,Launceston,Yes - featured,,,,
Whitemark Foreshore Picnic BBQ Area,ATTRACTION,AU0121981,Whitemark,7255,Flinders Council,N/A,VNT,Whitemark,Yes - featured,,,,
Yellow Beach Picnic BBQ Area,ATTRACTION,AU0121982,Lady Barron,7255,Flinders Council,N/A,VNT,Lady Barron,Yes - featured,,,,
Trousers Point Picnic Area,ATTRACTION,AU0122006,Flinders Island,7255,Flinders Council,N/A,VNT,Flinders Island,Yes - featured,,,,
Olde Time Portraits,ATTRACTION,AU0122177,Blackmans Bay,7052,Kingborough Council,N/A,DST,Blackmans Bay,,Yes - featured,,,
Bluff Track Fitness Trail,ATTRACTION,AU0122600,Whitemark,7255,Flinders Council,N/A,VNT,Whitemark,Yes - featured,,,,
The Lady Barron Foreshore Walk,ATTRACTION,AU0122601,Lady Barron,7255,Flinders Council,N/A,VNT,Lady Barron,Yes - featured,,,,
Trousers Point Great Short Walk,ATTRACTION,AU0122603,Flinders Island,7255,Flinders Council,N/A,VNT,Flinders Island,Yes - featured,,,,
Strzelecki Peaks Great Short Walk,ATTRACTION,AU0122610,Flinders Island,7255,Flinders Council,N/A,VNT,Flinders Island,Yes - featured,,,,
Castle Rock Great Short Walk,ATTRACTION,AU0122613,Flinders Island,7255,Flinders Council,N/A,VNT,Flinders Island,Yes - featured,,,,
Allports Beach Camping Ground,ACCOMM,AU0122615,Flinders Island,7255,Flinders Council,N/A,VNT,Flinders Island,Yes - featured,,,,
Drive Discovery Central Flinders Island,ATTRACTION,AU0122624,Whitemark,7255,Flinders Council,N/A,VNT,Whitemark,Yes - featured,,,,
Drive Discovery South East Coast Flinders Island,ATTRACTION,AU0122625,Lady Barron,7255,Flinders Council,N/A,VNT,Lady Barron,Yes - featured,,,,
Drive Discovery North Flinders Island,ATTRACTION,AU0122626,Whitemark,7255,Flinders Council,N/A,VNT,Whitemark,Yes - featured,,,,
The Chapel,RESTAURANT,AU0122974,Burnie,7320,Burnie Council,N/A,WxNW,Burnie,,,,,Yes - featured
Farm Pod at Twamley Farm,ACCOMM,AU0123237,Buckland,7190,Glamorgan Spring Bay Council,N/A,ECTT,Buckland,,,Yes - featured,,
Cradle Alpine Retreat,ACCOMM,AU0123265,Moina,7310,Kentish Council,N/A,WxNW,Moina,,,,,Yes - featured
Derby Base,ACCOMM,AU0124148,Derby,7264,Dorset Council,N/A,VNT,Derby,Yes - featured,,,,
Baileys Lane,ACCOMM,AU0124852,Whitemark,7255,Flinders Council,N/A,VNT,Whitemark,Yes - featured,,,,
Howard Hadley Gallery,ATTRACTION,AU0125150,Hobart,7000,Hobart City Council,N/A,DST,Hobart,,Yes - featured,,,
The Orient Bar,RESTAURANT,AU0125155,Hobart,7000,Hobart City Council,N/A,DST,Hobart,,Yes - featured,,,
Lilydale,DESTINFO,AU0125818,Lilydale,7268,Launceston City Council,Dorset Council,VNT,Lilydale,Yes - featured,,,,
Hillwood Road Meditation Skills Centre,ATTRACTION,AU0125837,Hillwood,7252,George Town Council,N/A,VNT,Hillwood,Yes - featured,,,,
MACq 01 Hotel,ACCOMM,AU0125856,Hobart,7000,Hobart City Council,N/A,DST,Hobart,,Yes - featured,,,
Darrel Baldock Memorial,ATTRACTION,AU0126250,Latrobe,7307,Latrobe Council,N/A,WxNW,Latrobe,,,,,Yes - featured
Emita Cottage,ACCOMM,AU0126592,Emita,7255,Flinders Council,N/A,VNT,Emita,Yes - featured,,,,
Lady Barron Sea Views,ACCOMM,AU0126761,Lady Barron,7255,Flinders Council,N/A,VNT,Lady Barron,Yes - featured,,,,
Lady Barron Cottage,ACCOMM,AU0126769,Lady Barron,7255,Flinders Council,N/A,VNT,Lady Barron,Yes - featured,,,,
Flinders Island Retreat at Cooma House,ACCOMM,AU0127008,Lady Barron,7255,Flinders Council,N/A,VNT,Lady Barron,Yes - featured,,,,
Walden@TrousersPoint,ACCOMM,AU0127074,Loccota,7255,Flinders Council,N/A,VNT,Loccota,Yes - featured,,,,
Island View Retreat,ACCOMM,AU0127217,Lady Barron,7255,Flinders Council,N/A,VNT,Lady Barron,Yes - featured,,,,
Nocton Vineyard Tasmania,RESTAURANT,AU0127559,Richmond,7025,Clarence City Council,N/A,DST,Richmond,,Yes - featured,,,
Blenheim Gallery and Garden,ATTRACTION,AU0128604,Longford,7301,Northern Midlands Council,N/A,VNT,Longford,Yes - featured,,,,
Intrepid Travel Tasmania,TOUR,AU0128624,Hobart,7000,Hobart City Council,N/A,DST,Hobart,,Yes - featured,,,
Alexandria Bed and Breakfast  and Function Venue,RESTAURANT,AU0129244,Wynyard,7325,Waratah-Wynyard Council,N/A,WxNW,Wynyard,,,,,Yes - featured
Railton Hotel,ACCOMM,AU0129397,Railton,7305,Kentish Council,N/A,WxNW,Railton,,,,,Yes - featured
Awesome Beach House Bicheno,ACCOMM,AU1567122,Bicheno,7215,Glamorgan Spring Bay Council,N/A,ECTT,Bicheno,,,Yes - featured,,
Hotel Grand Chancellor Hobart,ACCOMM,AU0129774,Hobart,7000,Hobart City Council,N/A,DST,Hobart,,Yes - featured,,,
Flinders Island Retreat at Cooma House Cooking School,RESTAURANT,AU0130475,Lady Barron,7255,Flinders Council,N/A,VNT,Lady Barron,Yes - featured,,,,
Art Farm Birchs Bay,ATTRACTION,AU0130704,Birchs Bay,7162,Kingborough Council,N/A,DST,Birchs Bay,,Yes - featured,,,
Unique Charters,TOUR,AU0131082,Invermay,7248,Launceston City Council,N/A,VNT,Invermay,Yes - featured,,,,
Madsen Retreat,ACCOMM,AU0131327,Penguin,7316,Central Coast Council,N/A,WxNW,Penguin,,,,,Yes - featured
Partridge Farm,ACCOMM,AU0131365,Lady Barron,7255,Flinders Council,N/A,VNT,Lady Barron,Yes - featured,,,,
The Gardeners Cottage on Warrentinna,ACCOMM,AU0131415,Branxholm,7261,Dorset Council,N/A,VNT,Branxholm,Yes - featured,,,,
ibis Styles Hobart,ACCOMM,AU0132234,Hobart,7000,Hobart City Council,N/A,DST,Hobart,,Yes - featured,,,
Mr. Good Guy Hobart,RESTAURANT,AU0132243,Hobart,7000,Hobart City Council,N/A,DST,Hobart,,Yes - featured,,,
Rose Cottage,ACCOMM,AU0132376,East Launceston,7250,Launceston City Council,N/A,VNT,East Launceston,Yes - featured,,,,
Fair Winds Tasmania,ACCOMM,AU0132379,Brooks Bay,7116,Huon Valley Council,N/A,DST,Brooks Bay,,Yes - featured,,,
"Green Valley Homestead, Flinders Island",ACCOMM,AU0132512,Whitemark,7255,Flinders Council,N/A,VNT,Whitemark,Yes - featured,,,,
"Allports Beach House, Flinders Island",ACCOMM,AU0132514,Flinders Island,7255,Flinders Council,N/A,VNT,Flinders Island,Yes - featured,,,,
The Corinda Collection,ACCOMM,AU0132552,Glebe,7000,Hobart City Council,N/A,DST,Glebe,,Yes - featured,,,
Lufra Cafe and Bistro,RESTAURANT,AU0132625,Eaglehawk Neck,7179,Tasman Council,N/A,DST,Eaglehawk Neck,,Yes - featured,,,
Bruny Island Lodge,ACCOMM,AU0132647,Lunawanna,7150,Kingborough Council,N/A,DST,Lunawanna,,Yes - featured,,,
"Cloudy Bay Beach House, Bruny Island",ACCOMM,AU0132700,Bruny Island,7150,Kingborough Council,N/A,DST,Bruny Island,,Yes - featured,,,
Cloudy Bay Cabin,ACCOMM,AU0132701,Bruny Island,7150,Kingborough Council,N/A,DST,Bruny Island,,Yes - featured,,,
Cloudy Bay Villa,ACCOMM,AU0132704,Bruny Island,7150,Kingborough Council,N/A,DST,Bruny Island,,Yes - featured,,,
Saintys Creek Cottage,ACCOMM,AU0132706,Bruny Island,7150,Kingborough Council,N/A,DST,Bruny Island,,Yes - featured,,,
West Coast Wilderness Railway Museum,ATTRACTION,AU0132908,Queenstown,7467,West Coast Council,N/A,WxNW,Queenstown,,,,Yes - featured,
Tracks Cafe Queenstown,RESTAURANT,AU0132918,Queenstown,7467,West Coast Council,N/A,WxNW,Queenstown,,,,Yes - featured,
Tasmanian Mountain Bike Adventures,TOUR,AU0132945,Hobart,7004,Hobart City Council,N/A,DST,Hobart,,Yes - featured,,,
Maydena Bike Park,ATTRACTION,AU0133017,Maydena,7140,Derwent Valley Council,N/A,DST,Maydena,,Yes - featured,,,
Bruny Island Cheese Co.,RESTAURANT,AU0133053,Bruny Island,7150,Kingborough Council,N/A,DST,Bruny Island,,Yes - featured,,,
Hotel Bruny,RESTAURANT,AU0133142,Bruny Island,7150,Kingborough Council,N/A,DST,Bruny Island,,Yes - featured,,,
Overland Track Transport,TRANSPORT,AU0133314,Launceston,7250,Launceston City Council,N/A,VNT,Launceston,Yes - featured,,,,
Flinders Island Interstate Hotel,ACCOMM,AU0133589,Whitemark,7255,Flinders Council,N/A,VNT,Whitemark,Yes - featured,,,,
Candy Abalone,RESTAURANT,AU0133787,Cambridge,7170,Clarence City Council,N/A,DST,Cambridge,,Yes - featured,,,
Bargain Car Rentals (Hobart Airport),HIRE,AU0134051,Cambridge,7170,Clarence City Council,N/A,DST,Cambridge,,Yes - featured,,,
Scamander Sanctuary Holiday Park,ACCOMM,AU0134245,Scamander,7215,Break O'Day Council,N/A,ECTT,Scamander,,,Yes - featured,,
Evolo Room Escape,ATTRACTION,AU0134258,Hobart,7000,Hobart City Council,N/A,DST,Hobart,,Yes - featured,,,
Tiger Track Stamps,GENSERVICE,AU0134404,Austins Ferry,7011,Glenorchy Council,N/A,DST,Austins Ferry,,Yes - featured,,,
Evandale Visitor Information & History Centre,INFO,AU0134682,Evandale,7212,Northern Midlands Council,N/A,VNT,Evandale,Yes - featured,,,,
Ross Visitor Information Centre,INFO,AU0134686,Ross,7209,Northern Midlands Council,N/A,VNT,Ross,Yes - featured,,,,
Encounter Maria Island,TOUR,AU0134984,Triabunna,7190,Glamorgan Spring Bay Council,N/A,ECTT,Triabunna,,,Yes - featured,,
Craigie Knowe Vineyard & Flora's Restaurant,RESTAURANT,AU0135206,Cranbrook,7190,Glamorgan Spring Bay Council,N/A,ECTT,Cranbrook,,,Yes - featured,,
The Agrarian Kitchen Restaurant & Kiosk,RESTAURANT,AU0135254,New Norfolk,7140,Derwent Valley Council,N/A,DST,New Norfolk,,Yes - featured,,,
Truffle Lodge,ACCOMM,AU0135637,Gretna,7140,Central Highlands Council,N/A,DST,Gretna,,Yes - featured,,,
Cradle Mountain Coaches,TRANSPORT,AU0135638,Wesley Vale,7307,Latrobe Council,N/A,WxNW,Wesley Vale,,,,,Yes - featured
Clover Hill Wines,RESTAURANT,AU0137366,Lebrina,7254,Launceston City Council,N/A,VNT,Lebrina,Yes - featured,,,,
LeisureRent Cambridge,HIRE,AU0137418,Cambridge,7170,Clarence City Council,N/A,DST,Cambridge,,Yes - featured,,,
LeisureRent Launceston Airport,HIRE,AU0137431,Western Junction,7212,Northern Midlands Council,N/A,VNT,Western Junction,Yes - featured,,,,
VentureMax Travels,TOUR,AU0139605,Hobart,7000,Hobart City Council,N/A,DST,Hobart,,Yes - featured,,,
Wild Island Adventure Hire  & Transport,HIRE,AU0140763,Perth,7300,Northern Midlands Council,N/A,VNT,Perth,Yes - featured,,,,
Rathmore,ACCOMM,AU0141393,Hollow Tree,7140,Central Highlands Council,N/A,DST,Hollow Tree,,Yes - featured,,,
Lobster Shack Tasmania,RESTAURANT,AU0141692,Bicheno,7215,Glamorgan Spring Bay Council,N/A,ECTT,Bicheno,,,Yes - featured,,
wukalina Walk,TOUR,AU0143282,Launceston,7250,Launceston City Council,N/A,VNT,Launceston,Yes - featured,,,,
Dusk2Dawn Accommodation,ACCOMM,AU0143303,Lilydale,7268,Launceston City Council,Dorset Council,VNT,Lilydale,Yes - featured,,,,
The Paragon Theatre,ATTRACTION,AU0143563,Queenstown,7467,West Coast Council,N/A,WxNW,Queenstown,,,,Yes - featured,
The Maker,ATTRACTION,AU0143641,Hobart,7000,Hobart City Council,N/A,DST,Hobart,,Yes - featured,,,
Avalon Blue @ Derby,ACCOMM,AU0144498,Derby,7264,Dorset Council,N/A,VNT,Derby,Yes - featured,,,,
Hillwood Berries Farmgate & Pick Your Own,RESTAURANT,AU0145752,Hillwood,7252,George Town Council,N/A,VNT,Hillwood,Yes - featured,,,,
Huon Valley House,ACCOMM,AU0146241,Ranelagh,7109,Huon Valley Council,N/A,DST,Ranelagh,,Yes - featured,,,
Beach View Apartment,ACCOMM,AU0146957,Blackmans Bay,7052,Kingborough Council,N/A,DST,Blackmans Bay,,Yes - featured,,,
Spirit Safaris in Tasmania,TOUR,AU0148248,Leslie Vale,7054,Kingborough Council,N/A,DST,Leslie Vale,,Yes - featured,,,
Apartments on Fraser Bicheno,ACCOMM,AU0148866,Bicheno,7215,Glamorgan Spring Bay Council,N/A,ECTT,Bicheno,,,Yes - featured,,
Greenoaks Gallery,ATTRACTION,AU0148985,East Launceston,7250,Launceston City Council,N/A,VNT,East Launceston,Yes - featured,,,,
Bell & Gong,RESTAURANT,AU0149047,Longford,7301,Northern Midlands Council,N/A,VNT,Longford,Yes - featured,,,,
Premium MTB Tours Tasmania,TRANSPORT,AU0149054,Derby,7264,Dorset Council,N/A,VNT,Derby,Yes - featured,,,,
Wineglass Bay Discovery Tours,TOUR,AU0151601,Hobart,7000,Hobart City Council,N/A,DST,Hobart,,Yes - featured,,,
The Crayshack,ACCOMM,AU0151878,Killiecrankie,7255,Flinders Council,N/A,VNT,Killiecrankie,Yes - featured,,,,
Mountain Biking Adventures Derby,HIRE,AU0154161,Derby,7264,Dorset Council,N/A,VNT,Derby,Yes - featured,,,,
Sanctum Boutique Apartments,ACCOMM,AU0154794,Hobart,7000,Hobart City Council,N/A,DST,Hobart,,Yes - featured,,,
Spring Bay Distillery - Spring Beach Cellar Door,RESTAURANT,AU0155213,Spring Beach,7190,Glamorgan Spring Bay Council,N/A,ECTT,Spring Beach,,,Yes - featured,,
The Low Head Beach House,ACCOMM,AU0155331,Low Head,7253,George Town Council,N/A,VNT,Low Head,Yes - featured,,,,
Luxury Golf and Scenic Tours Tasmania,TOUR,AU0155593,Hadspen,7290,Meander Valley Council,N/A,VNT,Hadspen,Yes - featured,,,,
Tahune Adventures - Twin Rivers Adventure,TOUR,AU0156438,Geeveston,7116,Huon Valley Council,N/A,DST,Geeveston,,Yes - featured,,,
Robin's Nest B and B,ACCOMM,AU0156700,Wilmot,7310,Kentish Council,N/A,WxNW,Wilmot,,,,,Yes - featured
The Derby Lodge,ACCOMM,AU0156806,Derby,7264,Dorset Council,N/A,VNT,Derby,Yes - featured,,,,
1830 Restaurant and Bar,RESTAURANT,AU0157359,Port Arthur,7182,Tasman Council,N/A,DST,Port Arthur,,Yes - featured,,,
Shore House King Island,ACCOMM,AU0157391,Loorana,7256,King Island Council,N/A,WxNW,Loorana,,,,,Yes - featured
Hellfire Bluff Distillery,RESTAURANT,AU0157419,Boomer Bay,7177,Sorell Council,N/A,DST,Boomer Bay,,Yes - featured,,,
Freycinet Charters,TOUR,AU0158834,Coles Bay,7215,Glamorgan Spring Bay Council,N/A,ECTT,Coles Bay,,,Yes - featured,,
Frogmore Creek Wine Bar,RESTAURANT,AU0160505,Hobart,7000,Hobart City Council,N/A,DST,Hobart,,Yes - featured,,,
Tasmanian Family History Society Inc. Hobart Branch,ATTRACTION,AU0161824,Bellerive,7018,Clarence City Council,N/A,DST,Bellerive,,Yes - featured,,,
Eastcoaster Tasmania,ACCOMM,AU0162574,Orford,7190,Glamorgan Spring Bay Council,N/A,ECTT,Orford,,,Yes - featured,,
Lawrenny Estate Distillery,RESTAURANT,AU0162628,Ouse,7140,Central Highlands Council,N/A,DST,Ouse,,Yes - featured,,,
Cascade Brewery Bar,RESTAURANT,AU0162789,South Hobart,7004,Hobart City Council,N/A,DST,South Hobart,,Yes - featured,,,
Cascade Brewery,ATTRACTION,AU0162798,South Hobart,7004,Hobart City Council,N/A,DST,South Hobart,,Yes - featured,,,
Southern Wild Distillery,RESTAURANT,AU0164826,Devonport,7310,Devonport City Council,N/A,WxNW,Devonport,,,,,Yes - featured
The Dragonfly Inn,ACCOMM,AU0164840,West Launceston,7250,Launceston City Council,N/A,VNT,West Launceston,Yes - featured,,,,
Mount Claude,ATTRACTION,AU0165462,Gowrie Park,7306,Kentish Council,N/A,WxNW,Gowrie Park,,,,,Yes - featured
Mt Van Dyke,ATTRACTION,AU0165470,Gowrie Park,7306,Kentish Council,N/A,WxNW,Gowrie Park,,,,,Yes - featured
Dasher Falls,ATTRACTION,AU0165481,Lower Beulah,7306,Kentish Council,N/A,WxNW,Lower Beulah,,,,,Yes - featured
Stoodley Forest Walk and Arboretum,ATTRACTION,AU0165485,Stoodley,7306,Kentish Council,N/A,WxNW,Stoodley,,,,,Yes - featured
Railtrack Riders,TOUR,AU0165507,Maydena,7140,Derwent Valley Council,N/A,DST,Maydena,,Yes - featured,,,
Stanley's Studio and Gallery - The Art of Richard Stanley,ATTRACTION,AU0165512,Cygnet,7112,Huon Valley Council,N/A,DST,Cygnet,,Yes - featured,,,
Tarkine Fresh Oysters,RESTAURANT,AU0165660,Smithton,7330,Circular Head Council,N/A,WxNW,Smithton,,,,,Yes - featured
Peppers Silo Hotel,ACCOMM,AU0166571,Invermay,7248,Launceston City Council,N/A,VNT,Invermay,Yes - featured,,,,
Hilltop Barn at Swan Bay,ACCOMM,AU0168129,Dilston,7252,Launceston City Council,N/A,VNT,Dilston,Yes - featured,,,,
Table House Farm,ACCOMM,AU0168144,Table Cape,7325,Waratah-Wynyard Council,N/A,WxNW,Table Cape,,,,,Yes - featured
Cygnet Old Bank Conservatory Cafe,RESTAURANT,AU0168175,Cygnet,7112,Huon Valley Council,N/A,DST,Cygnet,,Yes - featured,,,
Cygnet Old Bank Boutique Accommodation,ACCOMM,AU0168176,Cygnet,7112,Huon Valley Council,N/A,DST,Cygnet,,Yes - featured,,,
Alpenrose Bistro,RESTAURANT,AU0168304,Grindelwald,7277,West Tamar Council,N/A,VNT,Grindelwald,Yes - featured,,,,
Tamar Valley Wine,ATTRACTION,AU0168535,Launceston,7250,Launceston City Council,N/A,VNT,Launceston,Yes - featured,,,,
Gordon River Cruises,TOUR,AU0169345,Strahan,7468,West Coast Council,N/A,WxNW,Strahan,,,,Yes - featured,
Wildwood Luxury Eco  Retreat,ACCOMM,AU0169395,Koonya,7187,Tasman Council,N/A,DST,Koonya,,Yes - featured,,,
Old Wharf Restaurant,RESTAURANT,AU0169591,Hobart,7000,Hobart City Council,N/A,DST,Hobart,,Yes - featured,,,
Saltshaker Cafe and Restaurant,RESTAURANT,AU0170512,Swansea,7190,Glamorgan Spring Bay Council,N/A,ECTT,Swansea,,,Yes - featured,,
Glass Manifesto,ATTRACTION,AU0170729,Invermay,7248,Launceston City Council,N/A,VNT,Invermay,Yes - featured,,,,
Pooseum,ATTRACTION,AU0171188,Richmond,7025,Clarence City Council,N/A,DST,Richmond,,Yes - featured,,,
Bruny Island Honey - Bruny Island,ATTRACTION,AU0173562,Great Bay,7150,Kingborough Council,N/A,DST,Great Bay,,Yes - featured,,,
Drift,RESTAURANT,AU0173951,Devonport,7310,Devonport City Council,N/A,WxNW,Devonport,,,,,Yes - featured
SkyBus Hobart,TRANSPORT,AU0174780,Hobart,7000,Hobart City Council,N/A,DST,Hobart,,Yes - featured,,,
Free Spirit Pods,ACCOMM,AU0174866,North Bruny,7150,Kingborough Council,N/A,DST,North Bruny,,Yes - featured,,,
Tarkine Quad and Side by Side Adventures,TOUR,AU0174910,Lapoinya,7325,Waratah-Wynyard Council,N/A,WxNW,Lapoinya,,,,,Yes - featured
Lily & Dot,ATTRACTION,AU0176236,Hobart,7000,Hobart City Council,N/A,DST,Hobart,,Yes - featured,,,
Terrace Kitchen,RESTAURANT,AU0178714,Prospect Vale,7250,Meander Valley Council,N/A,VNT,Prospect Vale,Yes - featured,,,,
The Cob Barn,ACCOMM,AU0179297,Lilydale,7268,Launceston City Council,Dorset Council,VNT,Lilydale,Yes - featured,,,,
Van Diemens Land Creamery,RESTAURANT,AU0179399,Elizabeth Town,7304,Meander Valley Council,N/A,VNT,Elizabeth Town,Yes - featured,,,,
Van Diemens Land Creamery Hobart,RESTAURANT,AU0179771,Hobart,7000,Hobart City Council,N/A,DST,Hobart,,Yes - featured,,,
Maylands Lodge,ACCOMM,AU0181483,New Town,7008,Hobart City Council,N/A,DST,New Town,,Yes - featured,,,
Lo Cost Auto Rent,HIRE,AU0184091,Hobart,7000,Hobart City Council,N/A,DST,Hobart,,Yes - featured,,,
Highland Getaway Luxury Farm Stay B&B,ACCOMM,AU0186387,Ranelagh,7109,Huon Valley Council,N/A,DST,Ranelagh,,Yes - featured,,,
Taylors Bay Cottage,ACCOMM,AU0186638,Bruny Island,7150,Kingborough Council,N/A,DST,Bruny Island,,Yes - featured,,,
Ventnor Guest House,ACCOMM,AU0186646,Bruny Island,7150,Kingborough Council,N/A,DST,Bruny Island,,Yes - featured,,,
Hursey Seafoods Restaurant,RESTAURANT,AU0186934,Stanley,7331,Circular Head Council,N/A,WxNW,Stanley,,,,,Yes - featured
Circular Head Heritage Centre,ATTRACTION,AU0186938,Smithton,7330,Circular Head Council,N/A,WxNW,Smithton,,,,,Yes - featured
kunanyi/Mt Wellington Explorer Bus,TOUR,AU0187906,Hobart,7000,Hobart City Council,N/A,DST,Hobart,,Yes - featured,,,
Meander Valley Vineyard,RESTAURANT,AU0188321,Red Hills,7304,Meander Valley Council,N/A,VNT,Red Hills,Yes - featured,,,,
Belmont Homestead,ACCOMM,AU0188471,Swansea,7190,Glamorgan Spring Bay Council,N/A,ECTT,Swansea,,,Yes - featured,,
Highland Getaway ATV farm tour safari,TOUR,AU0189017,Ranelagh,7109,Huon Valley Council,N/A,DST,Ranelagh,,Yes - featured,,,
Chill Tasmania,ACCOMM,AU0191166,White Beach,7184,Tasman Council,N/A,DST,White Beach,,Yes - featured,,,
Seaside Farm Retreat,ACCOMM,AU0192592,Penguin,7316,Central Coast Council,N/A,WxNW,Penguin,,,,,Yes - featured
Meander Wilderness Experiences,TOUR,AU0193202,Meander,7304,Meander Valley Council,N/A,VNT,Meander,Yes - featured,,,,
Tullah HideAway - Lakeside & Mountain Views,ACCOMM,AU0193364,Tullah,7321,West Coast Council,N/A,WxNW,Tullah,,,,Yes - featured,
Up Down Around MTB,TRANSPORT,AU0193847,Derby,7264,Dorset Council,N/A,VNT,Derby,Yes - featured,,,,
Pilgrim Hill,ACCOMM,AU0194404,Lucaston,7109,Huon Valley Council,N/A,DST,Lucaston,,Yes - featured,,,
Tasman Holiday Parks - St Helens,ACCOMM,AU0194756,St Helens,7216,Break O'Day Council,N/A,ECTT,St Helens,,,Yes - featured,,
Tamar House,ACCOMM,AU0194863,Rosevears,7277,West Tamar Council,N/A,VNT,Rosevears,Yes - featured,,,,
Giant Tree Expeditions,TOUR,AU0194906,Hobart,7000,Hobart City Council,N/A,DST,Hobart,,Yes - featured,,,
Sculptured Gallery,ATTRACTION,AU0195378,Clarence Point,7270,West Tamar Council,N/A,VNT,Clarence Point,Yes - featured,,,,
Tourism Brochure Exchange,GENSERVICE,AU0197253,Montrose,7010,Glenorchy Council,N/A,DST,Montrose,,Yes - featured,,,
Evolution Biking,HIRE,AU0199618,Derby,7264,Dorset Council,N/A,VNT,Derby,Yes - featured,,,,
Bass Lodge- King Island,ACCOMM,AU0199997,Loorana,7256,King Island Council,N/A,WxNW,Loorana,,,,,Yes - featured
Tracks on Point Cafe,RESTAURANT,AU0200056,Strahan,7468,West Coast Council,N/A,WxNW,Strahan,,,,Yes - featured,
Blue Seas Holiday Villas,ACCOMM,AU0200124,Scamander,7215,Break O'Day Council,N/A,ECTT,Scamander,,,Yes - featured,,
The Playhouse Theatre,ATTRACTION,AU0200585,Hobart,7000,Hobart City Council,N/A,DST,Hobart,,Yes - featured,,,
Above & Beyond Tasmania,TOUR,AU0201033,Hobart,7000,Hobart City Council,N/A,DST,Hobart,,Yes - featured,,,
Drive Car Hire - Hobart City,HIRE,AU0202807,Hobart,7000,Hobart City Council,N/A,DST,Hobart,,Yes - featured,,,
The Highland Fly,TOUR,AU0203126,Miena,7030,Central Highlands Council,N/A,DST,Miena,,Yes - featured,,,
Maria Island Shuttle,TOUR,AU0203138,Hobart,7000,Hobart City Council,N/A,DST,Hobart,,Yes - featured,,,
Tasmania Fly Fishing,TOUR,AU0204253,Riverside,7250,West Tamar Council,Meander Valley Council,VNT,Riverside,Yes - featured,,,,
Empire Hotel- Cycles at the Empire,RESTAURANT,AU0205396,Deloraine,7304,Meander Valley Council,N/A,VNT,Deloraine,Yes - featured,,,,
Outlook BnB,ACCOMM,AU0206230,Rosevears,7277,West Tamar Council,N/A,VNT,Rosevears,Yes - featured,,,,
Raffah House,ACCOMM,AU0208791,Oatlands,7120,Southern Midlands Council,N/A,DST,Oatlands,,Yes - featured,,,
Sylvia's Kitchen Tasmania,RESTAURANT,AU0208862,Riverside,7250,West Tamar Council,Meander Valley Council,VNT,Riverside,Yes - featured,,,,
Evolve Spirits Bar,RESTAURANT,AU0209040,Hobart,7000,Hobart City Council,N/A,DST,Hobart,,Yes - featured,,,
Prospect Country House,ACCOMM,AU0209670,Richmond,7025,Clarence City Council,N/A,DST,Richmond,,Yes - featured,,,
River Vineyard Retreat Unit 5,ACCOMM,AU0209858,Grindelwald,7277,West Tamar Council,N/A,VNT,Grindelwald,Yes - featured,,,,
Cottage On Main,ACCOMM,AU0210161,Franklin,7113,Huon Valley Council,N/A,DST,Franklin,,Yes - featured,,,
Timbre Kitchen,RESTAURANT,AU0210502,Legana,7277,West Tamar Council,N/A,VNT,Legana,Yes - featured,,,,
Salt Box Hideaways,ACCOMM,AU0212063,Strahan,7468,West Coast Council,N/A,WxNW,Strahan,,,,Yes - featured,
The Channel Cafe,RESTAURANT,AU0212326,Margate,7054,Kingborough Council,Huon Valley Council,DST,Margate,,Yes - featured,,,
Rocket at the end of the road,RESTAURANT,AU0212474,Southport,7109,Huon Valley Council,N/A,DST,Southport,,Yes - featured,,,
Abbey on Main,ACCOMM,AU0212485,Franklin,7113,Huon Valley Council,N/A,DST,Franklin,,Yes - featured,,,
Forth River Cottage,ACCOMM,AU0212495,Forth,7310,Central Coast Council,Devonport City Council,WxNW,Forth,,,,,Yes - featured
The Hub - Pizza and Beer,RESTAURANT,AU0213562,Derby,7264,Dorset Council,N/A,VNT,Derby,Yes - featured,,,,
StelaVino  - Guided Wine Tours Hobart Tasmania,TOUR,AU0214864,Hobart,7005,Hobart City Council,N/A,DST,Hobart,,Yes - featured,,,
Turner Stillhouse,RESTAURANT,AU0215066,Rosevears,7277,West Tamar Council,N/A,VNT,Rosevears,Yes - featured,,,,
Leven River Retreat,ACCOMM,AU0216232,West Ulverstone,7315,Central Coast Council,N/A,WxNW,West Ulverstone,,,,,Yes - featured
The Mariner - Oceanfront Retreat,ACCOMM,AU0216773,Falmouth,7215,Break O'Day Council,N/A,ECTT,Falmouth,,,Yes - featured,,
Fannys Bay Distillery,RESTAURANT,AU0216822,Lulworth,7252,George Town Council,N/A,VNT,Lulworth,Yes - featured,,,,
Stillwater Seven,ACCOMM,AU0217083,Launceston,7250,Launceston City Council,N/A,VNT,Launceston,Yes - featured,,,,
Waterton Hall Wines,RESTAURANT,AU0217300,Rowella,7270,West Tamar Council,N/A,VNT,Rowella,Yes - featured,,,,
The Franklin Palais Theatre,ATTRACTION,AU0217546,Franklin,7113,Huon Valley Council,N/A,DST,Franklin,,Yes - featured,,,
Tasmanian Wild Seafood Adventures,TOUR,AU0227931,Hobart,7000,Hobart City Council,N/A,DST,Hobart,,Yes - featured,,,
Smitten Merino Boutique,ATTRACTION,AU0232857,Battery Point,7004,Hobart City Council,N/A,DST,Battery Point,,Yes - featured,,,
Earthy Eats,RESTAURANT,AU0267272,Launceston,7250,Launceston City Council,N/A,VNT,Launceston,Yes - featured,,,,
Compass Hut,ACCOMM,AU0275538,Forthside,7310,Devonport City Council,N/A,WxNW,Forthside,,,,,Yes - featured
Peak Potential Adventures,TOUR,AU0276297,Port Arthur,7182,Tasman Council,N/A,DST,Port Arthur,,Yes - featured,,,
Hobart Cityscape Apartment 1 Wellington,ACCOMM,AU0276769,Hobart,7000,Hobart City Council,N/A,DST,Hobart,,Yes - featured,,,
Alpaca Farm Tours with Toffeemont,TOUR,AU0277230,Orielton,7172,Sorell Council,N/A,DST,Orielton,,Yes - featured,,,
Darby-Norris Distillery featuring 2Birdz Liquor Co.,RESTAURANT,AU0277272,Scottsdale,7260,Dorset Council,N/A,VNT,Scottsdale,Yes - featured,,,,
Sheffield Art Gallery,ATTRACTION,AU0278837,Sheffield,7306,Kentish Council,N/A,WxNW,Sheffield,,,,,Yes - featured
Inala Jurassic Garden and Nature Museum,ATTRACTION,AU0279016,South Bruny,7150,Kingborough Council,N/A,DST,South Bruny,,Yes - featured,,,
Mosaic Pathway (WASS),ATTRACTION,AU0279941,Sheffield,7306,Kentish Council,N/A,WxNW,Sheffield,,,,,Yes - featured
Hot Air Balloon Tasmania,TOUR,AU0281681,Launceston,7250,Launceston City Council,N/A,VNT,Launceston,Yes - featured,,,,
Diamond Island Resort,ACCOMM,AU0283361,Bicheno,7215,Glamorgan Spring Bay Council,N/A,ECTT,Bicheno,,,Yes - featured,,
Lake Leake Inn,ACCOMM,AU0283412,Lake Leake,7210,Northern Midlands Council,N/A,VNT,Lake Leake,Yes - featured,,,,
Launceston By Foot,TOUR,AU0283510,Launceston,7250,Launceston City Council,N/A,VNT,Launceston,Yes - featured,,,,
The Honey Pot,RESTAURANT,AU0284119,Huonville,7109,Huon Valley Council,N/A,DST,Huonville,,Yes - featured,,,
Poatina Chalet,ACCOMM,AU0284151,Poatina,7302,Northern Midlands Council,N/A,VNT,Poatina,Yes - featured,,,,
Tranquility Bay of Fires,ACCOMM,AU0285264,Binalong Bay,7216,Break O'Day Council,N/A,ECTT,Binalong Bay,,,Yes - featured,,
Rock Lobster,ACCOMM,AU0285331,Southport,7109,Huon Valley Council,N/A,DST,Southport,,Yes - featured,,,
Flywheel,ATTRACTION,AU0285582,New Norfolk,7140,Derwent Valley Council,N/A,DST,New Norfolk,,Yes - featured,,,
Wine in the Vines - Bangor Vineyard Tour,TOUR,AU0286934,Dunalley,7177,Sorell Council,N/A,DST,Dunalley,,Yes - featured,,,
The Cove Bay of Fires,ACCOMM,AU0287011,Binalong Bay,7216,Break O'Day Council,N/A,ECTT,Binalong Bay,,,Yes - featured,,
Baileys Beach House,ACCOMM,AU0289076,Binalong Bay,7216,Break O'Day Council,N/A,ECTT,Binalong Bay,,,Yes - featured,,
Harvest and Light Photo Gallery,ATTRACTION,AU0289609,Geeveston,7116,Huon Valley Council,N/A,DST,Geeveston,,Yes - featured,,,
Villa Jasper Bay of Fires,ACCOMM,AU0290054,Binalong Bay,7216,Break O'Day Council,N/A,ECTT,Binalong Bay,,,Yes - featured,,
Eudaimonia Tasmanian Cycling Tours,TOUR,AU0290142,Sandy Bay,7005,Hobart City Council,N/A,DST,Sandy Bay,,Yes - featured,,,
Holland House Bay of Fires,ACCOMM,AU0290392,Binalong Bay,7216,Break O'Day Council,N/A,ECTT,Binalong Bay,,,Yes - featured,,
Bakehouse Distillery,RESTAURANT,AU0290457,Dover,7117,Huon Valley Council,N/A,DST,Dover,,Yes - featured,,,
Kooparoona Niara Tours,TOUR,AU0290520,Deloraine,7304,Meander Valley Council,N/A,VNT,Deloraine,Yes - featured,,,,
Impression Bay Distillery,RESTAURANT,AU0290945,Premaydena,7185,Tasman Council,N/A,DST,Premaydena,,Yes - featured,,,
Driftwood Bay of Fires,ACCOMM,AU0290947,Binalong Bay,7216,Break O'Day Council,N/A,ECTT,Binalong Bay,,,Yes - featured,,
Mimosa House,ACCOMM,AU0290949,St Helens,7216,Break O'Day Council,N/A,ECTT,St Helens,,,Yes - featured,,
Halcyon Days,ACCOMM,AU0290950,St Helens,7216,Break O'Day Council,N/A,ECTT,St Helens,,,Yes - featured,,
Mole Creek Hideaway,ACCOMM,AU0292606,Mole Creek,7304,Meander Valley Council,N/A,VNT,Mole Creek,Yes - featured,,,,
Pink Poodle Vintage,ATTRACTION,AU0292825,George Town,7253,George Town Council,N/A,VNT,George Town,Yes - featured,,,,
Zeehan Bush Camp,ACCOMM,AU0293355,Zeehan,7469,West Coast Council,N/A,WxNW,Zeehan,,,,Yes - featured,
Dales of Derby,ACCOMM,AU0300216,Derby,7264,Dorset Council,N/A,VNT,Derby,Yes - featured,,,,
PACHINKO,RESTAURANT,AU0301801,Launceston,7250,Launceston City Council,N/A,VNT,Launceston,Yes - featured,,,,
The Grand On Macfie,ACCOMM,AU0301997,Devonport,7310,Devonport City Council,N/A,WxNW,Devonport,,,,,Yes - featured
Trout Tales Tasmania,TOUR,AU0302497,Howden,7054,Kingborough Council,N/A,DST,Howden,,Yes - featured,,,
Clayfield Homestead,ACCOMM,AU0302829,Bishopsbourne,7301,Northern Midlands Council,N/A,VNT,Bishopsbourne,Yes - featured,,,,
Campo de Flori - Boutique  farm and artisan ceramic studio,RESTAURANT,AU0303904,Glen Huon,7109,Huon Valley Council,N/A,DST,Glen Huon,,Yes - featured,,,
Discover King Island Group Travel Tours,TOUR,AU0304636,Currie,7256,King Island Council,N/A,WxNW,Currie,,,,,Yes - featured
The Brew Hop,TOUR,AU0305232,Hobart,7000,Hobart City Council,N/A,DST,Hobart,,Yes - featured,,,
Kittawa Lodge,ACCOMM,AU0306786,Pearshape,7256,King Island Council,N/A,WxNW,Pearshape,,,,,Yes - featured
Olde Tudor Hotel,ACCOMM,AU0310403,Prospect,7250,Launceston City Council,N/A,VNT,Prospect,Yes - featured,,,,
"Princess Theatre, Launceston",ATTRACTION,AU0311157,Launceston,7250,Launceston City Council,N/A,VNT,Launceston,Yes - featured,,,,
Bicheno Blowhole,ATTRACTION,AU0316117,Bicheno,7215,Glamorgan Spring Bay Council,N/A,ECTT,Bicheno,,,Yes - featured,,
Gold Bar Hobart,RESTAURANT,AU0316190,Hobart,7000,Hobart City Council,N/A,DST,Hobart,,Yes - featured,,,
Dover RSL and Ex Services Club,RESTAURANT,AU0316496,Dover,7117,Huon Valley Council,N/A,DST,Dover,,Yes - featured,,,
Ship Inn Stanley,ACCOMM,AU0317127,Stanley,7331,Circular Head Council,N/A,WxNW,Stanley,,,,,Yes - featured
Rustic Bakehouse,RESTAURANT,AU0317268,Cressy,7302,Northern Midlands Council,N/A,VNT,Cressy,Yes - featured,,,,
Serpentarium Wildlife Park Tasmania,ATTRACTION,AU0318534,St Helens,7216,Break O'Day Council,N/A,ECTT,St Helens,,,Yes - featured,,
Domescapes Tasmania,ACCOMM,AU0318893,Sidmouth,7270,West Tamar Council,N/A,VNT,Sidmouth,Yes - featured,,,,
Tam O'Shanter Golf & Community Club Inc,ATTRACTION,AU0321574,Lulworth,7252,George Town Council,N/A,VNT,Lulworth,Yes - featured,,,,
Titanium Bar & Bistro,RESTAURANT,AU0322001,Launceston,7250,Launceston City Council,N/A,VNT,Launceston,Yes - featured,,,,
Bluestone Bar & Kitchen,RESTAURANT,AU0322480,Launceston,7250,Launceston City Council,N/A,VNT,Launceston,Yes - featured,,,,
Experiential Tasmania,TOUR,AU0322627,Launceston,7250,Launceston City Council,N/A,VNT,Launceston,Yes - featured,,,,
Drive Car Hire - Hobart Airport,HIRE,AU0323062,Cambridge,7170,Clarence City Council,N/A,DST,Cambridge,,Yes - featured,,,
Drive Car Hire - Strahan,HIRE,AU0323187,Hobart,7000,Hobart City Council,N/A,DST,Hobart,,Yes - featured,,,
Drive Car Hire - Launceston Airport,HIRE,AU0323195,Western Junction,7212,Northern Midlands Council,N/A,VNT,Western Junction,Yes - featured,,,,
Phoenix Creations,ATTRACTION,AU0337654,Cygnet,7112,Huon Valley Council,N/A,DST,Cygnet,,Yes - featured,,,
Crowne Plaza Hobart,ACCOMM,AU0359773,Hobart,7000,Hobart City Council,N/A,DST,Hobart,,Yes - featured,,,
Pipers River Board Walk,ATTRACTION,AU0373448,Pipers River,7252,George Town Council,Launceston City Council,VNT,Pipers River,Yes - featured,,,,
Lythgo's Row Cottages,ACCOMM,AU0374155,Pontville,7030,Brighton Council,N/A,DST,Pontville,,Yes - featured,,,
Old Bishop's Quarters,ACCOMM,AU0376250,Sandy Bay,7005,Hobart City Council,N/A,DST,Sandy Bay,,Yes - featured,,,
Tamar Valley Food and Wine Boutique Tours,TOUR,AU0376300,Kings Meadows,7249,Launceston City Council,N/A,VNT,Kings Meadows,Yes - featured,,,,
Kymmik Cottage,ACCOMM,AU0377628,Geeveston,7116,Huon Valley Council,N/A,DST,Geeveston,,Yes - featured,,,
Daytripperz Tasmania,TOUR,AU0378502,Hobart,7170,Hobart City Council,N/A,DST,Hobart,,Yes - featured,,,
Gastown East,RESTAURANT,AU0379406,Bellerive,7018,Clarence City Council,N/A,DST,Bellerive,,Yes - featured,,,
Hagley RV Farm Stay (for self contained recreational vehicles),ACCOMM,AU0379922,Hagley,7292,Meander Valley Council,N/A,VNT,Hagley,Yes - featured,,,,
"Mallavale Farm, Boat Harbour",ACCOMM,AU0381345,Boat Harbour,7321,Waratah-Wynyard Council,N/A,WxNW,Boat Harbour,,,,,Yes - featured
Launceston Distillery,RESTAURANT,AU0383592,Western Junction,7212,Northern Midlands Council,N/A,VNT,Western Junction,Yes - featured,,,,
Coffee Mug,RESTAURANT,AU0386326,Scamander,7215,Break O'Day Council,N/A,ECTT,Scamander,,,Yes - featured,,
Tin Mountain,ACCOMM,AU0387369,Derby,7264,Dorset Council,N/A,VNT,Derby,Yes - featured,,,,
Maydena Mountain Cabins & Alpacas,ACCOMM,AU0387862,Maydena,7140,Derwent Valley Council,N/A,DST,Maydena,,Yes - featured,,,
King Island Car Rental,HIRE,AU0388389,Loorana,7256,King Island Council,N/A,WxNW,Loorana,,,,,Yes - featured
Karoola Cottage,ACCOMM,AU0388404,Karoola,7267,Launceston City Council,N/A,VNT,Karoola,Yes - featured,,,,
Platypus @ The Empire Hotel,TOUR,AU0389162,Deloraine,7304,Meander Valley Council,N/A,VNT,Deloraine,Yes - featured,,,,
Fork it Farm,RESTAURANT,AU0389721,Lebrina,7254,Launceston City Council,N/A,VNT,Lebrina,Yes - featured,,,,
Poatina Holiday Cottages,ACCOMM,AU0392383,Poatina,7302,Northern Midlands Council,N/A,VNT,Poatina,Yes - featured,,,,
Adventure Trails Tasmania,TOUR,AU0394063,Hobart,7001,Hobart City Council,N/A,DST,Hobart,,Yes - featured,,,
The King Island Beach Shala,ACCOMM,AU0394575,Naracoopa,7256,King Island Council,N/A,WxNW,Naracoopa,,,,,Yes - featured
Nourish Me Cafe,RESTAURANT,AU0395957,Devonport,7310,Devonport City Council,N/A,WxNW,Devonport,,,,,Yes - featured
Drift Beach Shack,ACCOMM,AU0396342,Weymouth,7252,George Town Council,N/A,VNT,Weymouth,Yes - featured,,,,
PumpJack B&B,ACCOMM,AU0397745,Scottsdale,7260,Dorset Council,N/A,VNT,Scottsdale,Yes - featured,,,,
Brighton Army Camp,ATTRACTION,AU0397992,Brighton,7030,Brighton Council,N/A,DST,Brighton,,Yes - featured,,,
Hotel Verge Launceston,ACCOMM,AU0398258,Launceston,7250,Launceston City Council,N/A,VNT,Launceston,Yes - featured,,,,
Boomer Creek Vineyard & Cellar Door,RESTAURANT,AU0398641,Little Swanport,7190,Glamorgan Spring Bay Council,N/A,ECTT,Little Swanport,,,Yes - featured,,
Furneaux Geotrail,ATTRACTION,AU0398689,Emita,7255,Flinders Council,N/A,VNT,Emita,Yes - featured,,,,
St Mark's Church Pontville,ATTRACTION,AU0398761,Pontville,7030,Brighton Council,N/A,DST,Pontville,,Yes - featured,,,
Bridgewater Foreshore Walking Trail,ATTRACTION,AU0398851,Bridgewater,7030,Brighton Council,N/A,DST,Bridgewater,,Yes - featured,,,
Waterbridge Food Co-Op and Pantry,RESTAURANT,AU0398868,Herdsmans Cove,7030,Brighton Council,N/A,DST,Herdsmans Cove,,Yes - featured,,,
Bay of Fires Apartments,ACCOMM,AU0399332,St Helens,7216,Break O'Day Council,N/A,ECTT,St Helens,,,Yes - featured,,
Wilmot Hills Orchard & Distillery,RESTAURANT,AU0400169,Lower Wilmot,7310,Kentish Council,N/A,WxNW,Lower Wilmot,,,,,Yes - featured
Bruny Boathouse,ACCOMM,AU0401482,Alonnah,7150,Kingborough Council,N/A,DST,Alonnah,,Yes - featured,,,
Derwent Experience,TOUR,AU0402452,Montrose,7010,Glenorchy Council,N/A,DST,Montrose,,Yes - featured,,,
Farm on Franklin Campground,ACCOMM,AU0404032,Harford,7307,Latrobe Council,N/A,WxNW,Harford,,,,,Yes - featured
Whitemark Foreshore Apartments,ACCOMM,AU0404084,Whitemark,7255,Flinders Council,N/A,VNT,Whitemark,Yes - featured,,,,
Wandering Trout,RESTAURANT,AU0404451,Mole Creek,7304,Meander Valley Council,N/A,VNT,Mole Creek,Yes - featured,,,,
Spring Bay Distillery - Cambridge Cellar Door,RESTAURANT,AU0404812,Cambridge,7170,Clarence City Council,N/A,DST,Cambridge,,Yes - featured,,,
Cherry Top Farmstay - Boutique Eco Village,ACCOMM,AU0405332,Lilydale,7268,Launceston City Council,Dorset Council,VNT,Lilydale,Yes - featured,,,,
Low Head Lighthouse,ATTRACTION,AU0406077,Low Head,7253,George Town Council,N/A,VNT,Low Head,Yes - featured,,,,
Hobart Cityscape Apartment 4 Studio,ACCOMM,AU0407057,Hobart,7000,Hobart City Council,N/A,DST,Hobart,,Yes - featured,,,
Tamar Valley Wine Centre,ATTRACTION,AU0407230,Exeter,7275,West Tamar Council,N/A,VNT,Exeter,Yes - featured,,,,
St Helens Mountain Bike Trails,ATTRACTION,AU0407304,St Helens,7216,Break O'Day Council,N/A,ECTT,St Helens,,,Yes - featured,,
Brady's Lookout,ATTRACTION,AU0407713,Rosevears,7277,West Tamar Council,N/A,VNT,Rosevears,Yes - featured,,,,
Floating Sauna Lake Derby,ATTRACTION,AU0407978,Derby,7264,Dorset Council,N/A,VNT,Derby,Yes - featured,,,,
Sassafras Springs,ACCOMM,AU0408201,Ellendale,7140,Central Highlands Council,N/A,DST,Ellendale,,Yes - featured,,,
Franklin Accommodation,ACCOMM,AU0408354,Franklin,7113,Huon Valley Council,N/A,DST,Franklin,,Yes - featured,,,
Whale Song Shack,ACCOMM,AU0409459,Falmouth,7215,Break O'Day Council,N/A,ECTT,Falmouth,,,Yes - featured,,
Pop-Up Picnic Tasmania,RESTAURANT,AU0409542,St Helens,7216,Break O'Day Council,N/A,ECTT,St Helens,,,Yes - featured,,
The Art of Sparking at Josef Chromy Wines,RESTAURANT,AU0409548,Relbia,7258,Northern Midlands Council,N/A,VNT,Relbia,Yes - featured,,,,
Mainly Maritime Inc,ATTRACTION,AU0409645,St Helens,7216,Break O'Day Council,N/A,ECTT,St Helens,,,Yes - featured,,
Falls River Eco Luxury Accommodation,ACCOMM,AU0409646,Deloraine,7304,Meander Valley Council,N/A,VNT,Deloraine,Yes - featured,,,,
Cygnet Retreat - A Class Above,ACCOMM,AU0409647,Cygnet,7112,Huon Valley Council,N/A,DST,Cygnet,,Yes - featured,,,
Beaumaris Beach Guest House,ACCOMM,AU0409655,Scamander,7215,Break O'Day Council,N/A,ECTT,Scamander,,,Yes - featured,,
Aloft Boutique Accommodation,ACCOMM,AU0409760,Strahan,7468,West Coast Council,N/A,WxNW,Strahan,,,,Yes - featured,
Prospect House Restaurant,RESTAURANT,AU0409777,Richmond,7025,Clarence City Council,N/A,DST,Richmond,,Yes - featured,,,
Aperture,ACCOMM,AU0409828,Coles Bay,7215,Glamorgan Spring Bay Council,N/A,ECTT,Coles Bay,,,Yes - featured,,
Blue Gum Retreat,ACCOMM,AU0409926,Coles Bay,7215,Glamorgan Spring Bay Council,N/A,ECTT,Coles Bay,,,Yes - featured,,
Cove Beach Apartments,ACCOMM,AU0409934,Coles Bay,7215,Glamorgan Spring Bay Council,N/A,ECTT,Coles Bay,,,Yes - featured,,
Richmond Botanicals Co.,ATTRACTION,AU0409970,Hobart,7000,Hobart City Council,N/A,DST,Hobart,,Yes - featured,,,
Swinging Gate Vineyard,RESTAURANT,AU0410001,Sidmouth,7270,West Tamar Council,N/A,VNT,Sidmouth,Yes - featured,,,,
Dock of the Bay,ACCOMM,AU0410009,Coles Bay,7215,Glamorgan Spring Bay Council,N/A,ECTT,Coles Bay,,,Yes - featured,,
Driftwood,ACCOMM,AU0410010,Coles Bay,7215,Glamorgan Spring Bay Council,N/A,ECTT,Coles Bay,,,Yes - featured,,
Secret River Gem Hunting and Kayaking Tours,TOUR,AU0410125,St Helens,7216,Break O'Day Council,N/A,ECTT,St Helens,,,Yes - featured,,
Brady's Lookout Cider,RESTAURANT,AU0411273,Rosevears,7277,West Tamar Council,N/A,VNT,Rosevears,Yes - featured,,,,
The Florance,ACCOMM,AU0411414,East Launceston,7250,Launceston City Council,N/A,VNT,East Launceston,Yes - featured,,,,
Kate Hill Wines,RESTAURANT,AU0411633,Huonville,7109,Huon Valley Council,N/A,DST,Huonville,,Yes - featured,,,
Bennell Georgian Townhouse,ACCOMM,AU0411790,Launceston,7250,Launceston City Council,N/A,VNT,Launceston,Yes - featured,,,,
The Truffledore,ATTRACTION,AU0412332,Lower Barrington,7306,Kentish Council,N/A,WxNW,Lower Barrington,,,,,Yes - featured
The Keep,ACCOMM,AU0412594,Goulds Country,7216,Break O'Day Council,N/A,ECTT,Goulds Country,,,Yes - featured,,
Spring Bay Mill,ACCOMM,AU0412651,Triabunna,7190,Glamorgan Spring Bay Council,N/A,ECTT,Triabunna,,,Yes - featured,,
Boat Harbour Beach Luxury Villa,ACCOMM,AU0412667,Boat Harbour Beach,7321,Waratah-Wynyard Council,N/A,WxNW,Boat Harbour Beach,,,,,Yes - featured
Panorama Hotel St Helens,ACCOMM,AU0412851,St Helens,7216,Break O'Day Council,N/A,ECTT,St Helens,,,Yes - featured,,
Low Head Pilot Station Accommodation,ACCOMM,AU0412887,Low Head,7253,George Town Council,N/A,VNT,Low Head,Yes - featured,,,,
Liffey Falls,ATTRACTION,AU0412888,Liffey,7301,Northern Midlands Council,Meander Valley Council,VNT,Liffey,Yes - featured,,,,
Liffey River Reserve  - Bush Heritage Australia (BHA),ATTRACTION,AU0412893,Liffey,7301,Northern Midlands Council,Meander Valley Council,VNT,Liffey,Yes - featured,,,,
Pine Lake,ATTRACTION,AU0412897,Central Plateau,7304,Central Highlands Council,N/A,DST,Central Plateau,,Yes - featured,,,
Tulampanga / Alum Cliffs,ATTRACTION,AU0412899,Mole Creek,7304,Meander Valley Council,N/A,VNT,Mole Creek,Yes - featured,,,,
Historic Houses of Carrick,ATTRACTION,AU0412900,Carrick,7291,Meander Valley Council,N/A,VNT,Carrick,Yes - featured,,,,
Hadspen River Reserve,ATTRACTION,AU0412905,Hadspen,7290,Meander Valley Council,N/A,VNT,Hadspen,Yes - featured,,,,
Deloraine River Walk,ATTRACTION,AU0412906,Deloraine,7304,Meander Valley Council,N/A,VNT,Deloraine,Yes - featured,,,,
Kooparoona Niara Cultural Trail,ATTRACTION,AU0412908,Deloraine,7304,Meander Valley Council,N/A,VNT,Deloraine,Yes - featured,,,,
Wild Wood Nature Trail,ATTRACTION,AU0412911,Deloraine,7304,Meander Valley Council,N/A,VNT,Deloraine,Yes - featured,,,,
Westbury Town Common,ATTRACTION,AU0412912,Westbury,7303,Meander Valley Council,N/A,VNT,Westbury,Yes - featured,,,,
Fern Glade,ATTRACTION,AU0412918,Mayberry,7304,Meander Valley Council,N/A,VNT,Mayberry,Yes - featured,,,,
Westmorland Falls,ATTRACTION,AU0412920,Caveside,7304,Meander Valley Council,N/A,VNT,Caveside,Yes - featured,,,,
Higgs Track to Lady Lake Hut,ATTRACTION,AU0412921,Western Creek,7304,Meander Valley Council,N/A,VNT,Western Creek,Yes - featured,,,,
Warners Track,ATTRACTION,AU0412924,Jackeys Marsh,7304,Meander Valley Council,N/A,VNT,Jackeys Marsh,Yes - featured,,,,
Quamby Bluff,ATTRACTION,AU0412925,Golden Valley,7304,Meander Valley Council,N/A,VNT,Golden Valley,Yes - featured,,,,
Meander Falls,ATTRACTION,AU0412926,Meander,7304,Meander Valley Council,N/A,VNT,Meander,Yes - featured,,,,
Pilots Providore - Low Head Pilot Station,RESTAURANT,AU0413028,Low Head,7253,George Town Council,N/A,VNT,Low Head,Yes - featured,,,,
King Island Kelp Craft,ATTRACTION,AU0413133,Reekara,7256,King Island Council,N/A,WxNW,Reekara,,,,,Yes - featured
King Island Gallery,ATTRACTION,AU0413182,Currie,7256,King Island Council,N/A,WxNW,Currie,,,,,Yes - featured
Bushy Summers - A Cosy Waterfront Cabin,ACCOMM,AU0413206,Strahan,7468,West Coast Council,N/A,WxNW,Strahan,,,,Yes - featured,
In The Hanging Garden,RESTAURANT,AU0413295,Hobart,7000,Hobart City Council,N/A,DST,Hobart,,Yes - featured,,,
Altar Bar,RESTAURANT,AU0413325,Hobart,7000,Hobart City Council,N/A,DST,Hobart,,Yes - featured,,,
Fish Frenzy,RESTAURANT,AU0413341,Hobart,7000,Hobart City Council,N/A,DST,Hobart,,Yes - featured,,,
Wild Mersey Mountain Bike Trails,ATTRACTION,AU0413533,Railton,7305,Kentish Council,N/A,WxNW,Railton,,,,,Yes - featured
Faro Bar + Restaurant at Mona,RESTAURANT,AU0414993,Berriedale,7011,Glenorchy Council,N/A,DST,Berriedale,,Yes - featured,,,
Lap of Tasmania,GENSERVICE,AU0415054,Richmond,7025,Clarence City Council,N/A,DST,Richmond,,Yes - featured,,,
Hobart Paintball,ATTRACTION,AU0415267,Cambridge,7170,Clarence City Council,N/A,DST,Cambridge,,Yes - featured,,,
Tasmania's Most Haunted,TOUR,AU0415812,Hobart,7000,Hobart City Council,N/A,DST,Hobart,,Yes - featured,,,
Paradise Road Farm,ACCOMM,AU0416399,Sheffield,7306,Kentish Council,N/A,WxNW,Sheffield,,,,,Yes - featured
Moss Hotel,ACCOMM,AU0416468,Hobart,7000,Hobart City Council,N/A,DST,Hobart,,Yes - featured,,,
Bogan Road Distillery,RESTAURANT,AU0416534,Quamby Brook,7304,Meander Valley Council,N/A,VNT,Quamby Brook,Yes - featured,,,,
Richmond Bakery Tasmania,RESTAURANT,AU0416638,Richmond,7025,Clarence City Council,N/A,DST,Richmond,,Yes - featured,,,
Travel with a Cause,TOUR,AU0416753,Sandy Bay,7005,Hobart City Council,N/A,DST,Sandy Bay,,Yes - featured,,,
Handpicked & House of Arras Cellar Door,RESTAURANT,AU0416818,Pipers River,7252,George Town Council,Launceston City Council,VNT,Pipers River,Yes - featured,,,,
Tasmanian Lavender Company,ATTRACTION,AU0416881,Richmond,7025,Clarence City Council,N/A,DST,Richmond,,Yes - featured,,,
The Edge,ACCOMM,AU0416927,Binalong Bay,7216,Break O'Day Council,N/A,ECTT,Binalong Bay,,,Yes - featured,,
Camp Clayton,ACCOMM,AU0416972,Ulverstone,7315,Central Coast Council,N/A,WxNW,Ulverstone,,,,,Yes - featured
Camp Clayton - Outdoor Adventure,ATTRACTION,AU0417409,Ulverstone,7315,Central Coast Council,N/A,WxNW,Ulverstone,,,,,Yes - featured
Tamar Valley Wine Tours,TOUR,AU0417428,South Launceston,7249,Launceston City Council,N/A,VNT,South Launceston,Yes - featured,,,,
Cod Rock Point,ACCOMM,AU0417488,Bicheno,7215,Glamorgan Spring Bay Council,N/A,ECTT,Bicheno,,,Yes - featured,,
Naivasha Cottage,ACCOMM,AU0417499,Reedy Marsh,7304,Meander Valley Council,N/A,VNT,Reedy Marsh,Yes - featured,,,,
Devil's Corner Cellar Door,RESTAURANT,AU0417740,Apslawn,7190,Glamorgan Spring Bay Council,N/A,ECTT,Apslawn,,,Yes - featured,,
Granite Freycinet,RESTAURANT,AU0417830,Coles Bay,7215,Glamorgan Spring Bay Council,N/A,ECTT,Coles Bay,,,Yes - featured,,
Wandering Trout,ACCOMM,AU0418149,Mole Creek,7304,Meander Valley Council,N/A,VNT,Mole Creek,Yes - featured,,,,
Miners Siding BnB,ACCOMM,AU0418172,Queenstown,7467,West Coast Council,N/A,WxNW,Queenstown,,,,Yes - featured,
The Agrarian Kitchen Cooking School,RESTAURANT,AU0418217,New Norfolk,7140,Derwent Valley Council,N/A,DST,New Norfolk,,Yes - featured,,,
The Signal Station Restaurant,RESTAURANT,AU0418306,Mt Nelson,7007,Hobart City Council,Kingborough Council,DST,Mount Nelson,,Yes - featured,,,
Cygnet,DESTINFO,AU0418512,Cygnet,7112,Huon Valley Council,N/A,DST,Cygnet,,Yes - featured,,,
Richmond Bakery on the Coast,RESTAURANT,AU0418618,Dodges Ferry,7173,Sorell Council,N/A,DST,Dodges Ferry,,Yes - featured,,,
The Pier House,ACCOMM,AU0418667,Bruny Island,7150,Kingborough Council,N/A,DST,Bruny Island,,Yes - featured,,,
Franklin,DESTINFO,AU0418668,Franklin,7113,Huon Valley Council,N/A,DST,Franklin,,Yes - featured,,,
Port Huon,DESTINFO,AU0418669,Port Huon,7116,Huon Valley Council,N/A,DST,Port Huon,,Yes - featured,,,
Gunns Plains,DESTINFO,AU0418672,Gunns Plains,7315,Central Coast Council,N/A,WxNW,Gunns Plains,,,,,Yes - featured
Lalla Flower Farm,ATTRACTION,AU0418673,Lalla,7267,Launceston City Council,N/A,VNT,Lalla,Yes - featured,,,,
Smithton,DESTINFO,AU0418675,Smithton,7330,Circular Head Council,N/A,WxNW,Smithton,,,,,Yes - featured
Wilmot,DESTINFO,AU0418677,Wilmot,7310,Kentish Council,N/A,WxNW,Wilmot,,,,,Yes - featured
Beauty Point,DESTINFO,AU0418679,Beauty Point,7270,West Tamar Council,N/A,VNT,Beauty Point,Yes - featured,,,,
Cressy,DESTINFO,AU0418683,Cressy,7302,Northern Midlands Council,N/A,VNT,Cressy,Yes - featured,,,,
Exeter,DESTINFO,AU0418688,Exeter,7275,West Tamar Council,N/A,VNT,Exeter,Yes - featured,,,,
Binalong Bay,DESTINFO,AU0418690,Binalong Bay,7216,Break O'Day Council,N/A,ECTT,Binalong Bay,,,Yes - featured,,
Pyengana & Weldborough,DESTINFO,AU0418708,Pyengana,7216,Break O'Day Council,N/A,ECTT,Pyengana,,,Yes - featured,,
Scamander and the Surrounds,DESTINFO,AU0418709,Scamander,7215,Break O'Day Council,N/A,ECTT,Scamander,,,Yes - featured,,
Cape Bruny Lighthouse,ATTRACTION,AU0418819,South Bruny,7150,Kingborough Council,N/A,DST,South Bruny,,Yes - featured,,,
Twin Lakes - Bush Retreat & Fly Fishery,ACCOMM,AU0418853,Buckland,7190,Glamorgan Spring Bay Council,N/A,ECTT,Buckland,,,Yes - featured,,
Oyster Bay Tours,TOUR,AU0419114,Coles Bay,7215,Glamorgan Spring Bay Council,N/A,ECTT,Coles Bay,,,Yes - featured,,
Little Bay Collective,RESTAURANT,AU0419295,Bicheno,7215,Glamorgan Spring Bay Council,N/A,ECTT,Bicheno,,,Yes - featured,,
Little Blue Lake,ATTRACTION,AU0419363,South Mount Cameron,7264,Dorset Council,N/A,VNT,South Mount Cameron,Yes - featured,,,,
TasVillas Group,GENSERVICE,AU0419914,Kings Meadows,7249,Launceston City Council,N/A,VNT,Kings Meadows,Yes - featured,,,,
Tas4x4Tours,TOUR,AU0419952,BINALONG BAY,7216,Break O'Day Council,N/A,ECTT,Binalong Bay,,,Yes - featured,,
AURA Hobart,RESTAURANT,AU0420060,Hobart,7000,Hobart City Council,N/A,DST,Hobart,,Yes - featured,,,
Two Metre Tall Farmhouse Ale & Cider,RESTAURANT,AU0420256,Hayes,7140,Derwent Valley Council,N/A,DST,Hayes,,Yes - featured,,,
Bay of Fires Trail -  St Helens Mountain Bike Trails,ATTRACTION,AU0420258,Lottah,7216,Break O'Day Council,N/A,ECTT,Lottah,,,Yes - featured,,
Gabby's House,ACCOMM,AU0420317,Lady Barron,7255,Flinders Council,N/A,VNT,Lady Barron,Yes - featured,,,,
Cinnamon and Cherry,RESTAURANT,AU0420461,Franklin,7113,Huon Valley Council,N/A,DST,Franklin,,Yes - featured,,,
Ettrick Rocks - King Island,ACCOMM,AU0420685,Nugara,7256,King Island Council,N/A,WxNW,Nugara,,,,,Yes - featured
St Columba Falls,ATTRACTION,AU0421163,Pyengana,7216,Break O'Day Council,N/A,ECTT,Pyengana,,,Yes - featured,,
Spiky Bridge,ATTRACTION,AU0421171,Swansea,7190,Glamorgan Spring Bay Council,N/A,ECTT,Swansea,,,Yes - featured,,
Spray Tunnel,ATTRACTION,AU0421175,Zeehan,7469,West Coast Council,N/A,WxNW,Zeehan,,,,Yes - featured,
Southern Sea Ventures,TOUR,AU0421185,Hobart,7000,Hobart City Council,N/A,DST,Hobart,,Yes - featured,,,
Travel with a Cause,GENSERVICE,AU0421602,Sandy Bay,7005,Hobart City Council,N/A,DST,Sandy Bay,,Yes - featured,,,
Lake Yalleena Nature Retreat,ACCOMM,AU0421849,Lake Leake,7210,Northern Midlands Council,N/A,VNT,Lake Leake,Yes - featured,,,,
The Bridport Cafe,RESTAURANT,AU0422064,Bridport,7262,Dorset Council,N/A,VNT,Bridport,Yes - featured,,,,
Huon Burrow,ACCOMM,AU0422802,Franklin,7113,Huon Valley Council,N/A,DST,Franklin,,Yes - featured,,,
Hobart City Apartments,ACCOMM,AU0423908,Hobart,7000,Hobart City Council,N/A,DST,Hobart,,Yes - featured,,,
Felicity's Antiques Vintage and Tea Room,RESTAURANT,AU0424018,Swansea,7190,Glamorgan Spring Bay Council,N/A,ECTT,Swansea,,,Yes - featured,,
Mount Gnomon Farm,RESTAURANT,AU0424227,Penguin,7316,Central Coast Council,N/A,WxNW,Penguin,,,,,Yes - featured
The Julie Burgess - Tall Ship Experiences,TOUR,AU0424381,East Devonport,7310,Devonport City Council,N/A,WxNW,East Devonport,,,,,Yes - featured
Dunalley Bay Distillery - Eat & Drink,RESTAURANT,AU0424553,Dunalley,7177,Sorell Council,N/A,DST,Dunalley,,Yes - featured,,,
Palana Beach Retreat,ACCOMM,AU0424625,Palana,7255,Flinders Council,N/A,VNT,Palana,Yes - featured,,,,
Valley Campground,ACCOMM,AU0425365,Crabtree,7109,Huon Valley Council,N/A,DST,Crabtree,,Yes - featured,,,
Pelicans Rest Accommodation,ACCOMM,AU0425505,Boomer Bay,7177,Sorell Council,N/A,DST,Boomer Bay,,Yes - featured,,,
Vibe Hotel Hobart,ACCOMM,AU0425743,Hobart,7000,Hobart City Council,N/A,DST,Hobart,,Yes - featured,,,
Blossoms on the Bay,ACCOMM,AU0426023,Nubeena,7184,Tasman Council,N/A,DST,Nubeena,,Yes - featured,,,
Pressing Matters,RESTAURANT,AU0426058,Tea Tree,7017,Brighton Council,N/A,DST,Tea Tree,,Yes - featured,,,
Uplands Vineyard,RESTAURANT,AU0426763,Cambridge,7170,Clarence City Council,N/A,DST,Cambridge,,Yes - featured,,,
River Cabins Derby,ACCOMM,AU0427008,Derby,7264,Dorset Council,N/A,VNT,Derby,Yes - featured,,,,
Sweets and Treats -The Richmond Lolly Shop,RESTAURANT,AU0427473,Richmond,7025,Clarence City Council,N/A,DST,Richmond,,Yes - featured,,,
Brinktop Vineyard,RESTAURANT,AU0427726,Penna,7171,Sorell Council,N/A,DST,Penna,,Yes - featured,,,
Cedar Cottage Meander,ACCOMM,AU0428656,Meander,7304,Meander Valley Council,N/A,VNT,Meander,Yes - featured,,,,
Pearns Steam World,ATTRACTION,AU0429369,Westbury,7303,Meander Valley Council,N/A,VNT,Westbury,Yes - featured,,,,
Hobart Luggage Storage,GENSERVICE,AU0430176,Hobart,7000,Hobart City Council,N/A,DST,Hobart,,Yes - featured,,,
Georges Bay Multi User Track,JOURNEY,AU0430639,St Helens,7216,Break O'Day Council,N/A,ECTT,St Helens,,,Yes - featured,,
South Sister Look Out Track,JOURNEY,AU0430679,St Marys,7215,Break O'Day Council,N/A,ECTT,St Marys,,,Yes - featured,,
Bridport Beach House,ACCOMM,AU0430682,Bridport,7262,Dorset Council,N/A,VNT,Bridport,Yes - featured,,,,
MÃ¶venpick Hotel Hobart,ACCOMM,AU0431342,Hobart,7000,Hobart City Council,N/A,DST,Hobart,,Yes - featured,,,
Torquay Heritage Walking Trail - East Devonport,JOURNEY,AU0432646,East Devonport,7310,Devonport City Council,N/A,WxNW,East Devonport,,,,,Yes - featured
Avoca B&B Tasmania,ACCOMM,AU0433235,Avoca,7213,Northern Midlands Council,N/A,VNT,Avoca,Yes - featured,,,,
The Riverside Golf Club,ATTRACTION,AU0433310,Riverside,7250,West Tamar Council,Meander Valley Council,VNT,Riverside,Yes - featured,,,,
George Town Bicentenary Quilts,ATTRACTION,AU0433782,George Town,7253,George Town Council,N/A,VNT,George Town,Yes - featured,,,,
Into The Wild,TOUR,AU0434388,Deloraine,7304,Meander Valley Council,N/A,VNT,Deloraine,Yes - featured,,,,
East Coast Village Providore,RESTAURANT,AU0434640,St Helens,7216,Break O'Day Council,N/A,ECTT,St Helens,,,Yes - featured,,
AAT Kings - Inspiring Journeys Tasmania,TOUR,AU0434790,Hobart,7000,Hobart City Council,N/A,DST,Hobart,,Yes - featured,,,
George Town Water Tower Mural,ATTRACTION,AU0434841,George Town,7253,George Town Council,N/A,VNT,George Town,Yes - featured,,,,
Pretty painted Pelican public toilet mural- George Town,ATTRACTION,AU0435064,George Town,7253,George Town Council,N/A,VNT,George Town,Yes - featured,,,,
Weymouth Town Hall Tennis Shelter Mural,ATTRACTION,AU0435248,Weymouth,7252,George Town Council,N/A,VNT,Weymouth,Yes - featured,,,,
Beechford Water Tank Mural,ATTRACTION,AU0435276,Beechford,7252,George Town Council,N/A,VNT,Beechford,Yes - featured,,,,
The Clarendon Arms,RESTAURANT,AU0435334,Evandale,7212,Northern Midlands Council,N/A,VNT,Evandale,Yes - featured,,,,
Macquarie St. Mosaics,ATTRACTION,AU0435416,George Town,7253,George Town Council,N/A,VNT,George Town,Yes - featured,,,,
George Town Skate Park Art,ATTRACTION,AU0435434,George Town,7253,George Town Council,N/A,VNT,George Town,Yes - featured,,,,
Sea Stacks,ACCOMM,AU0435467,Douglas River,7215,Break O'Day Council,Glamorgan Spring Bay Council,ECTT,Douglas River,,,Yes - featured,,
Twamley Farm - Cooking School with Gert & Ted,RESTAURANT,AU0435523,Buckland,7190,Glamorgan Spring Bay Council,N/A,ECTT,Buckland,,,Yes - featured,,
Twamley Farm - Clay Target Shooting Experience,ATTRACTION,AU0435524,Buckland,7190,Glamorgan Spring Bay Council,N/A,ECTT,Buckland,,,Yes - featured,,
Kerrellie Cottages - Church Cottage,ACCOMM,AU0435678,Strahan,7468,West Coast Council,N/A,WxNW,Strahan,,,,Yes - featured,
Kerrellie Cottages - Police Superintendent's Cottage,ACCOMM,AU0435683,Strahan,7468,West Coast Council,N/A,WxNW,Strahan,,,,Yes - featured,
Inspiration Panel,ATTRACTION,AU0435775,George Town,7253,George Town Council,N/A,VNT,George Town,Yes - featured,,,,
Windmill Point Tree Sculptures,ATTRACTION,AU0435856,George Town,7253,George Town Council,N/A,VNT,George Town,Yes - featured,,,,
East Beach Tree Sculptures,ATTRACTION,AU0435964,Low Head,7253,George Town Council,N/A,VNT,Low Head,Yes - featured,,,,
George Town Rotary Clock,ATTRACTION,AU0436410,George Town,7253,George Town Council,N/A,VNT,George Town,Yes - featured,,,,
Gallery in the Square,ATTRACTION,AU0436474,Huonville,7109,Huon Valley Council,N/A,DST,Huonville,,Yes - featured,,,
Georges Bay Apartments,ACCOMM,AU0436586,St Helens,7216,Break O'Day Council,N/A,ECTT,St Helens,,,Yes - featured,,
Killara Distillery,RESTAURANT,AU0437043,Richmond,7025,Clarence City Council,N/A,DST,Richmond,,Yes - featured,,,
Outback Spirit Tours - Tasmania,TOUR,AU0437412,Hobart,7000,Hobart City Council,N/A,DST,Hobart,,Yes - featured,,,
Samuel Pepys Cafe,RESTAURANT,AU0437497,Launceston,7250,Launceston City Council,N/A,VNT,Launceston,Yes - featured,,,,
Fluted Cape Walk - Pennicott Wilderness Journeys,TOUR,AU0437600,Hobart,7000,Hobart City Council,N/A,DST,Hobart,,Yes - featured,,,
Port Arthur Day Tour - Pennicott Wilderness Journeys,TOUR,AU0437601,Hobart,7000,Hobart City Council,N/A,DST,Hobart,,Yes - featured,,,
Elphin Serviced Apartments,ACCOMM,AU0438244,Launceston,7250,Launceston City Council,N/A,VNT,Launceston,Yes - featured,,,,
Black Shack Flinders Island,ACCOMM,AU0438251,Leeka,7255,Flinders Council,N/A,VNT,Leeka,Yes - featured,,,,
Vaucluse Estate - Tasmania,ACCOMM,AU0438310,Conara,7211,Northern Midlands Council,N/A,VNT,Conara,Yes - featured,,,,
Don Mario's Ristorante & Coffee Lounge,RESTAURANT,AU0438949,George Town,7253,George Town Council,N/A,VNT,George Town,Yes - featured,,,,
Manfield Seaside Bruny Island Holiday House,ACCOMM,AU0439098,Alonnah,7150,Kingborough Council,N/A,DST,Alonnah,,Yes - featured,,,
Blue Cottage Bruny Island,ACCOMM,AU0439102,Alonnah,7150,Kingborough Council,N/A,DST,Alonnah,,Yes - featured,,,
Manfield Country Bruny Island,ACCOMM,AU0439103,Alonnah,7150,Kingborough Council,N/A,DST,Alonnah,,Yes - featured,,,
George River Park Accommodation,ACCOMM,AU0439499,St Helens,7216,Break O'Day Council,N/A,ECTT,St Helens,,,Yes - featured,,
Luz Restaurant,RESTAURANT,AU0439625,Launceston,7250,Launceston City Council,N/A,VNT,Launceston,Yes - featured,,,,
Erriba House,ACCOMM,AU0439807,Erriba,7310,Kentish Council,N/A,WxNW,Erriba,,,,,Yes - featured
The War Memorial Obelisk,ATTRACTION,AU0439825,George Town,7253,George Town Council,N/A,VNT,George Town,Yes - featured,,,,
Max Harris Reserve & Memorial Rose Garden,ATTRACTION,AU0439935,George Town,7253,George Town Council,N/A,VNT,George Town,Yes - featured,,,,
Glen Huon Dairy Co.,RESTAURANT,AU0440117,Glen Huon,7109,Huon Valley Council,N/A,DST,Glen Huon,,Yes - featured,,,
Unearthed Tours,TOUR,AU0440501,Devonport,7310,Devonport City Council,N/A,WxNW,Devonport,,,,,Yes - featured
Blyth Retreat,ACCOMM,AU0440616,Great Bay,7150,Kingborough Council,N/A,DST,Great Bay,,Yes - featured,,,
Captain's Rest,ACCOMM,AU0440829,Strahan,7468,West Coast Council,N/A,WxNW,Strahan,,,,Yes - featured,
Tin Timbers Cafe Branxholm and Tasmanian Information centre,RESTAURANT,AU0441037,Branxholm,7261,Dorset Council,N/A,VNT,Branxholm,Yes - featured,,,,
Military Service Honour Rolls,ATTRACTION,AU0441117,George Town,7253,George Town Council,N/A,VNT,George Town,Yes - featured,,,,
Art as Mania,ATTRACTION,AU0442196,Deloraine,7304,Meander Valley Council,N/A,VNT,Deloraine,Yes - featured,,,,
Sled Dog Adventures Tasmania,ATTRACTION,AU0442200,Lonnavale,7109,Huon Valley Council,N/A,DST,Lonnavale,,Yes - featured,,,
Freycinet Paddle Boards - Outdoor Hire,HIRE,AU0442454,Coles Bay,7215,Glamorgan Spring Bay Council,N/A,ECTT,Coles Bay,,,Yes - featured,,
42 South Surf School,HIRE,AU0442721,Scamander,7215,Break O'Day Council,N/A,ECTT,Scamander,,,Yes - featured,,
Quamby Estate,ACCOMM,AU0442843,Hagley,7292,Meander Valley Council,N/A,VNT,Hagley,Yes - featured,,,,
East Beach Tourist Park,ACCOMM,AU0442876,Low Head,7253,George Town Council,N/A,VNT,Low Head,Yes - featured,,,,
Fusilier Cottage,ACCOMM,AU0443375,Battery Point,7004,Hobart City Council,N/A,DST,Battery Point,,Yes - featured,,,
King Island Distillery,RESTAURANT,AU0444325,Currie,7256,King Island Council,N/A,WxNW,Currie,,,,,Yes - featured
Top of the Town Hotel Motel,ACCOMM,AU0444774,Upper Burnie,7320,Burnie Council,N/A,WxNW,Upper Burnie,,,,,Yes - featured
Manna Hill Farm,ACCOMM,AU0444957,West Kentish,7306,Kentish Council,N/A,WxNW,West Kentish,,,,,Yes - featured
Tasmania Golf Club,ATTRACTION,AU0444993,Cambridge,7170,Clarence City Council,N/A,DST,Cambridge,,Yes - featured,,,
Holiday House On Sale,ACCOMM,AU0445545,Tullah,7321,West Coast Council,N/A,WxNW,Tullah,,,,Yes - featured,
eGuide Tasmania Transfers,TRANSPORT,AU0445892,Devonport,7310,Devonport City Council,N/A,WxNW,Devonport,,,,,Yes - featured
Gravity Isle,TOUR,AU0446317,St Helens,7216,Break O'Day Council,N/A,ECTT,St Helens,,,Yes - featured,,
Sealife Restaurant and Cafe,RESTAURANT,AU0446766,Bicheno,7215,Glamorgan Spring Bay Council,N/A,ECTT,Bicheno,,,Yes - featured,,
Dorset Hotel,ACCOMM,AU0447380,Derby,7264,Dorset Council,N/A,VNT,Derby,Yes - featured,,,,
eGuide  - Tasmania Tours and Shore Excursions,TOUR,AU0447622,Hobart,7000,Hobart City Council,N/A,DST,Hobart,,Yes - featured,,,
Argosy Motor Inn Bistro,RESTAURANT,AU0448075,East Devonport,7310,Devonport City Council,N/A,WxNW,East Devonport,,,,,Yes - featured
Bridge Hotel Bistro,RESTAURANT,AU0448103,Smithton,7330,Circular Head Council,N/A,WxNW,Smithton,,,,,Yes - featured
Lighthouse Hotel Bistro,RESTAURANT,AU0448129,Ulverstone,7315,Central Coast Council,N/A,WxNW,Ulverstone,,,,,Yes - featured
Neptune Grand Hotel Bistro,RESTAURANT,AU0448152,Penguin,7316,Central Coast Council,N/A,WxNW,Penguin,,,,,Yes - featured
Central Restaurant at Formby Hotel,RESTAURANT,AU0448163,Devonport,7310,Devonport City Council,N/A,WxNW,Devonport,,,,,Yes - featured
Seabrook Hotel Motel Bistro,RESTAURANT,AU0448179,Somerset,7322,Waratah-Wynyard Council,N/A,WxNW,Somerset,,,,,Yes - featured
RA,RESTAURANT,AU0448556,Ulverstone,7315,Central Coast Council,N/A,WxNW,Ulverstone,,,,,Yes - featured
Central Bar at  Formby Hotel,RESTAURANT,AU0448562,Devonport,7310,Devonport City Council,N/A,WxNW,Devonport,,,,,Yes - featured
The Sound Museum Bellerive,ATTRACTION,AU0449725,Bellerive,7018,Clarence City Council,N/A,DST,Bellerive,,Yes - featured,,,
CUCKoO,ATTRACTION,AU0450258,Cygnet,7112,Huon Valley Council,N/A,DST,Cygnet,,Yes - featured,,,
The Hearth of Chudleigh,RESTAURANT,AU0451102,Chudleigh,7304,Meander Valley Council,N/A,VNT,Chudleigh,Yes - featured,,,,
Hobart Zoo and Aquarium,ATTRACTION,AU0451314,Tea Tree,7017,Brighton Council,N/A,DST,Tea Tree,,Yes - featured,,,
The Ducks Bar and Restaurant,RESTAURANT,AU0451577,Rosevears,7277,West Tamar Council,N/A,VNT,Rosevears,Yes - featured,,,,
East Coast Car Rentals - Hobart Airport,HIRE,AU0451880,Cambridge,7170,Clarence City Council,N/A,DST,Cambridge,,Yes - featured,,,
East Coast Car Rentals - Launceston Airport,HIRE,AU0451883,Western Junction,7212,Northern Midlands Council,N/A,VNT,Western Junction,Yes - featured,,,,
Australian Air Safaris,TOUR,AU0451939,Whitemark,7255,Flinders Council,N/A,VNT,Whitemark,Yes - featured,,,,
The Macquarie Hobart,ACCOMM,AU0451946,Hobart,7000,Hobart City Council,N/A,DST,Hobart,,Yes - featured,,,
Inspiration Outdoors Walking Tours - Tasmania,TOUR,AU0452201,Kingston,7050,Kingborough Council,N/A,DST,Kingston,,Yes - featured,,,
Waterman's Hotel Accommodation,ACCOMM,AU0452383,Battery Point,7004,Hobart City Council,N/A,DST,Battery Point,,Yes - featured,,,
Waterman's Hotel,RESTAURANT,AU0452384,Battery Point,7004,Hobart City Council,N/A,DST,Battery Point,,Yes - featured,,,
Archaica Schola Paint 'n' Sip,ATTRACTION,AU0452651,Hobart,7000,Hobart City Council,N/A,DST,Hobart,,Yes - featured,,,
Hideaway Farmlet Accommodation,ACCOMM,AU0452840,Penguin,7316,Central Coast Council,N/A,WxNW,Penguin,,,,,Yes - featured
Darlington Vineyard,RESTAURANT,AU0453234,Orford,7190,Glamorgan Spring Bay Council,N/A,ECTT,Orford,,,Yes - featured,,
Beverley Skurulis Gallery,ATTRACTION,AU0453587,Latrobe,7307,Latrobe Council,N/A,WxNW,Latrobe,,,,,Yes - featured
On Board - Tasmanian Expedition Cruises,TOUR,AU0453811,Hobart,7000,Hobart City Council,N/A,DST,Hobart,,Yes - featured,,,
Guide Falls,ATTRACTION,AU0453871,Ridgley,7321,Burnie Council,N/A,WxNW,Ridgley,,,,,Yes - featured
Alchymia Distillery @ Table Cape,RESTAURANT,AU0453992,Table Cape,7325,Waratah-Wynyard Council,N/A,WxNW,Table Cape,,,,,Yes - featured
Fern Glade Reserve,ATTRACTION,AU0454171,Stowport,7321,Burnie Council,N/A,WxNW,Stowport,,,,,Yes - featured
Burnie Pulp Paper Trail,ATTRACTION,AU0454184,South Burnie,7320,Burnie Council,N/A,WxNW,South Burnie,,,,,Yes - featured
Hyperdrive Kart Racing,ATTRACTION,AU0454210,Kingston,7050,Kingborough Council,N/A,DST,Kingston,,Yes - featured,,,
New Norfolk Distillery,RESTAURANT,AU0454293,New Norfolk,7140,Derwent Valley Council,N/A,DST,New Norfolk,,Yes - featured,,,
Launceston Central,GENSERVICE,AU0454368,Launceston,7250,Launceston City Council,N/A,VNT,Launceston,Yes - featured,,,,
Plenty Cider,RESTAURANT,AU0454506,Plenty,7140,Derwent Valley Council,N/A,DST,Plenty,,Yes - featured,,,
Bundaleera Vineyard Cottages,ACCOMM,AU0454579,Relbia,7258,Northern Midlands Council,N/A,VNT,Relbia,Yes - featured,,,,
Table Cape Tulip Farm,ATTRACTION,AU0455862,Wynyard,7325,Waratah-Wynyard Council,N/A,WxNW,Wynyard,,,,,Yes - featured
Little Beach Co Resort,ACCOMM,AU0455918,Chain Of Lagoons,7215,Break O'Day Council,N/A,ECTT,Chain of Lagoons,,,Yes - featured,,
Bostane Cottage,ACCOMM,AU0456015,Hobart,7000,Hobart City Council,N/A,DST,Hobart,,Yes - featured,,,
Blackmans Bay Coastal Retreat,ACCOMM,AU0456019,Blackmans Bay,7052,Kingborough Council,N/A,DST,Blackmans Bay,,Yes - featured,,,
Hidden Bay Retreat,ACCOMM,AU0456026,Blackmans Bay,7052,Kingborough Council,N/A,DST,Blackmans Bay,,Yes - featured,,,
Triabunna Barracks,ACCOMM,AU0456621,Triabunna,7190,Glamorgan Spring Bay Council,N/A,ECTT,Triabunna,,,Yes - featured,,
Lisdillon Estate,ACCOMM,AU0456632,Little Swanport,7190,Glamorgan Spring Bay Council,N/A,ECTT,Little Swanport,,,Yes - featured,,
The Villa,ACCOMM,AU0456707,Warrane,7018,Clarence City Council,N/A,DST,Warrane,,Yes - featured,,,
The Residence Hobart,ACCOMM,AU0456711,Warrane,7018,Clarence City Council,N/A,DST,Warrane,,Yes - featured,,,
Sandy Bay Holiday House,ACCOMM,AU0456715,Sandy Bay,7005,Hobart City Council,N/A,DST,Sandy Bay,,Yes - featured,,,
Inner City Hobart Cottage,ACCOMM,AU0456722,Hobart,7000,Hobart City Council,N/A,DST,Hobart,,Yes - featured,,,
Sandy Bay Unit,ACCOMM,AU0456723,Sandy Bay,7005,Hobart City Council,N/A,DST,Sandy Bay,,Yes - featured,,,
Irresistible Historic Cottage,ACCOMM,AU0456726,South Hobart,7004,Hobart City Council,N/A,DST,South Hobart,,Yes - featured,,,
Quayle Villa,ACCOMM,AU0456730,Sandy Bay,7005,Hobart City Council,N/A,DST,Sandy Bay,,Yes - featured,,,
@ the beach - Stanley,ACCOMM,AU0457149,Stanley,7331,Circular Head Council,N/A,WxNW,Stanley,,,,,Yes - featured
The Chapel Deloraine,ACCOMM,AU0457161,Deloraine,7304,Meander Valley Council,N/A,VNT,Deloraine,Yes - featured,,,,
The Sandy Sister,ACCOMM,AU0457167,Dodges Ferry,7173,Sorell Council,N/A,DST,Dodges Ferry,,Yes - featured,,,
NoHo Apartments,ACCOMM,AU0457169,Hobart,7000,Hobart City Council,N/A,DST,Hobart,,Yes - featured,,,
Launceston Kayak Tours,TOUR,AU0457208,Launceston,7250,Launceston City Council,N/A,VNT,Launceston,Yes - featured,,,,
Windflowers Cottage,ACCOMM,AU0457209,Lower Wattle Grove,7109,Huon Valley Council,N/A,DST,Lower Wattle Grove,,Yes - featured,,,
The Beach House  Dover Tasmania,ACCOMM,AU0457210,Dover,7117,Huon Valley Council,N/A,DST,Dover,,Yes - featured,,,
Ocean View Cottages,ACCOMM,AU0457213,Dover,7117,Huon Valley Council,N/A,DST,Dover,,Yes - featured,,,
Hideaway on George,ACCOMM,AU0457223,Launceston,7250,Launceston City Council,N/A,VNT,Launceston,Yes - featured,,,,
Areca Launceston,ACCOMM,AU0457226,Launceston,7250,Launceston City Council,N/A,VNT,Launceston,Yes - featured,,,,
Trinity Hill Apartments,ACCOMM,AU0457227,Hobart,7000,Hobart City Council,N/A,DST,Hobart,,Yes - featured,,,
Cliff Top on Park,ACCOMM,AU0457228,Dodges Ferry,7173,Sorell Council,N/A,DST,Dodges Ferry,,Yes - featured,,,
Franklin Manor,ACCOMM,AU0457237,Strahan,7468,West Coast Council,N/A,WxNW,Strahan,,,,Yes - featured,
Hobart Art Gallery,ATTRACTION,AU0457243,Hobart,7000,Hobart City Council,N/A,DST,Hobart,,Yes - featured,,,
Cottage on Charles,ACCOMM,AU0457244,Scottsdale,7260,Dorset Council,N/A,VNT,Scottsdale,Yes - featured,,,,
Amble'a'While on Tamar,ACCOMM,AU0457257,Rosevears,7277,West Tamar Council,N/A,VNT,Rosevears,Yes - featured,,,,
"The Tasman, A Luxury Collection Hotel, Hobart",ACCOMM,AU0457287,Hobart,7000,Hobart City Council,N/A,DST,Hobart,,Yes - featured,,,
Bass & Flinders Maritime Museum,ATTRACTION,AU0457299,George Town,7253,George Town Council,N/A,VNT,George Town,Yes - featured,,,,
Kangaroo Bay Apartments,ACCOMM,AU0457324,Bellerive,7018,Clarence City Council,N/A,DST,Bellerive,,Yes - featured,,,
Waratah On York,ACCOMM,AU0457332,Launceston,7250,Launceston City Council,N/A,VNT,Launceston,Yes - featured,,,,
The Truffle Farm Tasmania,TOUR,AU0457374,Needles,7304,Meander Valley Council,N/A,VNT,Needles,Yes - featured,,,,
Meander Country Cabins,ACCOMM,AU0457402,Meander,7304,Meander Valley Council,N/A,VNT,Meander,Yes - featured,,,,
Sco & Co. and The Lifebuoy Cafe,RESTAURANT,AU0457419,St Helens,7216,Break O'Day Council,N/A,ECTT,St Helens,,,Yes - featured,,
Meander Valley Vineyard - Vintners Rest,ACCOMM,AU0457564,Red Hills,7304,Meander Valley Council,N/A,VNT,Red Hills,Yes - featured,,,,
ROSLYN 1823,RESTAURANT,AU0457583,Campania,7026,Southern Midlands Council,N/A,DST,Campania,,Yes - featured,,,
Pieman River Cruise,TOUR,AU0457591,Corinna,7321,Circular Head Council,N/A,WxNW,Corinna,,,,,Yes - featured
Sweetwater Cruise - Corinna Wilderness Village,TOUR,AU0457654,Corinna,7321,Circular Head Council,N/A,WxNW,Corinna,,,,,Yes - featured
Kayak Hire - Corinna Wilderness Village,HIRE,AU0457659,Corinna,7321,Circular Head Council,N/A,WxNW,Corinna,,,,,Yes - featured
Bridgecroft House,ACCOMM,AU0457670,Richmond,7025,Clarence City Council,N/A,DST,Richmond,,Yes - featured,,,
Bridgecroft Villa,ACCOMM,AU0457673,Richmond,7025,Clarence City Council,N/A,DST,Richmond,,Yes - featured,,,
Bridgecroft Cottage,ACCOMM,AU0457676,Richmond,7025,Clarence City Council,N/A,DST,Richmond,,Yes - featured,,,
The Wharf Bar and Kitchen,RESTAURANT,AU0457690,St Helens,7216,Break O'Day Council,N/A,ECTT,St Helens,,,Yes - featured,,
Waterton Hall Tour,TOUR,AU0457752,Rowella,7270,West Tamar Council,N/A,VNT,Rowella,Yes - featured,,,,
ROSLYN 1823 - Private Tour,ATTRACTION,AU0457772,Campania,7026,Southern Midlands Council,N/A,DST,Campania,,Yes - featured,,,
Putt It Mini Golf,ATTRACTION,AU0457854,Grindelwald,7277,West Tamar Council,N/A,VNT,Grindelwald,Yes - featured,,,,
The Hub Bicheno,ACCOMM,AU0457932,Bicheno,7215,Glamorgan Spring Bay Council,N/A,ECTT,Bicheno,,,Yes - featured,,
Sullivans Cove Apartments - South Street,ACCOMM,AU0457949,Battery Point,7004,Hobart City Council,N/A,DST,Battery Point,,Yes - featured,,,
Sullivans Cove Apartments - Kelly Street,ACCOMM,AU0457959,Hobart,7000,Hobart City Council,N/A,DST,Hobart,,Yes - featured,,,
Wild Trek Tours - Tasmania,TOUR,AU0458069,Seven Mile Beach,7170,Clarence City Council,N/A,DST,Seven Mile Beach,,Yes - featured,,,
Containment Accomodation,ACCOMM,AU0458170,Coles Bay,7215,Glamorgan Spring Bay Council,N/A,ECTT,Coles Bay,,,Yes - featured,,
The Rivulet Hobart,ACCOMM,AU0458174,Sandy Bay,7005,Hobart City Council,N/A,DST,Sandy Bay,,Yes - featured,,,
Bakers Cottage Richmond,ACCOMM,AU0458329,Richmond,7025,Clarence City Council,N/A,DST,Richmond,,Yes - featured,,,
Omaroo House,ACCOMM,AU0458334,Hobart,7000,Hobart City Council,N/A,DST,Hobart,,Yes - featured,,,
House On The Hill with a View,ACCOMM,AU0458357,Sandy Bay,7005,Hobart City Council,N/A,DST,Sandy Bay,,Yes - featured,,,
Sandy Bay Apartment,ACCOMM,AU0458408,Sandy Bay,7005,Hobart City Council,N/A,DST,Sandy Bay,,Yes - featured,,,
Blessington Beachside Retreat,ACCOMM,AU0458422,South Arm,7022,Clarence City Council,N/A,DST,South Arm,,Yes - featured,,,
Eliza Cottage North Hobart,ACCOMM,AU0458472,North Hobart,7000,Hobart City Council,N/A,DST,North Hobart,,Yes - featured,,,
Gaol House Cottage,ACCOMM,AU0458695,Bicheno,7215,Glamorgan Spring Bay Council,N/A,ECTT,Bicheno,,,Yes - featured,,
Mudbar Restaurant,RESTAURANT,AU0458776,Launceston,7250,Launceston City Council,N/A,VNT,Launceston,Yes - featured,,,,
The Loft at Soho,ACCOMM,AU0459179,South Hobart,7004,Hobart City Council,N/A,DST,South Hobart,,Yes - featured,,,
Geographe Restaurant,RESTAURANT,AU0459335,Coles Bay,7215,Glamorgan Spring Bay Council,N/A,ECTT,Coles Bay,,,Yes - featured,,
Elimatta Hotel,ACCOMM,AU0459493,Devonport,7310,Devonport City Council,N/A,WxNW,Devonport,,,,,Yes - featured
MTB Express,TRANSPORT,AU0459541,Derby,7264,Dorset Council,N/A,VNT,Derby,Yes - featured,,,,
Allurity Hotel,ACCOMM,AU0460665,Hobart,7000,Hobart City Council,N/A,DST,Hobart,,Yes - featured,,,
SeaLink Bruny Island Ferries,TRANSPORT,AU0460957,Kettering,7155,Kingborough Council,N/A,DST,Kettering,,Yes - featured,,,
Wineglass Bay Lookout,ATTRACTION,AU0461199,Coles Bay,7215,Glamorgan Spring Bay Council,N/A,ECTT,Coles Bay,,,Yes - featured,,
Mt Amos Climb,ATTRACTION,AU0461200,Coles Bay,7215,Glamorgan Spring Bay Council,N/A,ECTT,Coles Bay,,,Yes - featured,,
Sleepy Bay,ATTRACTION,AU0461201,Coles Bay,7215,Glamorgan Spring Bay Council,N/A,ECTT,Coles Bay,,,Yes - featured,,
Sandpiper Beach,ATTRACTION,AU0461202,Coles Bay,7215,Glamorgan Spring Bay Council,N/A,ECTT,Coles Bay,,,Yes - featured,,
Honeymoon Bay,ATTRACTION,AU0461204,Coles Bay,7215,Glamorgan Spring Bay Council,N/A,ECTT,Coles Bay,,,Yes - featured,,
Whitewater Wall,ATTRACTION,AU0461205,Coles Bay,7215,Glamorgan Spring Bay Council,N/A,ECTT,Coles Bay,,,Yes - featured,,
Hazards Beach,ATTRACTION,AU0461208,Coles Bay,7215,Glamorgan Spring Bay Council,N/A,ECTT,Coles Bay,,,Yes - featured,,
Bluestone Bay,ATTRACTION,AU0461210,Coles Bay,7215,Glamorgan Spring Bay Council,N/A,ECTT,Coles Bay,,,Yes - featured,,
Mt Parsons Walk,ATTRACTION,AU0461211,Freycinet,7215,Glamorgan Spring Bay Council,N/A,ECTT,Freycinet,,,Yes - featured,,
"Fishing from shore - The Jetty, Esplanade",ATTRACTION,AU0461214,Coles Bay,7215,Glamorgan Spring Bay Council,N/A,ECTT,Coles Bay,,,Yes - featured,,
Fishing from shore - Swanwick River mouth,ATTRACTION,AU0461215,Coles Bay,7215,Glamorgan Spring Bay Council,N/A,ECTT,Coles Bay,,,Yes - featured,,
Fishing from shore - Friendly Beaches (north),ATTRACTION,AU0461216,Coles Bay,7215,Glamorgan Spring Bay Council,N/A,ECTT,Coles Bay,,,Yes - featured,,
Fishing from shore - Foreshore between Pirates Cove and Jetty,ATTRACTION,AU0461217,Coles Bay,7215,Glamorgan Spring Bay Council,N/A,ECTT,Coles Bay,,,Yes - featured,,
Isle Drive U2 Drink,TOUR,AU0461697,Hobart,7000,Hobart City Council,N/A,DST,Hobart,,Yes - featured,,,
Spaceships Campervans Tasmania,HIRE,AU0461949,Cambridge,7170,Clarence City Council,N/A,DST,Cambridge,,Yes - featured,,,
The Cove Tasmania,ACCOMM,AU0462329,Don,7310,Devonport City Council,N/A,WxNW,Don,,,,,Yes - featured
Freycinet National Parks Visitor Centre - Public Toilets,GENSERVICE,AU0462899,Coles Bay,7215,Glamorgan Spring Bay Council,N/A,ECTT,Coles Bay,,,Yes - featured,,
Schouten Island,ATTRACTION,AU0463019,Coles Bay,7215,Glamorgan Spring Bay Council,N/A,ECTT,Coles Bay,,,Yes - featured,,
River and Rocks Swan River - Free Camping,ACCOMM,AU0463047,Coles Bay,7215,Glamorgan Spring Bay Council,N/A,ECTT,Coles Bay,,,Yes - featured,,
White Water Wall - Free Camping,ACCOMM,AU0463057,Coles Bay,7215,Glamorgan Spring Bay Council,N/A,ECTT,Coles Bay,,,Yes - featured,,
Muirs Beach - Day Use Area,GENSERVICE,AU0463100,Coles Bay,7215,Glamorgan Spring Bay Council,N/A,ECTT,Coles Bay,,,Yes - featured,,
Harold Street - Playground and Public Toilets,GENSERVICE,AU0463103,Coles Bay,7215,Glamorgan Spring Bay Council,N/A,ECTT,Coles Bay,,,Yes - featured,,
Garnet Avenue  - Public Toilets,GENSERVICE,AU0463106,Coles Bay,7215,Glamorgan Spring Bay Council,N/A,ECTT,Coles Bay,,,Yes - featured,,
Swanwick - Playground & Public Toilets,GENSERVICE,AU0463118,Coles Bay,7215,Glamorgan Spring Bay Council,N/A,ECTT,Coles Bay,,,Yes - featured,,
Bicheno - RV Dump Station,GENSERVICE,AU0463127,Bicheno,7215,Glamorgan Spring Bay Council,N/A,ECTT,Bicheno,,,Yes - featured,,
Triabunna - Electric Vehicle Charging Point Plugshare,GENSERVICE,AU0463456,Triabunna,7190,Glamorgan Spring Bay Council,N/A,ECTT,Triabunna,,,Yes - featured,,
Buckland Reserve - Public Toilet,GENSERVICE,AU0463135,Buckland,7190,Glamorgan Spring Bay Council,N/A,ECTT,Buckland,,,Yes - featured,,
Orford - Public Toilets,GENSERVICE,AU0463137,Orford,7190,Glamorgan Spring Bay Council,N/A,ECTT,Orford,,,Yes - featured,,
Raspins Beach - Public Toilets,GENSERVICE,AU0463139,Orford,7190,Glamorgan Spring Bay Council,N/A,ECTT,Orford,,,Yes - featured,,
Gatehouse Triabunna - Public Toilets,GENSERVICE,AU0463145,Triabunna,7190,Glamorgan Spring Bay Council,N/A,ECTT,Triabunna,,,Yes - featured,,
Triabunna Wharf - Public Toilets,GENSERVICE,AU0463197,Triabunna,7190,Glamorgan Spring Bay Council,N/A,ECTT,Triabunna,,,Yes - featured,,
"Swansea, Salt Water Creek - Public Toilets",GENSERVICE,AU0463200,Swansea,7190,Glamorgan Spring Bay Council,N/A,ECTT,Swansea,,,Yes - featured,,
Swansea Recreation Ground - Public Toilets,GENSERVICE,AU0463203,Swansea,7190,Glamorgan Spring Bay Council,N/A,ECTT,Swansea,,,Yes - featured,,
"Swansea, Jubilee Beach Foreshore - Public Toilets",GENSERVICE,AU0463205,Swansea,7190,Glamorgan Spring Bay Council,N/A,ECTT,Swansea,,,Yes - featured,,
Swansea Loo with a View - Public Toilet,GENSERVICE,AU0463213,Swansea,7190,Glamorgan Spring Bay Council,N/A,ECTT,Swansea,,,Yes - featured,,
"Bicheno, The Gulch - Public Toilets",GENSERVICE,AU0463217,Bicheno,7215,Glamorgan Spring Bay Council,N/A,ECTT,Bicheno,,,Yes - featured,,
Bicheno Recreation Ground - Public Toilets,GENSERVICE,AU0463220,Bicheno,7215,Glamorgan Spring Bay Council,N/A,ECTT,Bicheno,,,Yes - featured,,
Bicheno Jetty Road - Public Toilets,GENSERVICE,AU0463221,Bicheno,7215,Glamorgan Spring Bay Council,N/A,ECTT,Bicheno,,,Yes - featured,,
"Chain of Lagoons, Lagoons Campground - Public Toilets",GENSERVICE,AU0463224,Chain of Lagoons,7215,Break O'Day Council,N/A,ECTT,Chain of Lagoons,,,Yes - featured,,
Mayfield Bay Conservation/Camping Area - Public Toilets,GENSERVICE,AU0463229,Rocky Hills,7190,Glamorgan Spring Bay Council,N/A,ECTT,Rocky Hills,,,Yes - featured,,
Douglas Apsley National Park Apsley Waterhole - Public Toilets,GENSERVICE,AU0463231,Bicheno,7215,Glamorgan Spring Bay Council,N/A,ECTT,Bicheno,,,Yes - featured,,
St Marys Recreation Ground - Public Toilets,GENSERVICE,AU0463232,St Marys,7215,Break O'Day Council,N/A,ECTT,St Marys,,,Yes - featured,,
St Marys Reserve -  Public Toilets,GENSERVICE,AU0463234,St Marys,7215,Break O'Day Council,N/A,ECTT,St Marys,,,Yes - featured,,
Fingal Esk Hwy - Public Toilets,GENSERVICE,AU0463235,Fingal,7214,Break O'Day Council,N/A,ECTT,Fingal,,,Yes - featured,,
Orford Millingtons Beach -  Public Toilets,GENSERVICE,AU0463259,Orford,7190,Glamorgan Spring Bay Council,N/A,ECTT,Orford,,,Yes - featured,,
Evercreech - Public Toilets,GENSERVICE,AU0463260,Mathinna,7214,Break O'Day Council,N/A,ECTT,Mathinna,,,Yes - featured,,
"Mathinna, Main St - Public Toilets",GENSERVICE,AU0463261,Mathinna,7214,Break O'Day Council,N/A,ECTT,Mathinna,,,Yes - featured,,
Scamander - Reserve Public Toilets,GENSERVICE,AU0463262,Scamander,7215,Break O'Day Council,N/A,ECTT,Scamander,,,Yes - featured,,
Scamander - Wrinklers Reserve Public Toilets,GENSERVICE,AU0463263,Scamander,7215,Break O'Day Council,N/A,ECTT,Scamander,,,Yes - featured,,
Scamander Conservation Area - Shelly Point Public Toilet,GENSERVICE,AU0463264,Scamander,7215,Break O'Day Council,N/A,ECTT,Scamander,,,Yes - featured,,
Dianas Basin - Public Toilets,GENSERVICE,AU0463265,ST Helens,7216,Break O'Day Council,N/A,ECTT,St Helens,,,Yes - featured,,
"Stieglitz, St Helens Lions Park - Public Toilets",GENSERVICE,AU0463267,St Helens,7216,Break O'Day Council,N/A,ECTT,St Helens,,,Yes - featured,,
"Stieglitz, O'Connors Beach - Public Toilets",GENSERVICE,AU0463269,St Helens,7216,Break O'Day Council,N/A,ECTT,St Helens,,,Yes - featured,,
Stieglitz Beach - Public Toilets,GENSERVICE,AU0463270,Stieglitz,7216,Break O'Day Council,N/A,ECTT,Stieglitz,,,Yes - featured,,
Moulting Lagoon,ATTRACTION,AU0463271,Coles Bay,7215,Glamorgan Spring Bay Council,N/A,ECTT,Coles Bay,,,Yes - featured,,
Akaroa St Helens Point Boat Ramp - Public Toilets,GENSERVICE,AU0463273,Akaroa,7216,Break O'Day Council,N/A,ECTT,Akaroa,,,Yes - featured,,
"St Helens, Beauty Bay - Public Toilets",GENSERVICE,AU0463276,St Helens,7216,Break O'Day Council,N/A,ECTT,St Helens,,,Yes - featured,,
"St Helens, Memorial Park - Public Toilets",GENSERVICE,AU0463283,St Helens,7216,Break O'Day Council,N/A,ECTT,St Helens,,,Yes - featured,,
"St Helens, Portland Memorial Hall - Public Toilets",GENSERVICE,AU0463284,St Helens,7216,Break O'Day Council,N/A,ECTT,St Helens,,,Yes - featured,,
St Helens - Visitor Information Centre Public Toilets,GENSERVICE,AU0463285,St Helens,7216,Break O'Day Council,N/A,ECTT,St Helens,,,Yes - featured,,
"Binalong Bay, Beach - Public Toilets",GENSERVICE,AU0463289,Binalong Bay,7216,Break O'Day Council,N/A,ECTT,Binalong Bay,,,Yes - featured,,
"Binalong Bay, Jeanneret Beach - Public Toilets",GENSERVICE,AU0463290,Binalong Bay,7216,Break O'Day Council,N/A,ECTT,Binalong Bay,,,Yes - featured,,
"Binalong Bay, Swimcart Beach -  Public Toilets",GENSERVICE,AU0463292,Binalong Bay,7216,Break O'Day Council,N/A,ECTT,Binalong Bay,,,Yes - featured,,
"Binalong Bay, Cosy Corner South - Public Toilets",GENSERVICE,AU0463294,Binalong Bay,7216,Break O'Day Council,N/A,ECTT,Binalong Bay,,,Yes - featured,,
"Binalong Bay, Cosy Corner North - Public Toilets",GENSERVICE,AU0463296,Binalong Bay,7216,Break O'Day Council,N/A,ECTT,Binalong Bay,,,Yes - featured,,
Pyengana - St Columba Falls Reserve Public Toilets,GENSERVICE,AU0463298,Pyengana,7216,Break O'Day Council,N/A,ECTT,Pyengana,,,Yes - featured,,
"Weldborough, Blue Tier Forest Reserve - Public Toilets",GENSERVICE,AU0463300,Lottah,7216,Break O'Day Council,N/A,ECTT,Lottah,,,Yes - featured,,
Maria Island National Park - Jetty Public Toilets,GENSERVICE,AU0463303,Maria Island,7190,Glamorgan Spring Bay Council,N/A,ECTT,Maria Island,,,Yes - featured,,
Maria Island National Park Campground - Public Toilets,GENSERVICE,AU0463304,Maria Island,7190,Glamorgan Spring Bay Council,N/A,ECTT,Maria Island,,,Yes - featured,,
Maria Island National Park Old Cookhouse - Public Toilets,GENSERVICE,AU0463305,Maria Island,7190,Glamorgan Spring Bay Council,N/A,ECTT,Maria Island,,,Yes - featured,,
St Helens - Hot Showers and Car Wash,GENSERVICE,AU0463328,St Helens,7216,Break O'Day Council,N/A,ECTT,St Helens,,,Yes - featured,,
Swansea - RV Dump Station,GENSERVICE,AU0463334,Swansea,7190,Glamorgan Spring Bay Council,N/A,ECTT,Swansea,,,Yes - featured,,
St Helens ANZ - ATM,GENSERVICE,AU0463338,St Helens,7216,Break O'Day Council,N/A,ECTT,St Helens,,,Yes - featured,,
St Helens CBA - ATM,GENSERVICE,AU0463342,St Helens,7216,Break O'Day Council,N/A,ECTT,St Helens,,,Yes - featured,,
Bicheno Bendigo Bank - ATM,GENSERVICE,AU0463343,Bicheno,7215,Glamorgan Spring Bay Council,N/A,ECTT,Bicheno,,,Yes - featured,,
Swansea Bendigo Bank - ATM,GENSERVICE,AU0463345,Swansea,7190,Glamorgan Spring Bay Council,N/A,ECTT,Swansea,,,Yes - featured,,
Coles Bay - ATM Star,GENSERVICE,AU0463346,Coles Bay,7215,Glamorgan Spring Bay Council,N/A,ECTT,Coles Bay,,,Yes - featured,,
St Helens Bendigo Bank - ATM,GENSERVICE,AU0463350,St Helens,7216,Break O'Day Council,N/A,ECTT,St Helens,,,Yes - featured,,
Orford - ATM,GENSERVICE,AU0463352,Orford,7190,Glamorgan Spring Bay Council,N/A,ECTT,Orford,,,Yes - featured,,
Buckland Roadhouse - Fuel Stop,GENSERVICE,AU0463391,Buckland,7190,Glamorgan Spring Bay Council,N/A,ECTT,Buckland,,,Yes - featured,,
Orford Roadhouse - Fuel Stop,GENSERVICE,AU0463392,Orford,7190,Glamorgan Spring Bay Council,N/A,ECTT,Orford,,,Yes - featured,,
Triabunna Independent - Service Station,GENSERVICE,AU0463393,Triabunna,7190,Glamorgan Spring Bay Council,N/A,ECTT,Triabunna,,,Yes - featured,,
Triabunna BP - Service Station,GENSERVICE,AU0463394,Triabunna,7190,Glamorgan Spring Bay Council,N/A,ECTT,Triabunna,,,Yes - featured,,
Swansea United - Fuel Stop,GENSERVICE,AU0463397,Swansea,7190,Glamorgan Spring Bay Council,N/A,ECTT,Swansea,,,Yes - featured,,
"Binalong Bay, Skeleton Reserve - Picnic Facilities",GENSERVICE,AU0463398,Binalong Bay,7216,Break O'Day Council,N/A,ECTT,Binalong Bay,,,Yes - featured,,
Triabunna Roadhouse - Fuel Stop,GENSERVICE,AU0463399,Triabunna,7190,Glamorgan Spring Bay Council,N/A,ECTT,Triabunna,,,Yes - featured,,
Swansea Ampol - Fuel Stop,GENSERVICE,AU0463428,Swansea,7190,Glamorgan Spring Bay Council,N/A,ECTT,Swansea,,,Yes - featured,,
Coles Bay Express - Fuel Station,GENSERVICE,AU0463429,Coles Bay,7215,Glamorgan Spring Bay Council,N/A,ECTT,Coles Bay,,,Yes - featured,,
Bicheno United - Fuel Stop,GENSERVICE,AU0463430,Bicheno,7215,Glamorgan Spring Bay Council,N/A,ECTT,Bicheno,,,Yes - featured,,
St Marys Independent - Service Station,GENSERVICE,AU0463433,St Marys,7215,Break O'Day Council,N/A,ECTT,St Marys,,,Yes - featured,,
Scamander Shell - Service Station,GENSERVICE,AU0463434,Scamander,7215,Break O'Day Council,N/A,ECTT,Scamander,,,Yes - featured,,
Scamander X-Press - Fuel Stop,GENSERVICE,AU0463436,Scamander,7215,Break O'Day Council,N/A,ECTT,Scamander,,,Yes - featured,,
Stieglitz - Fuel Stop,GENSERVICE,AU0463438,Stieglitz,7216,Break O'Day Council,N/A,ECTT,Stieglitz,,,Yes - featured,,
St Helens BP Truckstop - Fuel Stop,GENSERVICE,AU0463440,St Helens,7216,Break O'Day Council,N/A,ECTT,St Helens,,,Yes - featured,,
St Helens United - Fuel Stop,GENSERVICE,AU0463442,St Helens,7216,Break O'Day Council,N/A,ECTT,St Helens,,,Yes - featured,,
Swansea Chargefox - Electric Vehicle Charging Point,GENSERVICE,AU0463445,Swansea,7190,Glamorgan Spring Bay Council,N/A,ECTT,Swansea,,,Yes - featured,,
St Helens Chargefox - Electric Vehicle Charging Point,GENSERVICE,AU0463446,St Helens,7216,Break O'Day Council,N/A,ECTT,St Helens,,,Yes - featured,,
Swansea Holiday Park- Electric Vehicle Charging Point Plugshare,GENSERVICE,AU0463457,Swansea,7190,Glamorgan Spring Bay Council,N/A,ECTT,Swansea,,,Yes - featured,,
"Coles Bay, The Ice Creamery - Electric Vehicle Charging Point Plugshare",GENSERVICE,AU0463539,Coles Bay,7215,Glamorgan Spring Bay Council,N/A,ECTT,Coles Bay,,,Yes - featured,,
"Freycinet National Park, Freycinet Lodge - Electric Vehicle Charging Point Plugshare",GENSERVICE,AU0463540,Coles Bay,7215,Glamorgan Spring Bay Council,N/A,ECTT,Coles Bay,,,Yes - featured,,
"Bicheno, East Coast Holiday Park - Electric Vehicle Charging Point Plugshare",GENSERVICE,AU0463541,Bicheno,7215,Glamorgan Spring Bay Council,N/A,ECTT,Bicheno,,,Yes - featured,,
"St Helens, Wharf - Electric Vehicle Charging Point Plugshare",GENSERVICE,AU0463542,St Helens,7216,Break O'Day Council,N/A,ECTT,St Helens,,,Yes - featured,,
"St Helens, United Service Station - Electric Vehicle Charging Point Plugshare",GENSERVICE,AU0463543,St Helens,7216,Break O'Day Council,N/A,ECTT,St Helens,,,Yes - featured,,
Bay of Fires Bush Retreat - Electric Vehicle Charging Point Plugshare,GENSERVICE,AU0463544,Binalong Bay,7216,Break O'Day Council,N/A,ECTT,Binalong Bay,,,Yes - featured,,
"Fingal, Park and Campground - Electric Vehicle Charging Point Plugshare",GENSERVICE,AU0463545,Fingal,7214,Break O'Day Council,N/A,ECTT,Fingal,,,Yes - featured,,
Fingal - RV Dump Station,GENSERVICE,AU0463547,Fingal,7214,Break O'Day Council,N/A,ECTT,Fingal,,,Yes - featured,,
St Helens - RV Dump Station,GENSERVICE,AU0463548,St Helens,7216,Break O'Day Council,N/A,ECTT,St Helens,,,Yes - featured,,
St Helens -Picnic and BBQ Facilities,GENSERVICE,AU0463549,St Helens,7216,Break O'Day Council,N/A,ECTT,St Helens,,,Yes - featured,,
Triabunna - RV Dump Station,GENSERVICE,AU0463550,Triabunna,7190,Glamorgan Spring Bay Council,N/A,ECTT,Triabunna,,,Yes - featured,,
"Bicheno, Lions Park - BBQ's and Picnic Area",GENSERVICE,AU0463580,Bicheno,7215,Glamorgan Spring Bay Council,N/A,ECTT,Bicheno,,,Yes - featured,,
"Bicheno, Lions Park - Playground",GENSERVICE,AU0463581,Bicheno,7215,Glamorgan Spring Bay Council,N/A,ECTT,Bicheno,,,Yes - featured,,
"Swansea, Foreshore - Picnic and BBQ's",GENSERVICE,AU0463582,Swansea,7190,Glamorgan Spring Bay Council,N/A,ECTT,Swansea,,,Yes - featured,,
"St Helens, Lions Park - Picnic and BBQ Facilities",GENSERVICE,AU0463583,St Helens,7216,Break O'Day Council,N/A,ECTT,St Helens,,,Yes - featured,,
Fingal,DESTINFO,AU0463875,Fingal,7214,Break O'Day Council,N/A,ECTT,Fingal,,,Yes - featured,,
Buckland,DESTINFO,AU0463876,Buckland,7190,Glamorgan Spring Bay Council,N/A,ECTT,Buckland,,,Yes - featured,,
Buckland Playground - BBQ & Picnic Facilities,GENSERVICE,AU0464024,Buckland,7190,Glamorgan Spring Bay Council,N/A,ECTT,Buckland,,,Yes - featured,,
"Orford, Our Park - BBQ & Picnic Facilities",GENSERVICE,AU0464026,Orford,7190,Glamorgan Spring Bay Council,N/A,ECTT,Orford,,,Yes - featured,,
"Orford, Raspins Beach - BBQ & Picnic Facilities",GENSERVICE,AU0464028,Orford,7190,Glamorgan Spring Bay Council,N/A,ECTT,Orford,,,Yes - featured,,
Grandvewe Tasting House,RESTAURANT,AU0464939,Birchs Bay,7162,Kingborough Council,N/A,DST,Birchs Bay,,Yes - featured,,,
Mewstone Wines,RESTAURANT,AU0465229,Flowerpot,7163,Kingborough Council,N/A,DST,Flowerpot,,Yes - featured,,,
Elimatta Bistro & Bar,RESTAURANT,AU0465273,Devonport,7310,Devonport City Council,N/A,WxNW,Devonport,,,,,Yes - featured
Family & Commercial Inn,ATTRACTION,AU0465284,Deloraine,7304,Meander Valley Council,N/A,VNT,Deloraine,Yes - featured,,,,
Wineglass Bay Beach,JOURNEY,AU0465735,Coles Bay,7215,Glamorgan Spring Bay Council,N/A,ECTT,Coles Bay,,,Yes - featured,,
Lillies Bay Picnic area,ATTRACTION,AU0465935,Emita,7255,Flinders Council,N/A,VNT,Emita,Yes - featured,,,,
Tamar Valley Wine Centre and Restaurant,RESTAURANT,AU0466527,Exeter,7275,West Tamar Council,N/A,VNT,Exeter,Yes - featured,,,,
Naivasha Tiny house and Wood-fired Hot Tub,ACCOMM,AU0466713,Reedy Marsh,7304,Meander Valley Council,N/A,VNT,Reedy Marsh,Yes - featured,,,,
SIXT Car Rental - Hobart City,HIRE,AU0466762,Hobart,7000,Hobart City Council,N/A,DST,Hobart,,Yes - featured,,,
SIXT Car Rental - Hobart Airport,HIRE,AU0466763,Cambridge,7170,Clarence City Council,N/A,DST,Cambridge,,Yes - featured,,,
SIXT Car Rental - Launceston Airport,HIRE,AU0466764,Launceston,7250,Launceston City Council,N/A,VNT,Launceston,Yes - featured,,,,
SIXT Car Rental - Launceston Western Junction,HIRE,AU0466765,Western Junction,7212,Northern Midlands Council,N/A,VNT,Western Junction,Yes - featured,,,,
The Waterloo Swansea,RESTAURANT,AU0466834,Swansea,7190,Glamorgan Spring Bay Council,N/A,ECTT,Swansea,,,Yes - featured,,
Huon River Cruises,TOUR,AU0466898,Franklin,7113,Huon Valley Council,N/A,DST,Franklin,,Yes - featured,,,
Arve Falls,ATTRACTION,AU0467204,Geeveston,7116,Huon Valley Council,N/A,DST,Geeveston,,Yes - featured,,,
The View Sandy Bay,ACCOMM,AU0467908,Sandy Bay,7005,Hobart City Council,N/A,DST,Sandy Bay,,Yes - featured,,,
Little Halcyon,ACCOMM,AU0467992,South Hobart,7004,Hobart City Council,N/A,DST,South Hobart,,Yes - featured,,,
Harrington Street Apartment,ACCOMM,AU0468056,Hobart,7000,Hobart City Council,N/A,DST,Hobart,,Yes - featured,,,
Chatsworth Tasmania,ACCOMM,AU0468495,Longford,7301,Northern Midlands Council,N/A,VNT,Longford,Yes - featured,,,,
Walkabout Gourmet Adventures Tasmania,TOUR,AU0468685,Flinders Island,7255,Flinders Council,N/A,VNT,Flinders Island,Yes - featured,,,,
Amare Beachside Luxury,ACCOMM,AU0468763,Turners Beach,7315,Central Coast Council,N/A,WxNW,Turners Beach,,,,,Yes - featured
Elly's Tasting Table,RESTAURANT,AU0469317,Orford,7190,Glamorgan Spring Bay Council,N/A,ECTT,Orford,,,Yes - featured,,
Tasmanian Chocolate Foundry,ATTRACTION,AU0469781,Taranna,7180,Tasman Council,N/A,DST,Taranna,,Yes - featured,,,
Cygnet Cloudbreak Farm,ACCOMM,AU0470167,Lower Wattle Grove,7109,Huon Valley Council,N/A,DST,Lower Wattle Grove,,Yes - featured,,,
Frankie J's,RESTAURANT,AU0470555,Devonport,7310,Devonport City Council,N/A,WxNW,Devonport,,,,,Yes - featured
Secret Bank Society,ACCOMM,AU0470699,Ringarooma,7263,Dorset Council,N/A,VNT,Ringarooma,Yes - featured,,,,
Bicheno Bowls and RSL Club,RESTAURANT,AU0470989,Bicheno,7215,Glamorgan Spring Bay Council,N/A,ECTT,Bicheno,,,Yes - featured,,
Barnbougle Golf Transfers,TRANSPORT,AU0471179,Invermay,7248,Launceston City Council,N/A,VNT,Invermay,Yes - featured,,,,
Rupert & Hound,RESTAURANT,AU0471197,Launceston,7250,Launceston City Council,N/A,VNT,Launceston,Yes - featured,,,,
Eastford Creek Vineyard,RESTAURANT,AU0471351,Sassafras,7307,Latrobe Council,N/A,WxNW,Sassafras,,,,,Yes - featured
Stories from Penguin's Heritage Cemetery,TOUR,AU0471427,Penguin,7316,Central Coast Council,N/A,WxNW,Penguin,,,,,Yes - featured
Western Tiers Distillery,RESTAURANT,AU0471578,Westbury,7303,Meander Valley Council,N/A,VNT,Westbury,Yes - featured,,,,
Ambling Among Penguin's Charms,TOUR,AU0471664,Penguin,7316,Central Coast Council,N/A,WxNW,Penguin,,,,,Yes - featured
Penguin Heritage Trail,ATTRACTION,AU0471698,Penguin,7316,Central Coast Council,N/A,WxNW,Penguin,,,,,Yes - featured
Denison Rivulet Retreats,ACCOMM,AU0471703,Bicheno,7215,Glamorgan Spring Bay Council,N/A,ECTT,Bicheno,,,Yes - featured,,
"Embodied Living -  Massage, Breathwork, Retreats & Trainings",ATTRACTION,AU0500372,Beaumaris,7215,Break O'Day Council,N/A,ECTT,Beaumaris,,,Yes - featured,,
Peppina,RESTAURANT,AU0613958,Hobart,7000,Hobart City Council,N/A,DST,Hobart,,Yes - featured,,,
St Helens District Hospital,GENSERVICE,AU0614016,St Helens,7216,Break O'Day Council,N/A,ECTT,St Helens,,,Yes - featured,,
East Coast Medical - Scamander,GENSERVICE,AU0614019,Scamander,7215,Break O'Day Council,N/A,ECTT,Scamander,,,Yes - featured,,
East Coast Health - Triabunna,GENSERVICE,AU0614021,Triabunna,7190,Glamorgan Spring Bay Council,N/A,ECTT,Triabunna,,,Yes - featured,,
Ochre Health Centre - St Helens,GENSERVICE,AU0614022,St Helens,7216,Break O'Day Council,N/A,ECTT,St Helens,,,Yes - featured,,
Bicheno General Practice - Bicheno,GENSERVICE,AU0614024,Bicheno,7215,Glamorgan Spring Bay Council,N/A,ECTT,Bicheno,,,Yes - featured,,
May Shaw Health Centre - Swansea,GENSERVICE,AU0614029,Swansea,7190,Glamorgan Spring Bay Council,N/A,ECTT,Swansea,,,Yes - featured,,
St Marys Community Health Centre,GENSERVICE,AU0614035,St Marys,7215,Break O'Day Council,N/A,ECTT,St Marys,,,Yes - featured,,
Triabunna Pharmacy,GENSERVICE,AU0614037,Triabunna,7190,Glamorgan Spring Bay Council,N/A,ECTT,Triabunna,,,Yes - featured,,
Casa Con Vista,ACCOMM,AU0614041,Tranmere,7018,Clarence City Council,N/A,DST,Tranmere,,Yes - featured,,,
Treetops Retreat,ACCOMM,AU0614044,Taroona,7053,Kingborough Council,N/A,DST,Taroona,,Yes - featured,,,
Bicheno Pharmacy,GENSERVICE,AU0614081,Bicheno,7215,Glamorgan Spring Bay Council,N/A,ECTT,Bicheno,,,Yes - featured,,
Swansea Pharmacy,GENSERVICE,AU0614084,Swansea,7190,Glamorgan Spring Bay Council,N/A,ECTT,Swansea,,,Yes - featured,,
St Marys Pharmacy,GENSERVICE,AU0614088,St Marys,7215,Break O'Day Council,N/A,ECTT,St Marys,,,Yes - featured,,
St Helens Pharmacy,GENSERVICE,AU0614089,St Helens,7216,Break O'Day Council,N/A,ECTT,St Helens,,,Yes - featured,,
Scamander Pharmacy,GENSERVICE,AU0614092,Scamander,7215,Break O'Day Council,N/A,ECTT,Scamander,,,Yes - featured,,
Eddystone Point Lighthouse,ATTRACTION,AU0614095,Mount William,7264,Break O'Day Council,N/A,ECTT,Mount William,,,Yes - featured,,
Cape Tourville Lighthouse,ATTRACTION,AU0614109,Coles Bay,7215,Glamorgan Spring Bay Council,N/A,ECTT,Coles Bay,,,Yes - featured,,
"Bicheno, Whalers Lookout Scenic Reserve",ATTRACTION,AU0614136,Bicheno,7215,Glamorgan Spring Bay Council,N/A,ECTT,Bicheno,,,Yes - featured,,
Cape Tourville Lookout - Great Short Walk,ATTRACTION,AU0614157,Coles Bay,7215,Glamorgan Spring Bay Council,N/A,ECTT,Coles Bay,,,Yes - featured,,
Freycinet National Park - Friendly Beaches Lookout,ATTRACTION,AU0614160,Friendly Beaches,7215,Glamorgan Spring Bay Council,N/A,ECTT,Friendly Beaches,,,Yes - featured,,
Freycinet National Park - Wineglass Bay Lookout,ATTRACTION,AU0614229,Freycinet,7215,Glamorgan Spring Bay Council,N/A,ECTT,Freycinet,,,Yes - featured,,
Freycinet National Park - Mount Amos Lookout,ATTRACTION,AU0614270,Freycinet,7215,Glamorgan Spring Bay Council,N/A,ECTT,Freycinet,,,Yes - featured,,
Orford - Three Thumbs Lookout,ATTRACTION,AU0614273,Bream Creek,7175,Sorell Council,N/A,DST,Bream Creek,,Yes - featured,,,
Mary Mary,RESTAURANT,AU0614287,Hobart,7000,Hobart City Council,N/A,DST,Hobart,,Yes - featured,,,
Poet's Ode,ACCOMM,AU0614355,Longley,7150,Kingborough Council,N/A,DST,Longley,,Yes - featured,,,
Deco Lounge at The Tasman,RESTAURANT,AU0614389,Hobart,7000,Hobart City Council,N/A,DST,Hobart,,Yes - featured,,,
Miena Guiding Tasmania,TOUR,AU0614395,Miena,7030,Central Highlands Council,N/A,DST,Miena,,Yes - featured,,,
Waubs Harbour Distillery,RESTAURANT,AU0614703,Bicheno,7215,Glamorgan Spring Bay Council,N/A,ECTT,Bicheno,,,Yes - featured,,
Park Trek Walking Holidays Tasmania,TOUR,AU0614728,Hobart,7000,Hobart City Council,N/A,DST,Hobart,,Yes - featured,,,
Ralphs Falls,ATTRACTION,AU0614783,Ringarooma,7263,Dorset Council,N/A,VNT,Ringarooma,Yes - featured,,,,
Shearers Hut at Twamley Farm,ACCOMM,AU0614789,Buckland,7190,Glamorgan Spring Bay Council,N/A,ECTT,Buckland,,,Yes - featured,,
Little Swanport Beach,ATTRACTION,AU0614808,Little Swanport,7190,Glamorgan Spring Bay Council,N/A,ECTT,Little Swanport,,,Yes - featured,,
Meetus Falls,ATTRACTION,AU0614809,Royal George,7213,Northern Midlands Council,N/A,VNT,Royal George,Yes - featured,,,,
Hardings Falls,ATTRACTION,AU0614823,Royal George,7213,Northern Midlands Council,N/A,VNT,Royal George,Yes - featured,,,,
"Redbill Beach, Bicheno",ATTRACTION,AU0614977,Bicheno,7215,Glamorgan Spring Bay Council,N/A,ECTT,Bicheno,,,Yes - featured,,
"Rice Pebble Beach, Bicheno",ATTRACTION,AU0614980,Bicheno,7215,Glamorgan Spring Bay Council,N/A,ECTT,Bicheno,,,Yes - featured,,
"Boltons Beach, Little Swanport",ATTRACTION,AU0614984,Triabunna,7190,Glamorgan Spring Bay Council,N/A,ECTT,Triabunna,,,Yes - featured,,
Mayfield Beach,ATTRACTION,AU0614989,Rocky Hills,7190,Glamorgan Spring Bay Council,N/A,ECTT,Rocky Hills,,,Yes - featured,,
Rheban Beach,ATTRACTION,AU0614990,Spring Beach,7190,Glamorgan Spring Bay Council,N/A,ECTT,Spring Beach,,,Yes - featured,,
Spiky Beach,ATTRACTION,AU0615003,Swansea,7190,Glamorgan Spring Bay Council,N/A,ECTT,Swansea,,,Yes - featured,,
Cressy Beach,ATTRACTION,AU0615004,Swansea,7190,Glamorgan Spring Bay Council,N/A,ECTT,Swansea,,,Yes - featured,,
"Raspins Beach, Orford",ATTRACTION,AU0615007,Orford,7190,Glamorgan Spring Bay Council,N/A,ECTT,Orford,,,Yes - featured,,
Scamander Beach,ATTRACTION,AU0615186,Scamander,7215,Break O'Day Council,N/A,ECTT,Scamander,,,Yes - featured,,
Tasmanian  Bushland Garden,ATTRACTION,AU0615187,Buckland,7190,Glamorgan Spring Bay Council,N/A,ECTT,Buckland,,,Yes - featured,,
Schouten House Beach,ATTRACTION,AU0615188,Swansea,7190,Glamorgan Spring Bay Council,N/A,ECTT,Swansea,,,Yes - featured,,
"Jubilee Beach, Swansea",ATTRACTION,AU0615189,Swansea,7190,Glamorgan Spring Bay Council,N/A,ECTT,Swansea,,,Yes - featured,,
The Gardens Binalong Bay  - East Coast Whale Trail,ATTRACTION,AU0615216,The Gardens,7216,Break O'Day Council,N/A,ECTT,The Gardens,,,Yes - featured,,
Binalong Bay - East Coast Whale Trail,ATTRACTION,AU0615217,Binalong Bay,7216,Break O'Day Council,N/A,ECTT,Binalong Bay,,,Yes - featured,,
Burns Bay Akaroa - East Coast Whale Trail,ATTRACTION,AU0615218,Akaroa,7216,Break O'Day Council,N/A,ECTT,Akaroa,,,Yes - featured,,
Beerbarrel Beach Akaroa St Helens - East Coast Whale Trail,ATTRACTION,AU0615219,Akaroa,7216,Break O'Day Council,N/A,ECTT,Akaroa,,,Yes - featured,,
Shelly Point Beaumaris - East Coast Whale Trail,ATTRACTION,AU0615220,Beaumaris,7215,Break O'Day Council,N/A,ECTT,Beaumaris,,,Yes - featured,,
Waubs Bay Bicheno - East Coast Whale Trail,ATTRACTION,AU0615221,Bicheno,7215,Glamorgan Spring Bay Council,N/A,ECTT,Bicheno,,,Yes - featured,,
Bicheno Blowhole - East Coast Whale Trail,ATTRACTION,AU0615222,Bicheno,7215,Glamorgan Spring Bay Council,N/A,ECTT,Bicheno,,,Yes - featured,,
Cape Tourville  Freycinet National Park - East Coast Whale Trail,ATTRACTION,AU0615223,Coles Bay,7215,Glamorgan Spring Bay Council,N/A,ECTT,Coles Bay,,,Yes - featured,,
Peggy's Point Bicheno - East Coast Whale Trail,ATTRACTION,AU0615224,Bicheno,7215,Glamorgan Spring Bay Council,N/A,ECTT,Bicheno,,,Yes - featured,,
Spiky Beach - East Coast Whale Trail,ATTRACTION,AU0615225,Swansea,7190,Glamorgan Spring Bay Council,N/A,ECTT,Swansea,,,Yes - featured,,
St Columba Falls Walk,JOURNEY,AU0615468,Pyengana,7216,Break O'Day Council,N/A,ECTT,Pyengana,,,Yes - featured,,
"Wineglass Bay, via Lookout",JOURNEY,AU0615472,Freycinet,7215,Glamorgan Spring Bay Council,N/A,ECTT,Freycinet,,,Yes - featured,,
East Coast Wine Trail,JOURNEY,AU0615482,Swansea,7190,Glamorgan Spring Bay Council,N/A,ECTT,Swansea,,,Yes - featured,,
"Saltworks, Swansea - East Coast Whale Trail",ATTRACTION,AU0615515,Little Swanport,7190,Glamorgan Spring Bay Council,N/A,ECTT,Little Swanport,,,Yes - featured,,
Maria Island National Park - East Coast Whale Trail,ATTRACTION,AU0615520,Triabunna,7190,Glamorgan Spring Bay Council,N/A,ECTT,Triabunna,,,Yes - featured,,
Four Mile Creek - East Coast Whale Trail,ATTRACTION,AU0615526,Four Mile Creek,7215,Break O'Day Council,N/A,ECTT,Four Mile Creek,,,Yes - featured,,
East Coast Tasmania Whale Trail,JOURNEY,AU0615527,Swansea,7190,Glamorgan Spring Bay Council,N/A,ECTT,Swansea,,,Yes - featured,,
Coles Bay - Public Toilets,GENSERVICE,AU0615572,Coles Bay,7215,Glamorgan Spring Bay Council,N/A,ECTT,Coles Bay,,,Yes - featured,,
Muirs Beach Coles Bay - Public Toilets,GENSERVICE,AU0615575,Coles Bay,7215,Glamorgan Spring Bay Council,N/A,ECTT,Coles Bay,,,Yes - featured,,
Four Mile Creek Lookout,ATTRACTION,AU0615600,Four Mile Creek,7215,Break O'Day Council,N/A,ECTT,Four Mile Creek,,,Yes - featured,,
The Lazy Prospector,ACCOMM,AU0615614,Zeehan,7469,West Coast Council,N/A,WxNW,Zeehan,,,,Yes - featured,
Binalong Bay - Cosy Corner Beach North and South,ATTRACTION,AU0615675,Binalong Bay,7216,Break O'Day Council,N/A,ECTT,Binalong Bay,,,Yes - featured,,
Binalong Bay - Swimcart Beach,ATTRACTION,AU0615677,Binalong Bay,7216,Break O'Day Council,N/A,ECTT,Binalong Bay,,,Yes - featured,,
Binalong Bay - Jeanneret beach,ATTRACTION,AU0615679,Binalong Bay,7216,Break O'Day Council,N/A,ECTT,Binalong Bay,,,Yes - featured,,
Binalong Bay Beach,ATTRACTION,AU0615681,Binalong Bay,7216,Break O'Day Council,N/A,ECTT,Binalong Bay,,,Yes - featured,,
Stieglitz Beach,ATTRACTION,AU0615685,Stieglitz,7216,Break O'Day Council,N/A,ECTT,Stieglitz,,,Yes - featured,,
St Helens Point and Beerbarrel Beach Walk,ATTRACTION,AU0615689,St Helens,7216,Break O'Day Council,N/A,ECTT,St Helens,,,Yes - featured,,
St Helens - Wharf Public Toilets,GENSERVICE,AU0615692,St Helens,7216,Break O'Day Council,N/A,ECTT,St Helens,,,Yes - featured,,
St John the Baptist Church - Buckland,ATTRACTION,AU0616418,Buckland,7190,Glamorgan Spring Bay Council,N/A,ECTT,Buckland,,,Yes - featured,,
Old Convict Road Orford - Walk,ATTRACTION,AU0616420,Orford,7190,Glamorgan Spring Bay Council,N/A,ECTT,Orford,,,Yes - featured,,
Lisdillon Saltworks - Little Swanport,ATTRACTION,AU0616454,Little Swanport,7190,Glamorgan Spring Bay Council,N/A,ECTT,Little Swanport,,,Yes - featured,,
Three Arch Bridge - Mayfield Beach,ATTRACTION,AU0616455,Rocky Hills,7190,Glamorgan Spring Bay Council,N/A,ECTT,Rocky Hills,,,Yes - featured,,
Derwent Distillery,RESTAURANT,AU0617019,Dromedary,7030,Brighton Council,N/A,DST,Dromedary,,Yes - featured,,,
Lakeside Tourist Caravan Park,ACCOMM,AU0617075,Eugenana,7310,Devonport City Council,N/A,WxNW,Eugenana,,,,,Yes - featured
Scamander - Playground,GENSERVICE,AU0617155,Scamander,7215,Break O'Day Council,N/A,ECTT,Scamander,,,Yes - featured,,
Tiny Escapes Cradle Valley,ACCOMM,AU0617200,Cradle Mountain,7306,Kentish Council,West Coast Council,WxNW,Cradle Mountain,,,,Yes - featured,Yes - featured
Casey Australia Tours Tasmania,TOUR,AU0618857,Hobart,7000,Hobart City Council,N/A,DST,Hobart,,Yes - featured,,,
St Helens Foreshore Playground,GENSERVICE,AU0618918,St Helens,7216,Break O'Day Council,N/A,ECTT,St Helens,,,Yes - featured,,
Swanwick Playground,GENSERVICE,AU0618920,Coles Bay,7215,Glamorgan Spring Bay Council,N/A,ECTT,Coles Bay,,,Yes - featured,,
Swansea Jubilee Beach Playground,GENSERVICE,AU0618922,Swansea,7190,Glamorgan Spring Bay Council,N/A,ECTT,Swansea,,,Yes - featured,,
"Coles Bay Playground, Harold Street",GENSERVICE,AU0618924,Coles Bay,7215,Glamorgan Spring Bay Council,N/A,ECTT,Coles Bay,,,Yes - featured,,
Orford playground,GENSERVICE,AU0618928,Orford,7190,Glamorgan Spring Bay Council,N/A,ECTT,Orford,,,Yes - featured,,
Bicheno Fishing from the Gulch,ATTRACTION,AU0618933,Bicheno,7215,Glamorgan Spring Bay Council,N/A,ECTT,Bicheno,,,Yes - featured,,
Pilgrim Blue Derby,ACCOMM,AU0619025,Derby,7264,Dorset Council,N/A,VNT,Derby,Yes - featured,,,,
Vertigo MTB - St Helens,HIRE,AU0619027,St Helens,7216,Break O'Day Council,N/A,ECTT,St Helens,,,Yes - featured,,
Scamander Fishing,ATTRACTION,AU0619054,Scamander,7215,Break O'Day Council,N/A,ECTT,Scamander,,,Yes - featured,,
St Helens Fishing,ATTRACTION,AU0619057,St Helens,7216,Break O'Day Council,N/A,ECTT,St Helens,,,Yes - featured,,
Bicheno Golf Club,ATTRACTION,AU0619087,Bicheno,7215,Glamorgan Spring Bay Council,N/A,ECTT,Bicheno,,,Yes - featured,,
Callington Mill Distillery,RESTAURANT,AU0708966,Oatlands,7120,Southern Midlands Council,N/A,DST,Oatlands,,Yes - featured,,,
Smithton Visitor Information Centre,INFO,AU0723183,Smithton,7330,Circular Head Council,N/A,WxNW,Smithton,,,,,Yes - featured
Ulverstone River Edge Apartments,ACCOMM,AU0765041,West Ulverstone,7315,Central Coast Council,N/A,WxNW,West Ulverstone,,,,,Yes - featured
Ben Lomond Alpine Resort,ATTRACTION,AU0777735,Ben Lomond,7212,Northern Midlands Council,N/A,VNT,Ben Lomond,Yes - featured,,,,
Dwarf Cottage,ACCOMM,AU0799369,Killiecrankie,7255,Flinders Council,N/A,VNT,Killiecrankie,Yes - featured,,,,
Wombat Lodge,ACCOMM,AU0799375,Killiecrankie,7255,Flinders Council,N/A,VNT,Killiecrankie,Yes - featured,,,,
Swansea Golf Club,ATTRACTION,AU0803272,Swansea,7190,Glamorgan Spring Bay Council,N/A,ECTT,Swansea,,,Yes - featured,,
Freycinet Golf Club,ATTRACTION,AU0803285,Coles Bay,7215,Glamorgan Spring Bay Council,N/A,ECTT,Coles Bay,,,Yes - featured,,
St Helens Golf Club,ATTRACTION,AU0803288,St Helens,7216,Break O'Day Council,N/A,ECTT,St Helens,,,Yes - featured,,
Malahide Golf Club,ATTRACTION,AU0803291,Fingal,7214,Break O'Day Council,N/A,ECTT,Fingal,,,Yes - featured,,
Scamander River Golf Club,ATTRACTION,AU0803294,Scamander,7215,Break O'Day Council,N/A,ECTT,Scamander,,,Yes - featured,,
St Marys Golf Club,ATTRACTION,AU0803296,St Marys,7215,Break O'Day Council,N/A,ECTT,St Marys,,,Yes - featured,,
Orford Golf Club,ATTRACTION,AU0803300,Orford,7190,Glamorgan Spring Bay Council,N/A,ECTT,Orford,,,Yes - featured,,
The Inlet - Stanley,ACCOMM,AU0807030,Stanley,7331,Circular Head Council,N/A,WxNW,Stanley,,,,,Yes - featured
Mayfield Bay Conservation Area Free Camp,ACCOMM,AU0807090,Rocky Hills,7190,Glamorgan Spring Bay Council,N/A,ECTT,Rocky Hills,,,Yes - featured,,
Chain of Lagoons Beach Free Campground,ACCOMM,AU0807095,Chain of Lagoons,7215,Break O'Day Council,N/A,ECTT,Chain of Lagoons,,,Yes - featured,,
Fingal Park Free Camp (Donation),ACCOMM,AU0807099,Fingal,7214,Break O'Day Council,N/A,ECTT,Fingal,,,Yes - featured,,
Bicheno Tennis Club,ATTRACTION,AU0807107,Bicheno,7215,Glamorgan Spring Bay Council,N/A,ECTT,Bicheno,,,Yes - featured,,
Spring Bay Tennis Club,ATTRACTION,AU0807114,Triabunna,7190,Glamorgan Spring Bay Council,N/A,ECTT,Triabunna,,,Yes - featured,,
East Coast Anglican Church Swansea,ATTRACTION,AU0807117,Swansea,7190,Glamorgan Spring Bay Council,N/A,ECTT,Swansea,,,Yes - featured,,
Bicheno Community and East Coast Anglican Church,ATTRACTION,AU0807121,Bicheno,7215,Glamorgan Spring Bay Council,N/A,ECTT,Bicheno,,,Yes - featured,,
Bicheno Library,GENSERVICE,AU0807283,Bicheno,7215,Glamorgan Spring Bay Council,N/A,ECTT,Bicheno,,,Yes - featured,,
Swansea Library,GENSERVICE,AU0807284,Swansea,7190,Glamorgan Spring Bay Council,N/A,ECTT,Swansea,,,Yes - featured,,
Orford Libary,GENSERVICE,AU0807285,Orford,7190,Glamorgan Spring Bay Council,N/A,ECTT,Orford,,,Yes - featured,,
St Helens Library,GENSERVICE,AU0807286,St Helens,7216,Break O'Day Council,N/A,ECTT,St Helens,,,Yes - featured,,
St Marys Libary,GENSERVICE,AU0807287,St Marys,7215,Break O'Day Council,N/A,ECTT,St Marys,,,Yes - featured,,
Fingal Online Access Centre,GENSERVICE,AU0807288,Fingal,7214,Break O'Day Council,N/A,ECTT,Fingal,,,Yes - featured,,
Binalong Bay Tennis Club,ATTRACTION,AU0807298,Binalong Bay,7216,Break O'Day Council,N/A,ECTT,Binalong Bay,,,Yes - featured,,
St Helens Tennis Club,ATTRACTION,AU0807299,St Helens,7216,Break O'Day Council,N/A,ECTT,St Helens,,,Yes - featured,,
Humbug Point Free Campground St Helens,ACCOMM,AU0807309,Binalong Bay,7216,Break O'Day Council,N/A,ECTT,Binalong Bay,,,Yes - featured,,
"Moulting Bay Free Campground, Georges Bay, St Helens",ACCOMM,AU0807310,St Helens,7216,Break O'Day Council,N/A,ECTT,St Helens,,,Yes - featured,,
Freycinet Golf Club Campground,ACCOMM,AU0807311,Coles Bay,7215,Glamorgan Spring Bay Council,N/A,ECTT,Coles Bay,,,Yes - featured,,
Douglas Apsley National Park - Camping Ground,ACCOMM,AU0807312,Douglas-Apsley,7215,Break O'Day Council,N/A,ECTT,Douglas-Apsley,,,Yes - featured,,
Bicheno Kayaking,ATTRACTION,AU0807314,Bicheno,7215,Glamorgan Spring Bay Council,N/A,ECTT,Bicheno,,,Yes - featured,,
Sheffield Honey Farm,RESTAURANT,AU0807637,Sheffield,7306,Kentish Council,N/A,WxNW,Sheffield,,,,,Yes - featured
Halls Falls,ATTRACTION,AU0807833,Pyengana,7216,Break O'Day Council,N/A,ECTT,Pyengana,,,Yes - featured,,
Douglas River Falls,ATTRACTION,AU0807837,Douglas-Apsley,7215,Break O'Day Council,N/A,ECTT,Douglas-Apsley,,,Yes - featured,,
Evercreech Falls,ATTRACTION,AU0807844,Mathinna,7214,Break O'Day Council,N/A,ECTT,Mathinna,,,Yes - featured,,
Gray Mares Tail Falls,ATTRACTION,AU0807849,St Marys,7215,Break O'Day Council,N/A,ECTT,St Marys,,,Yes - featured,,
Mathinna Falls,ATTRACTION,AU0807940,Mathinna,7214,Break O'Day Council,N/A,ECTT,Mathinna,,,Yes - featured,,
Ferntree Falls,ATTRACTION,AU0807943,St Helens,7216,Break O'Day Council,N/A,ECTT,St Helens,,,Yes - featured,,
Heritage Falls,ATTRACTION,AU0807944,Douglas-Apsley,7215,Break O'Day Council,N/A,ECTT,Douglas-Apsley,,,Yes - featured,,
Leeaberra Falls,ATTRACTION,AU0807947,Douglas-Apsley,7215,Break O'Day Council,N/A,ECTT,Douglas-Apsley,,,Yes - featured,,
Kelvedon Boat Shed,ATTRACTION,AU0807951,Swansea,7190,Glamorgan Spring Bay Council,N/A,ECTT,Swansea,,,Yes - featured,,
East Coast Heritage Museum,ATTRACTION,AU0807953,Swansea,7190,Glamorgan Spring Bay Council,N/A,ECTT,Swansea,,,Yes - featured,,
Beaumaris Beach,ATTRACTION,AU0807954,Beaumaris,7215,Break O'Day Council,N/A,ECTT,Beaumaris,,,Yes - featured,,
Apsley River Waterhole and Gorge - Great Short Walk,JOURNEY,AU0807964,Bicheno,7215,Glamorgan Spring Bay Council,N/A,ECTT,Bicheno,,,Yes - featured,,
Bishop and Clerk Maria Island - Great Short Walk,JOURNEY,AU0808306,Maria Island,7190,Glamorgan Spring Bay Council,N/A,ECTT,Maria Island,,,Yes - featured,,
Swansea Fishing,ATTRACTION,AU0808335,Swansea,7190,Glamorgan Spring Bay Council,N/A,ECTT,Swansea,,,Yes - featured,,
Orford Fishing,ATTRACTION,AU0808341,Orford,7190,Glamorgan Spring Bay Council,N/A,ECTT,Orford,,,Yes - featured,,
Little Swanport Fishing,ATTRACTION,AU0808346,Little Swanport,7190,Glamorgan Spring Bay Council,N/A,ECTT,Little Swanport,,,Yes - featured,,
Tunnel Hill Mushrooms,RESTAURANT,AU0808381,Mount Rumney,7170,Clarence City Council,N/A,DST,Mount Rumney,,Yes - featured,,,
Bicheno Boat Ramp,GENSERVICE,AU0808461,Bicheno,7215,Glamorgan Spring Bay Council,N/A,ECTT,Bicheno,,,Yes - featured,,
St Helens Boat Ramp,GENSERVICE,AU0808465,St Helens,7216,Break O'Day Council,N/A,ECTT,St Helens,,,Yes - featured,,
Swan River Boat Ramp,GENSERVICE,AU0808469,Dolphin Sands,7190,Glamorgan Spring Bay Council,N/A,ECTT,Dolphin Sands,,,Yes - featured,,
"Grants Lagoon, Binalong Bay Boat Ramp",GENSERVICE,AU0808473,The Gardens,7216,Break O'Day Council,N/A,ECTT,The Gardens,,,Yes - featured,,
Four Mile Creet Boat Ramp,GENSERVICE,AU0808477,Four Mile Creek,7215,Break O'Day Council,N/A,ECTT,Four Mile Creek,,,Yes - featured,,
"Dolphin Sands, Yellow Sandbanks Boat Ramp",GENSERVICE,AU0808481,Dolphin Sands,7190,Glamorgan Spring Bay Council,N/A,ECTT,Dolphin Sands,,,Yes - featured,,
Triabunna Boat Ramp,GENSERVICE,AU0808485,Triabunna,7190,Glamorgan Spring Bay Council,N/A,ECTT,Triabunna,,,Yes - featured,,
Prosser River Boat Ramp,GENSERVICE,AU0808487,Orford,7190,Glamorgan Spring Bay Council,N/A,ECTT,Orford,,,Yes - featured,,
Coles Bay Boat Ramp,GENSERVICE,AU0808489,Coles Bay,7215,Glamorgan Spring Bay Council,N/A,ECTT,Coles Bay,,,Yes - featured,,
Swanwick Boat Ramp,GENSERVICE,AU0808492,Coles Bay,7215,Glamorgan Spring Bay Council,N/A,ECTT,Coles Bay,,,Yes - featured,,
Swansea Jubilee Beach Boat Ramp,GENSERVICE,AU0808493,Swansea,7190,Glamorgan Spring Bay Council,N/A,ECTT,Swansea,,,Yes - featured,,
Swansea Gordon Street Boat Ramp,GENSERVICE,AU0808494,Swansea,7190,Glamorgan Spring Bay Council,N/A,ECTT,Swansea,,,Yes - featured,,
Saltworks Boat Ramp,GENSERVICE,AU0808496,Little Swanport,7190,Glamorgan Spring Bay Council,N/A,ECTT,Little Swanport,,,Yes - featured,,
Burns Bay Akaroa Boat Ramp,GENSERVICE,AU0808500,Akaroa,7216,Break O'Day Council,N/A,ECTT,Akaroa,,,Yes - featured,,
Scamander River Boat Ramp,GENSERVICE,AU0808501,Scamander,7215,Break O'Day Council,N/A,ECTT,Scamander,,,Yes - featured,,
Stieglitz Boat Ramp,GENSERVICE,AU0808503,Stieglitz,7216,Break O'Day Council,N/A,ECTT,Stieglitz,,,Yes - featured,,
Binalong Bay Boat Ramp,GENSERVICE,AU0808505,Binalong Bay,7216,Break O'Day Council,N/A,ECTT,Binalong Bay,,,Yes - featured,,
Tasman Sea Salt's The Salt Sommelier,RESTAURANT,AU0808583,Little Swanport,7190,Glamorgan Spring Bay Council,N/A,ECTT,Little Swanport,,,Yes - featured,,
Great Oyster Bay and Freycinet Peninsula Fishing,ATTRACTION,AU0808710,Freycinet,7215,Glamorgan Spring Bay Council,N/A,ECTT,Freycinet,,,Yes - featured,,
Fossil Cliffs Maria Island - Great Short Walk,JOURNEY,AU0808715,Maria Island,7190,Glamorgan Spring Bay Council,N/A,ECTT,Maria Island,,,Yes - featured,,
Friendly Beaches - Great Short Walk,JOURNEY,AU0808726,Friendly Beaches,7215,Glamorgan Spring Bay Council,N/A,ECTT,Friendly Beaches,,,Yes - featured,,
"loontitetermairrelehoiner, Swansea - Great Short Walk",JOURNEY,AU0808728,Swansea,7190,Glamorgan Spring Bay Council,N/A,ECTT,Swansea,,,Yes - featured,,
"Painted Cliffs, Maria Island - Great Short Walk",JOURNEY,AU0808733,Maria Island,7190,Glamorgan Spring Bay Council,N/A,ECTT,Maria Island,,,Yes - featured,,
Craigie Knowe Vineyard Indulgent Tour,TOUR,AU0808787,Cranbrook,7190,Glamorgan Spring Bay Council,N/A,ECTT,Cranbrook,,,Yes - featured,,
The River Studio,ACCOMM,AU0808804,Legana,7277,West Tamar Council,N/A,VNT,Legana,Yes - featured,,,,
Paint the Town Red,ATTRACTION,AU0809211,Launceston,7250,Launceston City Council,N/A,VNT,Launceston,Yes - featured,,,,
St Anne Catholic Church Triabunna,ATTRACTION,AU0811051,Triabunna,7190,Glamorgan Spring Bay Council,N/A,ECTT,Triabunna,,,Yes - featured,,
Old Beach Berries,RESTAURANT,AU0811557,Old Beach,7017,Brighton Council,N/A,DST,Old Beach,,Yes - featured,,,
Westella Vineyard & Cellar,RESTAURANT,AU0811605,Rowella,7270,West Tamar Council,N/A,VNT,Rowella,Yes - featured,,,,
Glaziers Bay Cottage,ACCOMM,AU0811648,Glaziers Bay,7109,Huon Valley Council,N/A,DST,Glaziers Bay,,Yes - featured,,,
Divine Objects,ATTRACTION,AU0811664,Deloraine,7304,Meander Valley Council,N/A,VNT,Deloraine,Yes - featured,,,,
Evercreech Forest Reserve - Great Short Walk,JOURNEY,AU0811666,Mathinna,7214,Break O'Day Council,N/A,ECTT,Mathinna,,,Yes - featured,,
Coles Bay Fishing,ATTRACTION,AU0811698,Coles Bay,7215,Glamorgan Spring Bay Council,N/A,ECTT,Coles Bay,,,Yes - featured,,
Winifred Curtis Reserve,ATTRACTION,AU0811701,Scamander,7215,Break O'Day Council,N/A,ECTT,Scamander,,,Yes - featured,,
Waubs Bay Beach Walk,JOURNEY,AU0812452,Bicheno,7215,Glamorgan Spring Bay Council,N/A,ECTT,Bicheno,,,Yes - featured,,
Coles Bay Kayaking,ATTRACTION,AU0813259,Coles Bay,7215,Glamorgan Spring Bay Council,N/A,ECTT,Coles Bay,,,Yes - featured,,
Swanwick Kayaking,ATTRACTION,AU0813261,Coles Bay,7215,Glamorgan Spring Bay Council,N/A,ECTT,Coles Bay,,,Yes - featured,,
Scamander Kayaking,ATTRACTION,AU0813263,Scamander,7215,Break O'Day Council,N/A,ECTT,Scamander,,,Yes - featured,,
Fork it Farmstay,ACCOMM,AU0813711,Lebrina,7254,Launceston City Council,N/A,VNT,Lebrina,Yes - featured,,,,
Derby Bank House B&B and self contained Cabin,ACCOMM,AU0814058,Derby,7264,Dorset Council,N/A,VNT,Derby,Yes - featured,,,,
New Norfolk Golf Club,ATTRACTION,AU0814374,New Norfolk,7140,Derwent Valley Council,N/A,DST,New Norfolk,,Yes - featured,,,
Great Eastern Drive - Hobart to Swansea,JOURNEY,AU0814584,Swansea,7190,Glamorgan Spring Bay Council,N/A,ECTT,Swansea,,,Yes - featured,,
Great Eastern Drive - Swansea to Bicheno,JOURNEY,AU0814609,Bicheno,7215,Glamorgan Spring Bay Council,N/A,ECTT,Bicheno,,,Yes - featured,,
Mt Owen MTB Trail Network,ATTRACTION,AU0815004,Gormanston,7466,West Coast Council,N/A,WxNW,Gormanston,,,,Yes - featured,
Ocean Beach MTB Trails,ATTRACTION,AU0815071,Strahan,7468,West Coast Council,N/A,WxNW,Strahan,,,,Yes - featured,
Silver City MTB Trails - Zeehan Tasmania,ATTRACTION,AU0815073,Trial Harbour,7469,West Coast Council,N/A,WxNW,Trial Harbour,,,,Yes - featured,
Peppermint Ridge Retreat,ACCOMM,AU0816840,Woodbridge,7162,Kingborough Council,N/A,DST,Woodbridge,,Yes - featured,,,
Mayfield Estate,RESTAURANT,AU0868384,Little Swanport,7190,Glamorgan Spring Bay Council,N/A,ECTT,Little Swanport,,,Yes - featured,,
Unavale Vineyard,RESTAURANT,AU0868713,Lady Barron,7255,Flinders Council,N/A,VNT,Lady Barron,Yes - featured,,,,
Gunners Arms Tavern,RESTAURANT,AU0868889,Launceston,7250,Launceston City Council,N/A,VNT,Launceston,Yes - featured,,,,
Island State Brewing,RESTAURANT,AU0869071,Devonport,7310,Devonport City Council,N/A,WxNW,Devonport,,,,,Yes - featured
Crystal Mantle,ATTRACTION,AU0869140,Penguin,7316,Central Coast Council,N/A,WxNW,Penguin,,,,,Yes - featured
Stanley Wine Bar,RESTAURANT,AU0869142,Stanley,7331,Circular Head Council,N/A,WxNW,Stanley,,,,,Yes - featured
Exeter Golf Club,ATTRACTION,AU0918101,Exeter,7275,West Tamar Council,N/A,VNT,Exeter,Yes - featured,,,,
Telegraph Hotel,RESTAURANT,AU0918615,Hobart,7000,Hobart City Council,N/A,DST,Hobart,,Yes - featured,,,
Sawtooth ARI Gallery,ATTRACTION,AU0918942,Launceston,7248,Launceston City Council,N/A,VNT,Launceston,Yes - featured,,,,
Southwest Expeditions,TOUR,AU0919022,Strahan,7468,West Coast Council,N/A,WxNW,Strahan,,,,Yes - featured,
Earl Arts Centre,ATTRACTION,AU0919270,Launceston,7250,Launceston City Council,N/A,VNT,Launceston,Yes - featured,,,,
Duck River Meadows Robotic Dairy &  Cheese Tour,TOUR,AU0919845,Smithton,7330,Circular Head Council,N/A,WxNW,Smithton,,,,,Yes - featured
Sweetbrew,RESTAURANT,AU0920100,Launceston,7250,Launceston City Council,N/A,VNT,Launceston,Yes - featured,,,,
Tasmanian Pickled Onions,RESTAURANT,AU0920107,Ulverstone,7315,Central Coast Council,N/A,WxNW,Ulverstone,,,,,Yes - featured
Gleneagle Tasmania,ACCOMM,AU0920455,Riana,7316,Central Coast Council,N/A,WxNW,Riana,,,,,Yes - featured
Camplify,HIRE,AU0920479,Hobart,7000,Hobart City Council,N/A,DST,Hobart,,Yes - featured,,,
Communion Brewing Co,RESTAURANT,AU0920584,Burnie,7320,Burnie Council,N/A,WxNW,Burnie,,,,,Yes - featured
Plump Berries,RESTAURANT,AU0920803,Barrington,7306,Kentish Council,N/A,WxNW,Barrington,,,,,Yes - featured
Aquila Eco Retreat- Richmond Tasmania,ACCOMM,AU0921049,Richmond,7025,Clarence City Council,N/A,DST,Richmond,,Yes - featured,,,
Fika Time Cafe and Restaurant,RESTAURANT,AU0921096,Maydena,7140,Derwent Valley Council,N/A,DST,Maydena,,Yes - featured,,,
Jaclyn  Studio - Outdoor Spa & Sauna,ACCOMM,AU0921179,Legana,7277,West Tamar Council,N/A,VNT,Legana,Yes - featured,,,,
BB Fit,GENSERVICE,AU0921247,Binalong Bay,7216,Break O'Day Council,N/A,ECTT,Binalong Bay,,,Yes - featured,,
The Vault Cafe Bar,RESTAURANT,AU0921817,Wynyard,7325,Waratah-Wynyard Council,N/A,WxNW,Wynyard,,,,,Yes - featured
The Pondering Frog Ice Cream and RV Camp,ACCOMM,AU0921957,Bicheno,7215,Glamorgan Spring Bay Council,N/A,ECTT,Bicheno,,,Yes - featured,,
The Picker's Hut,ACCOMM,AU0922174,Broadmarsh,7030,Southern Midlands Council,Derwent Valley Council,DST,Broadmarsh,,Yes - featured,,,
Bushy Park Market and Hops Museum,ATTRACTION,AU0922654,Bushy Park,7140,Derwent Valley Council,N/A,DST,Bushy Park,,Yes - featured,,,
Ye Olde Buckland Inn,RESTAURANT,AU0922743,Buckland,7190,Glamorgan Spring Bay Council,N/A,ECTT,Buckland,,,Yes - featured,,
Cerise Brook Orchard and Family Golf,RESTAURANT,AU0922754,St Helens,7216,Break O'Day Council,N/A,ECTT,St Helens,,,Yes - featured,,
Ye Olde Buckland Inn Campground,ACCOMM,AU0922801,Buckland,7190,Glamorgan Spring Bay Council,N/A,ECTT,Buckland,,,Yes - featured,,
Alchemy Bar & Restaurant,RESTAURANT,AU0922873,Launceston,7250,Launceston City Council,N/A,VNT,Launceston,Yes - featured,,,,
Irish Murphy's Hobart,RESTAURANT,AU0922878,Hobart,7000,Hobart City Council,N/A,DST,Hobart,,Yes - featured,,,
CMCA RV Park Geeveston,ACCOMM,AU0923368,Geeveston,7116,Huon Valley Council,N/A,DST,Geeveston,,Yes - featured,,,
CMCA RV Park Railton,ACCOMM,AU0923449,Railton,7305,Kentish Council,N/A,WxNW,Railton,,,,,Yes - featured
La Villa Wines,RESTAURANT,AU0923475,Spreyton,7310,Devonport City Council,N/A,WxNW,Spreyton,,,,,Yes - featured
Airforce Reserve,GENSERVICE,AU0923706,West Ulverstone,7315,Central Coast Council,N/A,WxNW,West Ulverstone,,,,,Yes - featured
41 Found,ACCOMM,AU0923850,Somerset,7322,Waratah-Wynyard Council,N/A,WxNW,Somerset,,,,,Yes - featured
The Doctor's Interlaken,ACCOMM,AU0923857,Interlaken,7030,Central Highlands Council,N/A,DST,Interlaken,,Yes - featured,,,
SWIRL (Smithton Wellbeing Indoor Recreation & Leisure),GENSERVICE,AU0923906,Smithton,7330,Circular Head Council,N/A,WxNW,Smithton,,,,,Yes - featured
Furneaux Distillery,RESTAURANT,AU0923912,Emita,7255,Flinders Council,N/A,VNT,Emita,Yes - featured,,,,
Bayviews Restaurant & Lounge Bar,RESTAURANT,AU0924110,Burnie,7320,Burnie Council,N/A,WxNW,Burnie,,,,,Yes - featured
Novotel Devonport,ACCOMM,AU0924309,Devonport,7310,Devonport City Council,N/A,WxNW,Devonport,,,,,Yes - featured
Penguin Beer Co,RESTAURANT,AU0924535,Penguin,7316,Central Coast Council,N/A,WxNW,Penguin,,,,,Yes - featured
"Lions Park, Railton",GENSERVICE,AU0924706,Railton,7305,Kentish Council,N/A,WxNW,Railton,,,,,Yes - featured
Islington Hotel,ACCOMM,AU0924728,Hobart,7000,Hobart City Council,N/A,DST,Hobart,,Yes - featured,,,
George Town MTB Trails,ATTRACTION,AU0924852,George Town,7253,George Town Council,N/A,VNT,George Town,Yes - featured,,,,
Gaol House Cottages - The Stables,ACCOMM,AU0924870,Bicheno,7215,Glamorgan Spring Bay Council,N/A,ECTT,Bicheno,,,Yes - featured,,
Drifters End Distilling Company,RESTAURANT,AU0924949,Cambridge,7170,Clarence City Council,N/A,DST,Cambridge,,Yes - featured,,,
The Tasmania Shop,RESTAURANT,AU0925026,St Helens,7216,Break O'Day Council,N/A,ECTT,St Helens,,,Yes - featured,,
Gaol House Cottages - The School House,ACCOMM,AU0925073,Bicheno,7215,Glamorgan Spring Bay Council,N/A,ECTT,Bicheno,,,Yes - featured,,
Governors Bicheno,RESTAURANT,AU0925115,Bicheno,7215,Glamorgan Spring Bay Council,N/A,ECTT,Bicheno,,,Yes - featured,,
Geeveston Town Hall Visitor Centre,INFO,AU0925158,Geeveston,7116,Huon Valley Council,N/A,DST,Geeveston,,Yes - featured,,,
"King George V Park, Sheffield",GENSERVICE,AU0925228,Sheffield,7306,Kentish Council,N/A,WxNW,Sheffield,,,,,Yes - featured
Harmony Hill Health Retreat,ACCOMM,AU0925266,Margate,7054,Kingborough Council,Huon Valley Council,DST,Margate,,Yes - featured,,,
Public Toilet Sheffield Visitor Information Centre,GENSERVICE,AU0925268,Sheffield,7306,Kentish Council,N/A,WxNW,Sheffield,,,,,Yes - featured
Public Toilets Kentish Park,GENSERVICE,AU0925280,West Kentish,7306,Kentish Council,N/A,WxNW,West Kentish,,,,,Yes - featured
"Lake Barrington Picnic Area, Wilmot",GENSERVICE,AU0925293,Wilmot,7310,Kentish Council,N/A,WxNW,Wilmot,,,,,Yes - featured
Panorama Cabins,ACCOMM,AU0925387,Bicheno,7215,Glamorgan Spring Bay Council,N/A,ECTT,Bicheno,,,Yes - featured,,
Mariner Rose Bed & Breakfast,ACCOMM,AU0925415,Stanley,7331,Circular Head Council,N/A,WxNW,Stanley,,,,,Yes - featured
Mariner Rose,RESTAURANT,AU0925457,Stanley,7331,Circular Head Council,N/A,WxNW,Stanley,,,,,Yes - featured
Shambles Brewery,RESTAURANT,AU0925586,Hobart,7000,Hobart City Council,N/A,DST,Hobart,,Yes - featured,,,
Mi Tall Story,ACCOMM,AU0925780,Southport,7109,Huon Valley Council,N/A,DST,Southport,,Yes - featured,,,
Replay Bar,RESTAURANT,AU0925796,Hobart,7000,Hobart City Council,N/A,DST,Hobart,,Yes - featured,,,
Long Boat Tavern,RESTAURANT,AU0925830,Bicheno,7215,Glamorgan Spring Bay Council,N/A,ECTT,Bicheno,,,Yes - featured,,
Diamond Island Retreat & Diamond Island Retreat TOO,ACCOMM,AU0925918,Bicheno,7215,Glamorgan Spring Bay Council,N/A,ECTT,Bicheno,,,Yes - featured,,
"Mersey Bluff Beach, Devonport",GENSERVICE,AU0925945,Devonport,7310,Devonport City Council,N/A,WxNW,Devonport,,,,,Yes - featured
Iron Creek Bay Estate,ACCOMM,AU0925967,Sorell,7172,Sorell Council,N/A,DST,Sorell,,Yes - featured,,,
"Granton Reserve, Granton - Public Toilets",GENSERVICE,AU0926186,Granton,7030,Derwent Valley Council,Glenorchy Council,DST,Granton,,Yes - featured,,,
Great Eastern Drive - Bay of Fires: Around The Gardens,JOURNEY,AU0926363,The Gardens,7216,Break O'Day Council,N/A,ECTT,The Gardens,,,Yes - featured,,
Great Eastern Drive - Bay of Fires: Mountains to Beach,JOURNEY,AU0926364,Weldborough,7264,Break O'Day Council,N/A,ECTT,Weldborough,,,Yes - featured,,
Great Eastern Drive - Bay of Fires: Around St Helens,JOURNEY,AU0926365,St Helens,7216,Break O'Day Council,N/A,ECTT,St Helens,,,Yes - featured,,
Thornby Farm Accommodation,ACCOMM,AU0926366,Exton,7303,Meander Valley Council,N/A,VNT,Exton,Yes - featured,,,,
"The Esplanade, New Norfolk - Public Toilet",GENSERVICE,AU0926374,New Norfolk,7140,Derwent Valley Council,N/A,DST,New Norfolk,,Yes - featured,,,
"Tynwald Park, New Norfolk - Public Toilet",GENSERVICE,AU0926375,New Norfolk,7140,Derwent Valley Council,N/A,DST,New Norfolk,,Yes - featured,,,
"Arthur Square, New Norfolk - Public Toilet",GENSERVICE,AU0926377,New Norfolk,7140,Derwent Valley Council,N/A,DST,New Norfolk,,Yes - featured,,,
"Town Hall Public Toilet, Wilmot",GENSERVICE,AU0926379,Wilmot,7310,Kentish Council,N/A,WxNW,Wilmot,,,,,Yes - featured
O'Neills Creek Reserve,GENSERVICE,AU0926380,Gowrie Park,7306,Kentish Council,N/A,WxNW,Gowrie Park,,,,,Yes - featured
"Westerway Hall, Westerway - Public Toilet",GENSERVICE,AU0926382,Westerway,7140,Central Highlands Council,Derwent Valley Council,DST,Westerway,,Yes - featured,,,
"Picnic Area - Tywnwald Park, New Norfolk",GENSERVICE,AU0926383,New Norfolk,7140,Derwent Valley Council,N/A,DST,New Norfolk,,Yes - featured,,,
The Esplanade  New Norfolk - Picnic area,GENSERVICE,AU0926384,New Norfolk,7140,Derwent Valley Council,N/A,DST,New Norfolk,,Yes - featured,,,
"Tywnwald Park, New Norfolk - BBQ area",GENSERVICE,AU0926390,New Norfolk,7140,Derwent Valley Council,N/A,DST,New Norfolk,,Yes - featured,,,
"The Esplanade, New Norfolk - BBQ area",GENSERVICE,AU0926391,New Norfolk,7140,Derwent Valley Council,N/A,DST,New Norfolk,,Yes - featured,,,
"Tywnwald Park, New Norfolk - Playground",GENSERVICE,AU0926392,New Norfolk,7140,Derwent Valley Council,N/A,DST,New Norfolk,,Yes - featured,,,
"The Esplanade, New Norfolk - Playground",GENSERVICE,AU0926393,New Norfolk,7140,Derwent Valley Council,N/A,DST,New Norfolk,,Yes - featured,,,
Sorell Park and Ride - Public Toilet,GENSERVICE,AU0926399,Sorell,7172,Sorell Council,N/A,DST,Sorell,,Yes - featured,,,
Gypsy Bay Boat Ramp - Public Toliet,GENSERVICE,AU0926400,Primrose Sands,7173,Sorell Council,N/A,DST,Primrose Sands,,Yes - featured,,,
Prickly Mo,RESTAURANT,AU0926411,Eugenana,7310,Devonport City Council,N/A,WxNW,Eugenana,,,,,Yes - featured
MinT Gallery & Gift Shop,ATTRACTION,AU0926437,St Helens,7216,Break O'Day Council,N/A,ECTT,St Helens,,,Yes - featured,,
Nut Cafe & Store,RESTAURANT,AU0926464,Stanley,7331,Circular Head Council,N/A,WxNW,Stanley,,,,,Yes - featured
Spring Bay Seafood & Wine Bar,RESTAURANT,AU0926508,ORFORD,7190,Glamorgan Spring Bay Council,N/A,ECTT,Orford,,,Yes - featured,,
Waverley Mills,ATTRACTION,AU0926600,Waverley,7250,Launceston City Council,N/A,VNT,Waverley,Yes - featured,,,,
Zeehan Dump Point,GENSERVICE,AU0926738,Zeehan,7469,West Coast Council,N/A,WxNW,Zeehan,,,,Yes - featured,
Rosebery Dump Point,GENSERVICE,AU0926763,Rosebery,7470,West Coast Council,N/A,WxNW,Rosebery,,,,Yes - featured,
"Howards Park, Zeehan",GENSERVICE,AU0926765,Zeehan,7469,West Coast Council,N/A,WxNW,Zeehan,,,,Yes - featured,
Rosebery Playground,GENSERVICE,AU0926773,Rosebery,7470,West Coast Council,N/A,WxNW,Rosebery,,,,Yes - featured,
Strahan Playground,GENSERVICE,AU0926774,Strahan,7468,West Coast Council,N/A,WxNW,Strahan,,,,Yes - featured,
Tullah BBQ Area,GENSERVICE,AU0926787,Tullah,7321,West Coast Council,N/A,WxNW,Tullah,,,,Yes - featured,
Discover My Devonport,TOUR,AU0926853,Devonport,7310,Devonport City Council,N/A,WxNW,Devonport,,,,,Yes - featured
"West Esplanade Reserve, Smithton",GENSERVICE,AU0926857,Smithton,7330,Circular Head Council,N/A,WxNW,Smithton,,,,,Yes - featured
"Tier Hill Lookout, Smithton",GENSERVICE,AU0926860,Smithton,7330,Circular Head Council,N/A,WxNW,Smithton,,,,,Yes - featured
"Anzac Park, Smithton - Recreation Area",GENSERVICE,AU0926866,Smithton,7330,Circular Head Council,N/A,WxNW,Smithton,,,,,Yes - featured
"Green Point Beach Park, Marrawah",GENSERVICE,AU0926874,Marrawah,7330,Circular Head Council,N/A,WxNW,Marrawah,,,,,Yes - featured
Du Cane Brewery & Dining Hall,RESTAURANT,AU0926884,Launceston,7250,Launceston City Council,N/A,VNT,Launceston,Yes - featured,,,,
Montagu Park,GENSERVICE,AU0926888,Montagu,7330,Circular Head Council,N/A,WxNW,Montagu,,,,,Yes - featured
"HM Lane Lookout, Stanley",GENSERVICE,AU0926904,Stanley,7331,Circular Head Council,N/A,WxNW,Stanley,,,,,Yes - featured
"Marine Park, Stanley",GENSERVICE,AU0926911,Stanley,7331,Circular Head Council,N/A,WxNW,Stanley,,,,,Yes - featured
"Brickmakers Beach Park, Cowrie Point",GENSERVICE,AU0926922,Cowrie Point,7321,Circular Head Council,N/A,WxNW,Cowrie Point,,,,,Yes - featured
"Pioneer Park, Sorell - Recreation Area",GENSERVICE,AU0926931,Sorell,7172,Sorell Council,N/A,DST,Sorell,,Yes - featured,,,
Marion Bay Beach - Public Toilet,GENSERVICE,AU0926953,Marion Bay,7175,Sorell Council,N/A,DST,Marion Bay,,Yes - featured,,,
Boomer Bay - Public Toilet,GENSERVICE,AU0926959,Boomer Bay,7177,Sorell Council,N/A,DST,Boomer Bay,,Yes - featured,,,
Dodges Ferry Oval - Public Toilet,GENSERVICE,AU0926967,Dodges Ferry,7173,Sorell Council,N/A,DST,Dodges Ferry,,Yes - featured,,,
"Boat Park, Dodges Ferry",GENSERVICE,AU0926973,Dodges Ferry,7173,Sorell Council,N/A,DST,Dodges Ferry,,Yes - featured,,,
Strahan Dump Point,GENSERVICE,AU0926979,Strahan,7468,West Coast Council,N/A,WxNW,Strahan,,,,Yes - featured,
Dunalley Canal Park - Public Toilet,GENSERVICE,AU0926987,Dunalley,7177,Sorell Council,N/A,DST,Dunalley,,Yes - featured,,,
"Carlton Beach Public Toilet, Dodges Ferry",GENSERVICE,AU0926995,Dodges Ferry,7173,Sorell Council,N/A,DST,Dodges Ferry,,Yes - featured,,,
"Headley Faull's Park, Queenstown",GENSERVICE,AU0927008,Queenstown,7467,West Coast Council,N/A,WxNW,Queenstown,,,,Yes - featured,
Strahan Public Toilet,GENSERVICE,AU0927010,Strahan,7468,West Coast Council,N/A,WxNW,Strahan,,,,Yes - featured,
Queenstown Dump Point,GENSERVICE,AU0927012,Queenstown,7467,West Coast Council,N/A,WxNW,Queenstown,,,,Yes - featured,
Macquarie Heads Dump Point,GENSERVICE,AU0927013,Strahan,7468,West Coast Council,N/A,WxNW,Strahan,,,,Yes - featured,
"People's Park, Strahan",GENSERVICE,AU0927017,Strahan,7468,West Coast Council,N/A,WxNW,Strahan,,,,Yes - featured,
Dirt Trax Tas,TOUR,AU0927026,Springfield,7260,Dorset Council,N/A,VNT,Springfield,Yes - featured,,,,
Great Eastern Drive - Hobart to Orford,JOURNEY,AU0927057,Orford,7190,Glamorgan Spring Bay Council,N/A,ECTT,Orford,,,Yes - featured,,
Great Eastern Drive - Triabunna to Maria Island,JOURNEY,AU0927058,Maria Island,7190,Glamorgan Spring Bay Council,N/A,ECTT,Maria Island,,,Yes - featured,,
Great Eastern Drive - Around Orford,JOURNEY,AU0927059,Orford,7190,Glamorgan Spring Bay Council,N/A,ECTT,Orford,,,Yes - featured,,
Great Eastern Drive - Bicheno and Douglas-Apsley National Park,JOURNEY,AU0927149,Douglas-Apsley,7215,Break O'Day Council,N/A,ECTT,Douglas-Apsley,,,Yes - featured,,
Great Eastern Drive - Hobart to Coles Bay,JOURNEY,AU0927178,Coles Bay,7215,Glamorgan Spring Bay Council,N/A,ECTT,Coles Bay,,,Yes - featured,,
Great Eastern Drive - Coles Bay to Freycinet National Park,JOURNEY,AU0927180,Coles Bay,7215,Glamorgan Spring Bay Council,N/A,ECTT,Coles Bay,,,Yes - featured,,
Great Eastern Drive - Around Freycinet National Park,JOURNEY,AU0927185,Coles Bay,7215,Glamorgan Spring Bay Council,N/A,ECTT,Coles Bay,,,Yes - featured,,
Great Eastern Drive - Coles Bay to Bicheno,JOURNEY,AU0927190,Coles Bay,7215,Glamorgan Spring Bay Council,N/A,ECTT,Coles Bay,,,Yes - featured,,
Great Eastern Drive - Launceston to St Helens,JOURNEY,AU0927193,st helens,7216,Break O'Day Council,N/A,ECTT,St Helens,,,Yes - featured,,
Great Eastern Drive - Around St Helens,JOURNEY,AU0927196,St Helens,7216,Break O'Day Council,N/A,ECTT,St Helens,,,Yes - featured,,
Great Eastern Drive - St Helens to Bicheno,JOURNEY,AU0927202,bicheno,7215,Glamorgan Spring Bay Council,N/A,ECTT,Bicheno,,,Yes - featured,,
Great Eastern Drive - Around Bicheno,JOURNEY,AU0927205,Bicheno,7215,Glamorgan Spring Bay Council,N/A,ECTT,Bicheno,,,Yes - featured,,
"Kings Park, Stanley",GENSERVICE,AU0927267,Stanley,7331,Circular Head Council,N/A,WxNW,Stanley,,,,,Yes - featured
Boat Harbour Beach,GENSERVICE,AU0927304,Boat Harbour Beach,7321,Waratah-Wynyard Council,N/A,WxNW,Boat Harbour Beach,,,,,Yes - featured
"Flyway Island Park, Midway Point",GENSERVICE,AU0927314,Midway Point,7171,Sorell Council,N/A,DST,Midway Point,,Yes - featured,,,
"Kessarios Park, Midway Point",GENSERVICE,AU0927317,Midway Point,7171,Sorell Council,N/A,DST,Midway Point,,Yes - featured,,,
"Anzac Park, Ulverstone",GENSERVICE,AU0927320,Ulverstone,7315,Central Coast Council,N/A,WxNW,Ulverstone,,,,,Yes - featured
"St Georges Square Park, Sorell",GENSERVICE,AU0927348,Sorell,7172,Sorell Council,N/A,DST,Sorell,,Yes - featured,,,
Primrose Sands Park,GENSERVICE,AU0927353,Primrose Sands,7173,Sorell Council,N/A,DST,Primrose Sands,,Yes - featured,,,
"Lewis Court Reserve, Lewisham",GENSERVICE,AU0927354,Lewisham,7173,Sorell Council,N/A,DST,Lewisham,,Yes - featured,,,
"Denison Canal Park, Dunalley",GENSERVICE,AU0927357,Dunalley,7177,Sorell Council,N/A,DST,Dunalley,,Yes - featured,,,
Bridgewater Parklands,GENSERVICE,AU0927359,Bridgewater,7030,Brighton Council,N/A,DST,Bridgewater,,Yes - featured,,,
"Old Beach Foreshore Trail,  Bridgewater",GENSERVICE,AU0927361,Bridgewater,7030,Brighton Council,N/A,DST,Bridgewater,,Yes - featured,,,
"Childs Drive Park, Old Beach",GENSERVICE,AU0927365,Old Beach,7017,Brighton Council,N/A,DST,Old Beach,,Yes - featured,,,
"Jordan River Trail, Pontville",GENSERVICE,AU0927367,Pontville,7030,Brighton Council,N/A,DST,Pontville,,Yes - featured,,,
"Polonia Bridge Park, Brighton",GENSERVICE,AU0927371,Brighton,7030,Brighton Council,N/A,DST,Brighton,,Yes - featured,,,
"Goliath Park, Railton",GENSERVICE,AU0927423,Railton,7305,Kentish Council,N/A,WxNW,Railton,,,,,Yes - featured
"Mural Park, Sheffield",GENSERVICE,AU0927428,Sheffield,7306,Kentish Council,N/A,WxNW,Sheffield,,,,,Yes - featured
"Ted Jeffries Memorial Park, Brighton",GENSERVICE,AU0927460,Brighton,7030,Brighton Council,N/A,DST,Brighton,,Yes - featured,,,
"Army Camp/Remembrance Park, Brighton",GENSERVICE,AU0927461,Brighton,7030,Brighton Council,N/A,DST,Brighton,,Yes - featured,,,
"Pioneer Park, Wilmot",GENSERVICE,AU0927465,Wilmot,7310,Kentish Council,N/A,WxNW,Wilmot,,,,,Yes - featured
"Dollery Park, Brighton",GENSERVICE,AU0927466,Brighton,7030,Brighton Council,N/A,DST,Brighton,,Yes - featured,,,
"Cris Fitzpatrick Park, Gagebrook",GENSERVICE,AU0927467,Gagebrook,7030,Brighton Council,N/A,DST,Gagebrook,,Yes - featured,,,
"Lennox Park, Old Beach",GENSERVICE,AU0927468,Old Beach,7017,Brighton Council,N/A,DST,Old Beach,,Yes - featured,,,
Pontville Park,GENSERVICE,AU0927469,Pontville,7030,Brighton Council,N/A,DST,Pontville,,Yes - featured,,,
Mr. Good Guy Devonport,RESTAURANT,AU0927473,Devonport,7310,Devonport City Council,N/A,WxNW,Devonport,,,,,Yes - featured
Longford Village Green,GENSERVICE,AU0927676,Longford,7301,Northern Midlands Council,N/A,VNT,Longford,Yes - featured,,,,
"Electric Vehicle Charging Point, Campbell Town",GENSERVICE,AU0927685,Campbell Town,7210,Northern Midlands Council,N/A,VNT,Campbell Town,Yes - featured,,,,
Lake Leake Boat Ramp,GENSERVICE,AU0927733,Lake Leake,7210,Northern Midlands Council,N/A,VNT,Lake Leake,Yes - featured,,,,
Tooms Lake Boat Ramp,GENSERVICE,AU0927748,Ross,7209,Northern Midlands Council,N/A,VNT,Ross,Yes - featured,,,,
"Bartholemew Park, Cressy",GENSERVICE,AU0927750,Cressy,7302,Northern Midlands Council,N/A,VNT,Cressy,Yes - featured,,,,
Longford Skate Park & Velodrome,GENSERVICE,AU0927754,Longford,7301,Northern Midlands Council,N/A,VNT,Longford,Yes - featured,,,,
"Boucher Park, Avoca",GENSERVICE,AU0927756,Avoca,7213,Northern Midlands Council,N/A,VNT,Avoca,Yes - featured,,,,
Bishopsbourne Recreation Ground,GENSERVICE,AU0927758,Bishopsbourne,7301,Northern Midlands Council,N/A,VNT,Bishopsbourne,Yes - featured,,,,
"Valentines Park, Campbell Town",GENSERVICE,AU0927761,Campbell Town,7210,Northern Midlands Council,N/A,VNT,Campbell Town,Yes - featured,,,,
"Lions Park, Campbell Town",GENSERVICE,AU0927765,Campbell Town,7210,Northern Midlands Council,N/A,VNT,Campbell Town,Yes - featured,,,,
"RV Dump Point, Campbell Town",GENSERVICE,AU0927768,Campbell Town,7210,Northern Midlands Council,N/A,VNT,Campbell Town,Yes - featured,,,,
"Blackburn Park, Campbell Town",GENSERVICE,AU0927769,Campbell Town,7210,Northern Midlands Council,N/A,VNT,Campbell Town,Yes - featured,,,,
"War Memorial Oval, Campbell  Town",GENSERVICE,AU0927771,Campbell Town,7210,Northern Midlands Council,N/A,VNT,Campbell Town,Yes - featured,,,,
"Pioneer Park, Evandale",GENSERVICE,AU0927774,Evandale,7212,Northern Midlands Council,N/A,VNT,Evandale,Yes - featured,,,,
Evandale Public Toilet,GENSERVICE,AU0927775,Evandale,7212,Northern Midlands Council,N/A,VNT,Evandale,Yes - featured,,,,
"Hartnoll Place Playground, Evandale",GENSERVICE,AU0927776,Evandale,7212,Northern Midlands Council,N/A,VNT,Evandale,Yes - featured,,,,
"Summerfield Park Playground, Longford",GENSERVICE,AU0927777,Longford,7301,Northern Midlands Council,N/A,VNT,Longford,Yes - featured,,,,
"Train Park, Perth",GENSERVICE,AU0927779,Perth,7300,Northern Midlands Council,N/A,VNT,Perth,Yes - featured,,,,
Perth Public Toilet,GENSERVICE,AU0927780,Perth,7300,Northern Midlands Council,N/A,VNT,Perth,Yes - featured,,,,
Ross River Reserve Playground,GENSERVICE,AU0927786,Ross,7209,Northern Midlands Council,N/A,VNT,Ross,Yes - featured,,,,
Ross Public Toilets,GENSERVICE,AU0927788,Ross,7209,Northern Midlands Council,N/A,VNT,Ross,Yes - featured,,,,
Northern Midlands Medical Services,GENSERVICE,AU0927795,Longford,7301,Northern Midlands Council,N/A,VNT,Longford,Yes - featured,,,,
"Jackson Park, Murdunna",GENSERVICE,AU0927884,Murdunna,7178,Tasman Council,N/A,DST,Murdunna,,Yes - featured,,,
"Sommers Bay Beach, Murdunna",GENSERVICE,AU0927888,Murdunna,7178,Tasman Council,N/A,DST,Murdunna,,Yes - featured,,,
"Pirates Bay Public Toilet, Eaglehawk Neck",GENSERVICE,AU0927893,Eaglehawk Neck,7179,Tasman Council,N/A,DST,Eaglehawk Neck,,Yes - featured,,,
"Tasman Community Recreation Ground, Taranna",GENSERVICE,AU0927913,Taranna,7180,Tasman Council,N/A,DST,Taranna,,Yes - featured,,,
Sloping Main Public Toilet,GENSERVICE,AU0927943,Sloping Main,7186,Tasman Council,N/A,DST,Sloping Main,,Yes - featured,,,
"Judd Park, Nubeena",GENSERVICE,AU0927954,Nubeena,7184,Tasman Council,N/A,DST,Nubeena,,Yes - featured,,,
Poppaâ€™s Boat Hire,HIRE,AU0927988,Stieglitz,7216,Break O'Day Council,N/A,ECTT,Stieglitz,,,Yes - featured,,
Glen Huon Park,GENSERVICE,AU0928005,Glen Huon,7109,Huon Valley Council,N/A,DST,Glen Huon,,Yes - featured,,,
Ranelagh Park,GENSERVICE,AU0928010,Ranelagh,7109,Huon Valley Council,N/A,DST,Ranelagh,,Yes - featured,,,
Huonville Recreation Ground,GENSERVICE,AU0928013,Huonville,7109,Huon Valley Council,N/A,DST,Huonville,,Yes - featured,,,
Huonville Foreshore,GENSERVICE,AU0928016,Huonville,7109,Huon Valley Council,N/A,DST,Huonville,,Yes - featured,,,
"Calvert Park, Judbury",GENSERVICE,AU0928022,Judbury,7109,Huon Valley Council,N/A,DST,Judbury,,Yes - featured,,,
Franklin Foreshore Park,GENSERVICE,AU0928034,Franklin,7113,Huon Valley Council,N/A,DST,Franklin,,Yes - featured,,,
Cradoc Park,GENSERVICE,AU0928038,Cradoc,7109,Huon Valley Council,N/A,DST,Cradoc,,Yes - featured,,,
"School Road Playground, Geeveston",GENSERVICE,AU0928042,Geeveston,7116,Huon Valley Council,N/A,DST,Geeveston,,Yes - featured,,,
"Heritage Park, Geeveston",GENSERVICE,AU0928044,Geeveston,7116,Huon Valley Council,N/A,DST,Geeveston,,Yes - featured,,,
"Shipwrights Point Regatta Ground, Port Huon",GENSERVICE,AU0928052,Port Huon,7116,Huon Valley Council,N/A,DST,Port Huon,,Yes - featured,,,
"Burtons Reserve, Cygnet",GENSERVICE,AU0928062,Cygnet,7112,Huon Valley Council,N/A,DST,Cygnet,,Yes - featured,,,
Dover Foreshore Playground,GENSERVICE,AU0928071,Dover,7117,Huon Valley Council,N/A,DST,Dover,,Yes - featured,,,
Dover Boat Ramp and Jetty playground,GENSERVICE,AU0928081,Dover,7117,Huon Valley Council,N/A,DST,Dover,,Yes - featured,,,
Dover Township Public Toilet,GENSERVICE,AU0928099,Dover,7117,Huon Valley Council,N/A,DST,Dover,,Yes - featured,,,
Surveyors Bay Beach Public Toilet,GENSERVICE,AU0928109,Surveyors Bay,7116,Huon Valley Council,N/A,DST,Surveyors Bay,,Yes - featured,,,
Bannons Park,GENSERVICE,AU0928135,Gunns Plains,7315,Central Coast Council,N/A,WxNW,Gunns Plains,,,,,Yes - featured
"Bicentennial Park, Ulverstone",GENSERVICE,AU0928136,Ulverstone,7315,Central Coast Council,N/A,WxNW,Ulverstone,,,,,Yes - featured
"Johnsons Beach, Penguin",GENSERVICE,AU0928137,Penguin,7316,Central Coast Council,N/A,WxNW,Penguin,,,,,Yes - featured
Batten Park,GENSERVICE,AU0928138,West Ulverstone,7315,Central Coast Council,N/A,WxNW,West Ulverstone,,,,,Yes - featured
"Dial Park, Penguin",GENSERVICE,AU0928166,Penguin,7316,Central Coast Council,N/A,WxNW,Penguin,,,,,Yes - featured
"Legion Park, West Ulverstone",GENSERVICE,AU0928167,West Ulverstone,7315,Central Coast Council,N/A,WxNW,West Ulverstone,,,,,Yes - featured
"Fairway Park, Ulverstone",GENSERVICE,AU0928168,Ulverstone,7315,Central Coast Council,N/A,WxNW,Ulverstone,,,,,Yes - featured
"Hiscutt Park, Penguin",GENSERVICE,AU0928169,Penguin,7316,Central Coast Council,N/A,WxNW,Penguin,,,,,Yes - featured
"Leven Canyon Reserve, Nietta",GENSERVICE,AU0928170,Nietta,7315,Central Coast Council,N/A,WxNW,Nietta,,,,,Yes - featured
"Lions Park, Penguin",GENSERVICE,AU0928171,Penguin,7316,Central Coast Council,N/A,WxNW,Penguin,,,,,Yes - featured
Penguin  Beach Foreshore,GENSERVICE,AU0928172,Penguin,7316,Central Coast Council,N/A,WxNW,Penguin,,,,,Yes - featured
Sulphur Creek Hall,GENSERVICE,AU0928173,Sulphur Creek,7316,Central Coast Council,N/A,WxNW,Sulphur Creek,,,,,Yes - featured
"Tobruk Park Reserve, West Ulverstone",GENSERVICE,AU0928174,West Ulverstone,7315,Central Coast Council,N/A,WxNW,West Ulverstone,,,,,Yes - featured
"West Beach Reserve, Ulverstone",GENSERVICE,AU0928176,Ulverstone,7315,Central Coast Council,N/A,WxNW,Ulverstone,,,,,Yes - featured
Ulverstone Tennis Club Public Toilet,GENSERVICE,AU0928177,West Ulverstone,7315,Central Coast Council,N/A,WxNW,West Ulverstone,,,,,Yes - featured
Tasmanian Coastal Seafoods,RESTAURANT,AU0928189,Bicheno,7215,Glamorgan Spring Bay Council,N/A,ECTT,Bicheno,,,Yes - featured,,
Turners Beach Boat Ramp Reserve,GENSERVICE,AU0928192,Turners Beach,7315,Central Coast Council,N/A,WxNW,Turners Beach,,,,,Yes - featured
Forth Recreation Ground,GENSERVICE,AU0928194,Forth,7310,Central Coast Council,Devonport City Council,WxNW,Forth,,,,,Yes - featured
Randalls Bay Public Toilet,GENSERVICE,AU0928214,Randalls Bay,7112,Huon Valley Council,N/A,DST,Randalls Bay,,Yes - featured,,,
Eggs & Bacon Bay Public Toilet,GENSERVICE,AU0928223,Eggs and Bacon Bay,7112,Huon Valley Council,N/A,DST,Eggs and Bacon Bay,,Yes - featured,,,
"Kingfish Beach Road Public Toilet, Southport",GENSERVICE,AU0928231,Southport,7109,Huon Valley Council,N/A,DST,Southport,,Yes - featured,,,
Verona Sands Public Toilet,GENSERVICE,AU0928234,Verona Sands,7112,Huon Valley Council,N/A,DST,Verona Sands,,Yes - featured,,,
Cygnet Main Road Public Toilet,GENSERVICE,AU0928242,Cygnet,7112,Huon Valley Council,N/A,DST,Cygnet,,Yes - featured,,,
"Huon Lawn Cemetery Toilet, Glen Huon",GENSERVICE,AU0928248,Glen Huon,7109,Huon Valley Council,N/A,DST,Glen Huon,,Yes - featured,,,
"Arve River Camping and Picnic Area, Geeveston",GENSERVICE,AU0928270,Geeveston,7116,Huon Valley Council,N/A,DST,Geeveston,,Yes - featured,,,
Cygnet Dump Point,GENSERVICE,AU0928286,Cygnet,7112,Huon Valley Council,N/A,DST,Cygnet,,Yes - featured,,,
Franklin Dump Point,GENSERVICE,AU0928292,Franklin,7113,Huon Valley Council,N/A,DST,Franklin,,Yes - featured,,,
Ranelagh Show Grounds,GENSERVICE,AU0928299,Ranelagh,7109,Huon Valley Council,N/A,DST,Ranelagh,,Yes - featured,,,
"Heron Street Dog Park, Hounville",GENSERVICE,AU0928300,Huonville,7109,Huon Valley Council,N/A,DST,Huonville,,Yes - featured,,,
Cygnet Recreation Ground,GENSERVICE,AU0928306,Cygnet,7112,Huon Valley Council,N/A,DST,Cygnet,,Yes - featured,,,
"Kent Beach Dog Park, Dover",GENSERVICE,AU0928320,Dover,7117,Huon Valley Council,N/A,DST,Dover,,Yes - featured,,,
"Bicentennial Park, Hamilton",GENSERVICE,AU0928337,Hamilton,7140,Central Highlands Council,N/A,DST,Hamilton,,Yes - featured,,,
"Grace Nicholas Park, Ouse",GENSERVICE,AU0928343,Ouse,7140,Central Highlands Council,N/A,DST,Ouse,,Yes - featured,,,
Bothwell Camping Ground & Caravan Park,GENSERVICE,AU0928373,Bothwell,7030,Central Highlands Council,N/A,DST,Bothwell,,Yes - featured,,,
Gretna War Memorial Oval,GENSERVICE,AU0928376,Gretna,7140,Central Highlands Council,N/A,DST,Gretna,,Yes - featured,,,
"Ellendale Road Playground, Ellendale",GENSERVICE,AU0928377,Ellendale,7140,Central Highlands Council,N/A,DST,Ellendale,,Yes - featured,,,
Wayatinah Hall,GENSERVICE,AU0928379,Wayatinah,7140,Central Highlands Council,N/A,DST,Wayatinah,,Yes - featured,,,
"Queens Park, Bothwell",GENSERVICE,AU0928383,Bothwell,7030,Central Highlands Council,N/A,DST,Bothwell,,Yes - featured,,,
Tarraleah Public Toilet,GENSERVICE,AU0928385,Tarraleah,7140,Central Highlands Council,N/A,DST,Tarraleah,,Yes - featured,,,
Derwent Bridge Public Toilet,GENSERVICE,AU0928388,Derwent Bridge,7140,Central Highlands Council,N/A,DST,Derwent Bridge,,Yes - featured,,,
"Great Lake Hotel Public Toilet, Miena",GENSERVICE,AU0928390,Miena,7030,Central Highlands Council,N/A,DST,Miena,,Yes - featured,,,
"Bethune Park Camping Area, Ouse",GENSERVICE,AU0928392,Ouse,7140,Central Highlands Council,N/A,DST,Ouse,,Yes - featured,,,
"Arthurs Lake , Wilburville",GENSERVICE,AU0928393,Wilburville,7030,Central Highlands Council,N/A,DST,Wilburville,,Yes - featured,,,
Liawenee Conservation Area,GENSERVICE,AU0928394,Liawenee,7030,Central Highlands Council,N/A,DST,Liawenee,,Yes - featured,,,
Bronte Park,GENSERVICE,AU0928395,Bronte Park,7140,Central Highlands Council,N/A,DST,Bronte Park,,Yes - featured,,,
Ellendale Recreation Ground,GENSERVICE,AU0928397,Ellendale,7140,Central Highlands Council,N/A,DST,Ellendale,,Yes - featured,,,
"Dunrobin Park, Ouse",GENSERVICE,AU0928400,Ouse,7140,Central Highlands Council,N/A,DST,Ouse,,Yes - featured,,,
"Croaker Alley, Bothwell",GENSERVICE,AU0928401,Bothwell,7030,Central Highlands Council,N/A,DST,Bothwell,,Yes - featured,,,
Steppes State Reserve,GENSERVICE,AU0928402,Steppes,7030,Central Highlands Council,N/A,DST,Steppes,,Yes - featured,,,
"Mount Adelaide Reserve, Bothwell",GENSERVICE,AU0928403,Bothwell,7030,Central Highlands Council,N/A,DST,Bothwell,,Yes - featured,,,
"Central Highlands Community Health Centre, Ouse",GENSERVICE,AU0928415,Ouse,7140,Central Highlands Council,N/A,DST,Ouse,,Yes - featured,,,
"Adventure Bay Playground, Bruny Island",GENSERVICE,AU0928463,Adventure Bay,7150,Kingborough Council,N/A,DST,Adventure Bay,,Yes - featured,,,
Alonnah Pontoon Public Toilets,GENSERVICE,AU0928469,Alonnah,7150,Kingborough Council,N/A,DST,Alonnah,,Yes - featured,,,
"Alonnah Foreshore Park, Bruny Island",GENSERVICE,AU0928471,Alonnah,7150,Kingborough Council,N/A,DST,Alonnah,,Yes - featured,,,
Alonnah Service Centre Public Toilet,GENSERVICE,AU0928474,Alonnah,7150,Kingborough Council,N/A,DST,Alonnah,,Yes - featured,,,
Fork it Farmshop,ATTRACTION,AU0928526,Lebrina,7254,Launceston City Council,N/A,VNT,Lebrina,Yes - featured,,,,
SABI,ACCOMM,AU0928661,Binalong Bay,7216,Break O'Day Council,N/A,ECTT,Binalong Bay,,,Yes - featured,,
Deloraine APEX Train Park,GENSERVICE,AU0928695,Deloraine,7304,Meander Valley Council,N/A,VNT,Deloraine,Yes - featured,,,,
Anchor Wheel Motel,ACCOMM,AU0928780,St Helens,7216,Break O'Day Council,N/A,ECTT,St Helens,,,Yes - featured,,
"Burnie Park, Parklands",GENSERVICE,AU0928894,Parklands,7320,Burnie Council,N/A,WxNW,Parklands,,,,,Yes - featured
"Fernglade Reserve, Stowport",GENSERVICE,AU0928895,Stowport,7321,Burnie Council,N/A,WxNW,Stowport,,,,,Yes - featured
"Guide Falls, Ridgley",GENSERVICE,AU0928896,West Ridgley,7321,Burnie Council,N/A,WxNW,West Ridgley,,,,,Yes - featured
Burnie Beach Waterfront and Surf Club (Hilder Parade),GENSERVICE,AU0928898,Burnie,7320,Burnie Council,N/A,WxNW,Burnie,,,,,Yes - featured
"Oakleigh Park, South Burnie",GENSERVICE,AU0928899,South Burnie,7320,Burnie Council,N/A,WxNW,South Burnie,,,,,Yes - featured
South Burnie Foreshore Esplanade,GENSERVICE,AU0928900,South Burnie,7320,Burnie Council,N/A,WxNW,South Burnie,,,,,Yes - featured
Burnie Skate Park,GENSERVICE,AU0928901,Parklands,7320,Burnie Council,N/A,WxNW,Parklands,,,,,Yes - featured
"Cooee Point Reserve, Burnie",GENSERVICE,AU0928902,Burnie,7320,Burnie Council,N/A,WxNW,Burnie,,,,,Yes - featured
"Marine Terrace Multi Storey Car Park, Burnie",GENSERVICE,AU0928903,Burnie,7320,Burnie Council,N/A,WxNW,Burnie,,,,,Yes - featured
"Romaine Reserve, Burnie",GENSERVICE,AU0928904,Romaine,7320,Burnie Council,N/A,WxNW,Romaine,,,,,Yes - featured
"View Road Reserve, Burnie",GENSERVICE,AU0928925,Burnie,7320,Burnie Council,N/A,WxNW,Burnie,,,,,Yes - featured
Hellyers Road Distillery Tour,TOUR,AU0929041,Havenview,7320,Burnie Council,N/A,WxNW,Havenview,,,,,Yes - featured
Cosy Pines Strahan,ACCOMM,AU0929045,Strahan,7468,West Coast Council,N/A,WxNW,Strahan,,,,Yes - featured,
"City Park, Launceston",GENSERVICE,AU0929112,Launceston,7250,Launceston City Council,N/A,VNT,Launceston,Yes - featured,,,,
"Cataract Gorge Reserve, West Launceston",GENSERVICE,AU0929123,West Launceston,7250,Launceston City Council,N/A,VNT,West Launceston,Yes - featured,,,,
"Riverbend Park, Invermay",GENSERVICE,AU0929129,Invermay,7248,Launceston City Council,N/A,VNT,Invermay,Yes - featured,,,,
Prince's Square,GENSERVICE,AU0929180,Launceston,7250,Launceston City Council,N/A,VNT,Launceston,Yes - featured,,,,
St Leonards Picnic Ground,GENSERVICE,AU0929182,St Leonards,7250,Launceston City Council,N/A,VNT,St Leonards,Yes - featured,,,,
Blackmans Bay Foreshore,GENSERVICE,AU0929184,Blackmans Bay,7052,Kingborough Council,N/A,DST,Blackmans Bay,,Yes - featured,,,
Bruny Island Community Centre & Oval,GENSERVICE,AU0929192,Alonnah,7150,Kingborough Council,N/A,DST,Alonnah,,Yes - featured,,,
Christopher Johnson Memorial Park,GENSERVICE,AU0929194,Bonnet Hill,7053,Kingborough Council,N/A,DST,Bonnet Hill,,Yes - featured,,,
Regent Square George Town,GENSERVICE,AU0929195,George Town,7253,George Town Council,N/A,VNT,George Town,Yes - featured,,,,
Coningham Beach Public Toilets,GENSERVICE,AU0929196,Coningham,7054,Kingborough Council,N/A,DST,Coningham,,Yes - featured,,,
"Dennes Point Foreshore, Bruny Island",GENSERVICE,AU0929197,Dennes Point,7150,Kingborough Council,N/A,DST,Dennes Point,,Yes - featured,,,
Waverley Lake Park,GENSERVICE,AU0929198,Waverley,7250,Launceston City Council,N/A,VNT,Waverley,Yes - featured,,,,
Windmill Point Picnic Area George Town,GENSERVICE,AU0929199,George Town,7253,George Town Council,N/A,VNT,George Town,Yes - featured,,,,
"Dru Point Bicentennial Park, Margate",GENSERVICE,AU0929202,Margate,7054,Kingborough Council,Huon Valley Council,DST,Margate,,Yes - featured,,,
RV Dump Point George Town,GENSERVICE,AU0929206,George Town,7253,George Town Council,N/A,VNT,George Town,Yes - featured,,,,
Gordon Foreshore Reserve Campground,GENSERVICE,AU0929207,Gordon,7150,Kingborough Council,N/A,DST,Gordon,,Yes - featured,,,
Lagoon Beach Low Head,GENSERVICE,AU0929208,Low Head,7253,George Town Council,N/A,VNT,Low Head,Yes - featured,,,,
"Kettering  Oval, Kettering",GENSERVICE,AU0929209,Kettering,7155,Kingborough Council,N/A,DST,Kettering,,Yes - featured,,,
"East Beach All Abilities Recreation Area,  Low Head",GENSERVICE,AU0929210,Low Head,7253,George Town Council,N/A,VNT,Low Head,Yes - featured,,,,
"Royal Park, Launceston",GENSERVICE,AU0929211,Launceston,7250,Launceston City Council,N/A,VNT,Launceston,Yes - featured,,,,
"Kingborough Community Hub , Kingston",GENSERVICE,AU0929212,Kingston,7050,Kingborough Council,N/A,DST,Kingston,,Yes - featured,,,
Hillwood Pontoon Park,GENSERVICE,AU0929213,Hillwood,7252,George Town Council,N/A,VNT,Hillwood,Yes - featured,,,,
"Kingston Beach Hall, Kingston Beach",GENSERVICE,AU0929214,Kingston Beach,7050,Kingborough Council,N/A,DST,Kingston Beach,,Yes - featured,,,
Lilydale Falls Reserve,GENSERVICE,AU0929215,Lilydale,7268,Launceston City Council,Dorset Council,VNT,Lilydale,Yes - featured,,,,
"Kingston Beach Public Toilets, Kingston Beach",GENSERVICE,AU0929216,Kingston Beach,7050,Kingborough Council,N/A,DST,Kingston Beach,,Yes - featured,,,
Weymouth Community Hall and Recreation Area,GENSERVICE,AU0929217,Weymouth,7252,George Town Council,N/A,VNT,Weymouth,Yes - featured,,,,
Leslie Vale Recreation Area,GENSERVICE,AU0929220,Leslie Vale,7054,Kingborough Council,N/A,DST,Leslie Vale,,Yes - featured,,,
"Lunawanna Hall, Bruny Island",GENSERVICE,AU0929227,Lunawanna,7150,Kingborough Council,N/A,DST,Lunawanna,,Yes - featured,,,
"Margate Hall and Oval, Margate",GENSERVICE,AU0929228,Margate,7054,Kingborough Council,Huon Valley Council,DST,Margate,,Yes - featured,,,
"Middleton Foreshore Public Toilets, Middleton",GENSERVICE,AU0929229,Middleton,7163,Kingborough Council,N/A,DST,Middleton,,Yes - featured,,,
"Rotary Centennial Park, Kingston Beach",GENSERVICE,AU0929230,Kingston Beach,7050,Kingborough Council,N/A,DST,Kingston Beach,,Yes - featured,,,
Sandfly Hall and Public Toilet,GENSERVICE,AU0929232,Sandfly,7150,Kingborough Council,N/A,DST,Sandfly,,Yes - featured,,,
"Silverwater Park, Woodbridge",GENSERVICE,AU0929233,Woodbridge,7162,Kingborough Council,N/A,DST,Woodbridge,,Yes - featured,,,
"Heritage Forest, Launceston",GENSERVICE,AU0929236,Invermay,7248,Launceston City Council,N/A,VNT,Invermay,Yes - featured,,,,
Snug Beach Cabin & Caravan Park,GENSERVICE,AU0929240,Snug,7054,Kingborough Council,N/A,DST,Snug,,Yes - featured,,,
"Middleton Community Hall, Middleton",GENSERVICE,AU0929241,Middleton,7163,Kingborough Council,N/A,DST,Middleton,,Yes - featured,,,
"Taroona Beach, Taroona",GENSERVICE,AU0929243,Taroona,7053,Kingborough Council,N/A,DST,Taroona,,Yes - featured,,,
"Tinderbox Marine Reserve, Tinderbox",GENSERVICE,AU0929247,Tinderbox,7054,Kingborough Council,N/A,DST,Tinderbox,,Yes - featured,,,
"Trial Bay Boat Ramp, Kettering",GENSERVICE,AU0929248,Kingston,7050,Kingborough Council,N/A,DST,Kingston,,Yes - featured,,,
Kingston Twin Ovals,GENSERVICE,AU0929262,Kingston,7050,Kingborough Council,N/A,DST,Kingston,,Yes - featured,,,
West Winds Community Centre,GENSERVICE,AU0929263,Woodbridge,7162,Kingborough Council,N/A,DST,Woodbridge,,Yes - featured,,,
"Willowbend Playground, Kingston",GENSERVICE,AU0929266,Kingston,7050,Kingborough Council,N/A,DST,Kingston,,Yes - featured,,,
Meander Recreation Ground,GENSERVICE,AU0929268,Meander,7304,Meander Valley Council,N/A,VNT,Meander,Yes - featured,,,,
Barretta Waste Management Facility,GENSERVICE,AU0929275,Barretta,7054,Kingborough Council,N/A,DST,Barretta,,Yes - featured,,,
Chudleigh Memorial Hall and Park,GENSERVICE,AU0929276,Chudleigh,7304,Meander Valley Council,N/A,VNT,Chudleigh,Yes - featured,,,,
Blackmans Bay Hall,GENSERVICE,AU0929279,Blackmans Bay,7052,Kingborough Council,N/A,DST,Blackmans Bay,,Yes - featured,,,
Bruny Island Transfer Station,GENSERVICE,AU0929280,North Bruny,7150,Kingborough Council,N/A,DST,North Bruny,,Yes - featured,,,
Mole Creek Public Toilets,GENSERVICE,AU0929281,Mole Creek,7304,Meander Valley Council,N/A,VNT,Mole Creek,Yes - featured,,,,
"Tanundal Park, Howrah",GENSERVICE,AU0929291,Howrah,7018,Clarence City Council,N/A,DST,Howrah,,Yes - featured,,,
"Anzac Park, Lindisfarne",GENSERVICE,AU0929297,Lindisfarne,7015,Clarence City Council,N/A,DST,Lindisfarne,,Yes - featured,,,
"Banyalla Play Park, Rokeby",GENSERVICE,AU0929310,Rokeby,7019,Clarence City Council,N/A,DST,Rokeby,,Yes - featured,,,
"Lyall Street Public Toilets, Westbury",GENSERVICE,AU0929315,Westbury,7303,Meander Valley Council,N/A,VNT,Westbury,Yes - featured,,,,
"Barana Neighbourhood Park, Mornington",GENSERVICE,AU0929316,Mornington,7018,Clarence City Council,N/A,DST,Mornington,,Yes - featured,,,
"Bayview Park, Lauderdale",GENSERVICE,AU0929320,Lauderdale,7021,Clarence City Council,N/A,DST,Lauderdale,,Yes - featured,,,
Bellerive Beach Park,GENSERVICE,AU0929322,Bellerive,7018,Clarence City Council,N/A,DST,Bellerive,,Yes - featured,,,
"Beltana Park, Lindisfarne",GENSERVICE,AU0929327,Lindisfarne,7015,Clarence City Council,N/A,DST,Lindisfarne,,Yes - featured,,,
"Blessington Street Reserve, South Arm",GENSERVICE,AU0929329,South Arm,7022,Clarence City Council,N/A,DST,South Arm,,Yes - featured,,,
Hagley Recreation Ground,GENSERVICE,AU0929333,Hagley,7292,Meander Valley Council,N/A,VNT,Hagley,Yes - featured,,,,
"Camelot Park, Tranmere",GENSERVICE,AU0929335,Tranmere,7018,Clarence City Council,N/A,DST,Tranmere,,Yes - featured,,,
"Carbeen Play Park, Mornington",GENSERVICE,AU0929339,Mornington,7018,Clarence City Council,N/A,DST,Mornington,,Yes - featured,,,
"Carella Park, Howrah",GENSERVICE,AU0929340,Howrah,7018,Clarence City Council,N/A,DST,Howrah,,Yes - featured,,,
Clifton Beach Park,GENSERVICE,AU0929341,Clifton Beach,7020,Clarence City Council,N/A,DST,Clifton Beach,,Yes - featured,,,
"Coobar Play Park, Risdon Vale",GENSERVICE,AU0929345,Risdon Vale,7016,Clarence City Council,N/A,DST,Risdon Vale,,Yes - featured,,,
"Currajong Park, Mornington",GENSERVICE,AU0929349,Mornington,7018,Clarence City Council,N/A,DST,Mornington,,Yes - featured,,,
"Eastwood Play Park, Howrah",GENSERVICE,AU0929352,Howrah,7018,Clarence City Council,N/A,DST,Howrah,,Yes - featured,,,
The Bays Kitchen,RESTAURANT,AU0929459,St Helens,7216,Break O'Day Council,N/A,ECTT,St Helens,,,Yes - featured,,
"Elinga Play Park, Howrah",GENSERVICE,AU0929521,Howrah,7018,Clarence City Council,N/A,DST,Howrah,,Yes - featured,,,
"Epping Play Park, Lauderdale",GENSERVICE,AU0929523,Lauderdale,7021,Clarence City Council,N/A,DST,Lauderdale,,Yes - featured,,,
"Fairfield Park, Geilston Bay",GENSERVICE,AU0929525,Geilston Bay,7015,Clarence City Council,N/A,DST,Geilston Bay,,Yes - featured,,,
Geilston Bay Recreation Area,GENSERVICE,AU0929526,Geilston Bay,7015,Clarence City Council,N/A,DST,Geilston Bay,,Yes - featured,,,
Geilston Bay Oval,GENSERVICE,AU0929529,Geilston Bay,7015,Clarence City Council,N/A,DST,Geilston Bay,,Yes - featured,,,
"Hookey Park, Rokeby",GENSERVICE,AU0929531,Rokeby,7019,Clarence City Council,N/A,DST,Rokeby,,Yes - featured,,,
"Kangaroo Bay Parklands, Rosny Park",GENSERVICE,AU0929532,Rosny Park,7018,Clarence City Council,N/A,DST,Rosny Park,,Yes - featured,,,
"Kerria Play Park, Risdon Vale",GENSERVICE,AU0929533,Risdon Vale,7016,Clarence City Council,N/A,DST,Risdon Vale,,Yes - featured,,,
Lauderdale Canal Park,GENSERVICE,AU0929535,Lauderdale,7021,Clarence City Council,N/A,DST,Lauderdale,,Yes - featured,,,
Laurel Play Park,GENSERVICE,AU0929536,Risdon Vale,7016,Clarence City Council,N/A,DST,Risdon Vale,,Yes - featured,,,
"Lewis Park, Seven Mile Beach",GENSERVICE,AU0929537,Seven Mile Beach,7170,Clarence City Council,N/A,DST,Seven Mile Beach,,Yes - featured,,,
"Malunna Park, Lindisfarne",GENSERVICE,AU0929539,Lindisfarne,7015,Clarence City Council,N/A,DST,Lindisfarne,,Yes - featured,,,
"Minerva Park, Howrah",GENSERVICE,AU0929541,Howrah,7018,Clarence City Council,N/A,DST,Howrah,,Yes - featured,,,
Montagu Bay Reserve,GENSERVICE,AU0929543,Montagu Bay,7018,Clarence City Council,N/A,DST,Montagu Bay,,Yes - featured,,,
"Morrisby Play Park, Rokeby",GENSERVICE,AU0929545,Rokeby,7019,Clarence City Council,N/A,DST,Rokeby,,Yes - featured,,,
"Mortyn Place Park, Howrah",GENSERVICE,AU0929550,Howrah,7018,Clarence City Council,N/A,DST,Howrah,,Yes - featured,,,
"Neilson Park, Rokeby",GENSERVICE,AU0929552,Rokeby,7019,Clarence City Council,N/A,DST,Rokeby,,Yes - featured,,,
Oakdowns Park,GENSERVICE,AU0929554,Oakdowns,7019,Clarence City Council,N/A,DST,Oakdowns,,Yes - featured,,,
Opossum Bay Park,GENSERVICE,AU0929555,Opossum Bay,7023,Clarence City Council,N/A,DST,Opossum Bay,,Yes - featured,,,
"Richmond Municipal Park, Richmond",GENSERVICE,AU0929556,Richmond,7025,Clarence City Council,N/A,DST,Richmond,,Yes - featured,,,
Richmond Recreation Reserve,GENSERVICE,AU0929557,Richmond,7025,Clarence City Council,N/A,DST,Richmond,,Yes - featured,,,
"Richmond Riverbank Park, Richmond",GENSERVICE,AU0929558,Richmond,7025,Clarence City Council,N/A,DST,Richmond,,Yes - featured,,,
"Simmons Park, Lindisfarne",GENSERVICE,AU0929559,Lindisfarne,7015,Clarence City Council,N/A,DST,Lindisfarne,,Yes - featured,,,
"South Arm Oval Park, South Arm",GENSERVICE,AU0929560,South Arm,7022,Clarence City Council,N/A,DST,South Arm,,Yes - featured,,,
"Wentworth Park Play Park, Howrah",GENSERVICE,AU0929562,Howrah,7018,Clarence City Council,N/A,DST,Howrah,,Yes - featured,,,
"Percy Park, Rokeby",GENSERVICE,AU0929563,Rokeby,7019,Clarence City Council,N/A,DST,Rokeby,,Yes - featured,,,
"Pindos Park, Tranmere",GENSERVICE,AU0929565,Tranmere,7018,Clarence City Council,N/A,DST,Tranmere,,Yes - featured,,,
"Raleigh Court Park, Howrah",GENSERVICE,AU0929570,Howrah,7018,Clarence City Council,N/A,DST,Howrah,,Yes - featured,,,
"Risdon Brook Dam, Risdon",GENSERVICE,AU0929572,Risdon,7017,Clarence City Council,N/A,DST,Risdon,,Yes - featured,,,
"Risdon Vale Park, Risdon",GENSERVICE,AU0929573,Risdon Vale,7016,Clarence City Council,N/A,DST,Risdon Vale,,Yes - featured,,,
Rosny Point Play Park,GENSERVICE,AU0929575,Rosny,7018,Clarence City Council,N/A,DST,Rosny,,Yes - featured,,,
"Rotuma Park, Tranmere",GENSERVICE,AU0929577,Tranmere,7018,Clarence City Council,N/A,DST,Tranmere,,Yes - featured,,,
"Shoreline Park, Howrah",GENSERVICE,AU0929578,Howrah,7018,Clarence City Council,N/A,DST,Howrah,,Yes - featured,,,
"Stanley Park, Bellerive",GENSERVICE,AU0929581,Bellerive,7018,Clarence City Council,N/A,DST,Bellerive,,Yes - featured,,,
"Swinton Park, Rose Bay",GENSERVICE,AU0929583,Rose Bay,7015,Clarence City Council,N/A,DST,Rose Bay,,Yes - featured,,,
"Vela Park, Howrah",GENSERVICE,AU0929584,Howrah,7018,Clarence City Council,N/A,DST,Howrah,,Yes - featured,,,
Warrane Green Belt,GENSERVICE,AU0929585,Warrane,7018,Clarence City Council,N/A,DST,Warrane,,Yes - featured,,,
"Waverley Street Park, Bellerive",GENSERVICE,AU0929587,Bellerive,7018,Clarence City Council,N/A,DST,Bellerive,,Yes - featured,,,
"Abbotsfield Park Sportsground, Claremont",GENSERVICE,AU0929589,Claremont,7011,Glenorchy Council,Derwent Valley Council,DST,Claremont,,Yes - featured,,,
Bracknell Recreation Ground,GENSERVICE,AU0929590,Bracknell,7302,Meander Valley Council,Northern Midlands Council,VNT,Bracknell,Yes - featured,,,,
Carrick Public Toilets,GENSERVICE,AU0929591,Carrick,7291,Meander Valley Council,N/A,VNT,Carrick,Yes - featured,,,,
"Alkoo Circle Reserve, Chigwell",GENSERVICE,AU0929594,Chigwell,7011,Glenorchy Council,N/A,DST,Chigwell,,Yes - featured,,,
Whitemore Recreation Ground,GENSERVICE,AU0929595,Whitemore,7303,Meander Valley Council,N/A,VNT,Whitemore,Yes - featured,,,,
Lutana Woodlands Reserve,GENSERVICE,AU0929596,Lutana,7009,Glenorchy Council,N/A,DST,Lutana,,Yes - featured,,,
"Apex Park, Lutana",GENSERVICE,AU0929599,Lutana,7009,Glenorchy Council,N/A,DST,Lutana,,Yes - featured,,,
"Arunta Crescent Reserve, Chigwell",GENSERVICE,AU0929602,Chigwell,7011,Glenorchy Council,N/A,DST,Chigwell,,Yes - featured,,,
"Athol Street Reserve, Lutana",GENSERVICE,AU0929605,Derwent Park,7009,Glenorchy Council,N/A,DST,Derwent Park,,Yes - featured,,,
"Lions Park, Hadspen",GENSERVICE,AU0929606,Hadspen,7290,Meander Valley Council,N/A,VNT,Hadspen,Yes - featured,,,,
"Blackstone Park, Blackstone Heights",GENSERVICE,AU0929607,Blackstone Heights,7250,Meander Valley Council,West Tamar Council,VNT,Blackstone Heights,Yes - featured,,,,
"Barossa Rd Reserve, Glenorchy",GENSERVICE,AU0929609,Glenorchy,7010,Glenorchy Council,N/A,DST,Glenorchy,,Yes - featured,,,
Prospect Vale Park,GENSERVICE,AU0929611,Prospect Vale,7250,Meander Valley Council,N/A,VNT,Prospect Vale,Yes - featured,,,,
"Benjafield Park, Moonah",GENSERVICE,AU0929612,Moonah,7009,Glenorchy Council,N/A,DST,Moonah,,Yes - featured,,,
Berriedale Bay Reserve,GENSERVICE,AU0929615,Berriedale,7011,Glenorchy Council,N/A,DST,Berriedale,,Yes - featured,,,
"Barry Street Reserve, Glenorchy",GENSERVICE,AU0929618,Glenorchy,7010,Glenorchy Council,N/A,DST,Glenorchy,,Yes - featured,,,
"Battersby Reserve Playground, Claremont",GENSERVICE,AU0929619,Claremont,7011,Glenorchy Council,Derwent Valley Council,DST,Claremont,,Yes - featured,,,
"Ayc Netball Centre, Moonah",GENSERVICE,AU0929621,Moonah,7009,Glenorchy Council,N/A,DST,Moonah,,Yes - featured,,,
"Beedhams Bay Reserve, Claremont",GENSERVICE,AU0929623,Glenorchy,7010,Glenorchy Council,N/A,DST,Glenorchy,,Yes - featured,,,
"Bycool Circle Reserve, Chigwell",GENSERVICE,AU0929626,Chigwell,7011,Glenorchy Council,N/A,DST,Chigwell,,Yes - featured,,,
"Brent Street Reserve, Glenorchy",GENSERVICE,AU0929627,Glenorchy,7010,Glenorchy Council,N/A,DST,Glenorchy,,Yes - featured,,,
"Booth Avenue Reserve, Glenorchy",GENSERVICE,AU0929629,Glenorchy,7010,Glenorchy Council,N/A,DST,Glenorchy,,Yes - featured,,,
"Public Telephone, Bicheno",GENSERVICE,AU0929639,Bicheno,7215,Glamorgan Spring Bay Council,N/A,ECTT,Bicheno,,,Yes - featured,,
Visit the Little Penguins,ATTRACTION,AU0929654,Burnie,7320,Burnie Council,N/A,WxNW,Burnie,,,,,Yes - featured
Queenstown Swimming Pool,ATTRACTION,AU0929749,Queenstown,7467,West Coast Council,N/A,WxNW,Queenstown,,,,Yes - featured,
Zeehan Swimming Pool,ATTRACTION,AU0929751,Zeehan,7469,West Coast Council,N/A,WxNW,Zeehan,,,,Yes - featured,
"Back Beach, Devonport",GENSERVICE,AU0929802,Devonport,7310,Devonport City Council,N/A,WxNW,Devonport,,,,,Yes - featured
"Bluff Road Skate Park, Devonport",GENSERVICE,AU0929810,Devonport,7310,Devonport City Council,N/A,WxNW,Devonport,,,,,Yes - featured
"Byard Park, Devonport",GENSERVICE,AU0929820,Devonport,7310,Devonport City Council,N/A,WxNW,Devonport,,,,,Yes - featured
"Clayton Drive Reserve, Spreyton",GENSERVICE,AU0929827,Spreyton,7310,Devonport City Council,N/A,WxNW,Spreyton,,,,,Yes - featured
"Coles Beach, Devonport",GENSERVICE,AU0929836,Devonport,7310,Devonport City Council,N/A,WxNW,Devonport,,,,,Yes - featured
"Dell Luck Reserve, Don",GENSERVICE,AU0929845,Don,7310,Devonport City Council,N/A,WxNW,Don,,,,,Yes - featured
"Cadbury Oval, Claremont",GENSERVICE,AU0929850,Claremont,7011,Glenorchy Council,Derwent Valley Council,DST,Claremont,,Yes - featured,,,
Claremont Cenotaph,GENSERVICE,AU0929851,Claremont,7011,Glenorchy Council,Derwent Valley Council,DST,Claremont,,Yes - featured,,,
"Cairnduff Reserve, Glenorchy",GENSERVICE,AU0929852,Glenorchy,7010,Glenorchy Council,N/A,DST,Glenorchy,,Yes - featured,,,
"Chapel Street Reserve, Glenorchy",GENSERVICE,AU0929855,Glenorchy,7010,Glenorchy Council,N/A,DST,Glenorchy,,Yes - featured,,,
"Chigwell Barn Reserve, Chigwell",GENSERVICE,AU0929858,Chigwell,7011,Glenorchy Council,N/A,DST,Chigwell,,Yes - featured,,,
Claremont Recreation Ground,GENSERVICE,AU0929859,Claremont,7011,Glenorchy Council,Derwent Valley Council,DST,Claremont,,Yes - featured,,,
"Catherine Street Reserve, Berriedale",GENSERVICE,AU0929861,Berriedale,7011,Glenorchy Council,N/A,DST,Berriedale,,Yes - featured,,,
"Corinda Park Reserve, West Moonah",GENSERVICE,AU0929864,West Moonah,7009,Glenorchy Council,N/A,DST,West Moonah,,Yes - featured,,,
Devonport Oval,GENSERVICE,AU0929865,Devonport,7310,Devonport City Council,N/A,WxNW,Devonport,,,,,Yes - featured
"Daylesford Road Reserve, Glenorchy",GENSERVICE,AU0929867,Glenorchy,7010,Glenorchy Council,N/A,DST,Glenorchy,,Yes - featured,,,
Dowsing Point Community Centre,GENSERVICE,AU0929870,Dowsing Point,7010,Glenorchy Council,N/A,DST,Dowsing Point,,Yes - featured,,,
"Driscoll Street Reserve, Rosetta",GENSERVICE,AU0929871,Rosetta,7010,Glenorchy Council,N/A,DST,Rosetta,,Yes - featured,,,
Collinsvale Reserve,GENSERVICE,AU0929877,Collinsvale,7012,Glenorchy Council,Derwent Valley Council,DST,Collinsvale,,Yes - featured,,,
"Giblins Reserve, Goodwood",GENSERVICE,AU0929881,Goodwood,7010,Glenorchy Council,N/A,DST,Goodwood,,Yes - featured,,,
Glenorchy Recreation Ground,GENSERVICE,AU0929885,Glenorchy,7010,Glenorchy Council,N/A,DST,Glenorchy,,Yes - featured,,,
"The Grove Reserve, Glenorchy",GENSERVICE,AU0929887,Glenorchy,7010,Glenorchy Council,N/A,DST,Glenorchy,,Yes - featured,,,
"Hestercombe Reserve, Granton",GENSERVICE,AU0929892,Granton,7030,Derwent Valley Council,Glenorchy Council,DST,Granton,,Yes - featured,,,
"International Peace Forest, Berriedale",GENSERVICE,AU0929893,Berriedale,7011,Glenorchy Council,N/A,DST,Berriedale,,Yes - featured,,,
"James Austin Reserve, Austins Ferry",GENSERVICE,AU0929898,Austins Ferry,7011,Glenorchy Council,N/A,DST,Austins Ferry,,Yes - featured,,,
"Jim Bacon Memorial Reserve, West Moonah",GENSERVICE,AU0929900,West Moonah,7009,Glenorchy Council,N/A,DST,West Moonah,,Yes - featured,,,
"Keats Reserve, Moonah",GENSERVICE,AU0929902,Moonah,7009,Glenorchy Council,N/A,DST,Moonah,,Yes - featured,,,
"Johnston Street Reserve, Moonah",GENSERVICE,AU0929909,Moonah,7009,Glenorchy Council,N/A,DST,Moonah,,Yes - featured,,,
"Katoomba Cresent Reserve, Rosetta",GENSERVICE,AU0929911,Rosetta,7010,Glenorchy Council,N/A,DST,Rosetta,,Yes - featured,,,
"Kendall Street Reserve, Lutana",GENSERVICE,AU0929912,Lutana,7009,Glenorchy Council,N/A,DST,Lutana,,Yes - featured,,,
"Knights Point Reserve, Claremont",GENSERVICE,AU0929914,Claremont,7011,Glenorchy Council,Derwent Valley Council,DST,Claremont,,Yes - featured,,,
"KGV Park, Glenorchy",GENSERVICE,AU0929918,Glenorchy,7010,Glenorchy Council,N/A,DST,Glenorchy,,Yes - featured,,,
"Montrose Foreshore Community Park, Glenorchy",GENSERVICE,AU0929921,Glenorchy,7010,Glenorchy Council,N/A,DST,Glenorchy,,Yes - featured,,,
"Poimena Reserve, Austins Ferry",GENSERVICE,AU0929926,Austins Ferry,7011,Glenorchy Council,N/A,DST,Austins Ferry,,Yes - featured,,,
"Ransley Court Reserve, West Moonah",GENSERVICE,AU0929929,West Moonah,7009,Glenorchy Council,N/A,DST,West Moonah,,Yes - featured,,,
Don Reserve,GENSERVICE,AU0929984,Don,7310,Devonport City Council,N/A,WxNW,Don,,,,,Yes - featured
East Devonport Beach,GENSERVICE,AU0930029,East Devonport,7310,Devonport City Council,N/A,WxNW,East Devonport,,,,,Yes - featured
"Roseneath Park, Austins Ferry",GENSERVICE,AU0930032,Austins Ferry,7011,Glenorchy Council,N/A,DST,Austins Ferry,,Yes - featured,,,
"Robbins Place Reserve, West Moonah",GENSERVICE,AU0930035,West Moonah,7009,Glenorchy Council,N/A,DST,West Moonah,,Yes - featured,,,
"St Aubyns Square Reserve, Moonah",GENSERVICE,AU0930037,Moonah,7009,Glenorchy Council,N/A,DST,Moonah,,Yes - featured,,,
"Stansbury Street Reserve, Glenorchy",GENSERVICE,AU0930038,Glenorchy,7010,Glenorchy Council,N/A,DST,Glenorchy,,Yes - featured,,,
"Station Street Reserve, Moonah",GENSERVICE,AU0930042,Moonah,7009,Glenorchy Council,N/A,DST,Moonah,,Yes - featured,,,
"Tolosa Park, Glenorchy",GENSERVICE,AU0930044,Glenorchy,7010,Glenorchy Council,N/A,DST,Glenorchy,,Yes - featured,,,
"Wariga Road Reserve, Glenorchy",GENSERVICE,AU0930045,Glenorchy,7010,Glenorchy Council,N/A,DST,Glenorchy,,Yes - featured,,,
"Westfield Reserve, Claremont",GENSERVICE,AU0930046,Claremont,7011,Glenorchy Council,Derwent Valley Council,DST,Claremont,,Yes - featured,,,
"Weston Park, Austins Ferry",GENSERVICE,AU0930047,Austins Ferry,7011,Glenorchy Council,N/A,DST,Austins Ferry,,Yes - featured,,,
"Flamenco Circle Reserve, Glenorchy",GENSERVICE,AU0930051,Glenorchy,7010,Glenorchy Council,N/A,DST,Glenorchy,,Yes - featured,,,
"Galston Road Park, Glenorchy",GENSERVICE,AU0930054,Glenorchy,7010,Glenorchy Council,N/A,DST,Glenorchy,,Yes - featured,,,
"Gepp Parade River Reserve, Goodwood",GENSERVICE,AU0930056,Goodwood,7010,Glenorchy Council,N/A,DST,Goodwood,,Yes - featured,,,
"Gerrard Street Reserve, Moonah",GENSERVICE,AU0930061,Moonah,7009,Glenorchy Council,N/A,DST,Moonah,,Yes - featured,,,
Moonah Car Park Public Toilet,GENSERVICE,AU0930081,Moonah,7009,Glenorchy Council,N/A,DST,Moonah,,Yes - featured,,,
"Moorina Crescent Reserve, Berriedale",GENSERVICE,AU0930083,Berriedale,7011,Glenorchy Council,N/A,DST,Berriedale,,Yes - featured,,,
"Norman Circle Reserve, Glenorchy",GENSERVICE,AU0930086,Glenorchy,7010,Glenorchy Council,N/A,DST,Glenorchy,,Yes - featured,,,
"Pitcairn Street Reserve, Glenorchy",GENSERVICE,AU0930090,Glenorchy,7010,Glenorchy Council,N/A,DST,Glenorchy,,Yes - featured,,,
"GASP Pavilion Wilkinsons Point, Glenorchy",GENSERVICE,AU0930091,Glenorchy,7010,Glenorchy Council,N/A,DST,Glenorchy,,Yes - featured,,,
"Windsor Street Park, Glenorchy",GENSERVICE,AU0930093,Glenorchy,7010,Glenorchy Council,N/A,DST,Glenorchy,,Yes - featured,,,
"Windermere Community Foreshore Park, Claremont",GENSERVICE,AU0930095,Claremont,7011,Glenorchy Council,Derwent Valley Council,DST,Claremont,,Yes - featured,,,
"Callington Park Playground, Oatlands",GENSERVICE,AU0930097,Oatlands,7120,Southern Midlands Council,N/A,DST,Oatlands,,Yes - featured,,,
"Flour Mill Campground, Campania",GENSERVICE,AU0930101,Campania,7026,Southern Midlands Council,N/A,DST,Campania,,Yes - featured,,,
"Chauncy Vale Wildlife Sanctuary, Bagdad",GENSERVICE,AU0930103,Bagdad,7030,Southern Midlands Council,N/A,DST,Bagdad,,Yes - featured,,,
Felicityâ€™s Organic Beauty,ATTRACTION,AU0930105,Bicheno,7215,Glamorgan Spring Bay Council,N/A,ECTT,Bicheno,,,Yes - featured,,
Colebrook Park,GENSERVICE,AU0930106,Colebrook,7027,Southern Midlands Council,N/A,DST,Colebrook,,Yes - featured,,,
Kempton Oval Playground,GENSERVICE,AU0930108,Kempton,7030,Southern Midlands Council,N/A,DST,Kempton,,Yes - featured,,,
Kempton Township Public Toilets,GENSERVICE,AU0930109,Kempton,7030,Southern Midlands Council,N/A,DST,Kempton,,Yes - featured,,,
Mangalore Recreation Ground,GENSERVICE,AU0930112,Mangalore,7030,Southern Midlands Council,N/A,DST,Mangalore,,Yes - featured,,,
Oatlands Recreation Ground,GENSERVICE,AU0930130,Oatlands,7120,Southern Midlands Council,N/A,DST,Oatlands,,Yes - featured,,,
Oatlands Public Toilets,GENSERVICE,AU0930132,Oatlands,7120,Southern Midlands Council,N/A,DST,Oatlands,,Yes - featured,,,
"Lake Dulverton Foreshore, Oatlands",GENSERVICE,AU0930133,Oatlands,7120,Southern Midlands Council,N/A,DST,Oatlands,,Yes - featured,,,
Tunbridge Park,GENSERVICE,AU0930134,Tunbridge,7120,Southern Midlands Council,N/A,DST,Tunbridge,,Yes - featured,,,
Woodsdale Community Playground,GENSERVICE,AU0930136,Woodsdale,7120,Southern Midlands Council,N/A,DST,Woodsdale,,Yes - featured,,,
Tunnack Recreation Ground,GENSERVICE,AU0930137,Tunnack,7120,Southern Midlands Council,N/A,DST,Tunnack,,Yes - featured,,,
"St Peters Pass Rest Area, Oatlands",GENSERVICE,AU0930138,Oatlands,7120,Southern Midlands Council,N/A,DST,Oatlands,,Yes - featured,,,
Parattah Recreation Ground,GENSERVICE,AU0930139,Parattah,7120,Southern Midlands Council,N/A,DST,Parattah,,Yes - featured,,,
Oatlands Caravan & Motorhome Dump Point,GENSERVICE,AU0930140,Oatlands,7120,Southern Midlands Council,N/A,DST,Oatlands,,Yes - featured,,,
Kempton Camp Grounds,GENSERVICE,AU0930141,Kempton,7030,Southern Midlands Council,N/A,DST,Kempton,,Yes - featured,,,
Campania Recreation Ground,GENSERVICE,AU0930145,Campania,7026,Southern Midlands Council,N/A,DST,Campania,,Yes - featured,,,
"Alexander Circle Park, Campania",GENSERVICE,AU0930147,Campania,7026,Southern Midlands Council,N/A,DST,Campania,,Yes - featured,,,
Tinka Coffee Brewers,RESTAURANT,AU0930235,Launceston,7250,Launceston City Council,N/A,VNT,Launceston,Yes - featured,,,,
"Public Telephone,  Scamander",GENSERVICE,AU0930258,Scamander,7215,Break O'Day Council,N/A,ECTT,Scamander,,,Yes - featured,,
"Public Telephone, Falmouth",GENSERVICE,AU0930263,Falmouth,7215,Break O'Day Council,N/A,ECTT,Falmouth,,,Yes - featured,,
"Public Telephone,  St Marys",GENSERVICE,AU0930265,St Marys,7215,Break O'Day Council,N/A,ECTT,St Marys,,,Yes - featured,,
"Public Telephone, Wharf Area St Helens",GENSERVICE,AU0930267,St Helens,7216,Break O'Day Council,N/A,ECTT,St Helens,,,Yes - featured,,
"Blythe Head, Heybridge",GENSERVICE,AU0930281,Heybridge,7316,Central Coast Council,Burnie Council,WxNW,Heybridge,,,,,Yes - featured
"Sewage Treatment Works Dump Point, West Ulverstone",GENSERVICE,AU0930282,West Ulverstone,7315,Central Coast Council,N/A,WxNW,West Ulverstone,,,,,Yes - featured
Ulverstone Carpark Lane Public Toilet,GENSERVICE,AU0930283,Ulverstone,7315,Central Coast Council,N/A,WxNW,Ulverstone,,,,,Yes - featured
"Coles Car Park Public Toilets, Ulverstone",GENSERVICE,AU0930284,Ulverstone,7315,Central Coast Council,N/A,WxNW,Ulverstone,,,,,Yes - featured
"Wharf Precinct(Gnomon Pavilion), Ulverstone Public Toilet",GENSERVICE,AU0930286,Ulverstone,7315,Central Coast Council,N/A,WxNW,Ulverstone,,,,,Yes - featured
Penguin Visitor Information Centre Public Toilets,GENSERVICE,AU0930287,Penguin,7316,Central Coast Council,N/A,WxNW,Penguin,,,,,Yes - featured
"Shropshire Park, Ulverstone",GENSERVICE,AU0930289,Ulverstone,7315,Central Coast Council,N/A,WxNW,Ulverstone,,,,,Yes - featured
Sheffield Recreation Ground,GENSERVICE,AU0930429,Sheffield,7306,Kentish Council,N/A,WxNW,Sheffield,,,,,Yes - featured
Little Oyster Bayview Cottage,ACCOMM,AU0930449,Kettering,7155,Kingborough Council,N/A,DST,Kettering,,Yes - featured,,,
Bruny Island Secrets Retreat (Luxe Cabin),ACCOMM,AU0930524,Adventure Bay,7150,Kingborough Council,N/A,DST,Adventure Bay,,Yes - featured,,,
Alchymia Distillery Tour,TOUR,AU0930539,Table Cape,7325,Waratah-Wynyard Council,N/A,WxNW,Table Cape,,,,,Yes - featured
Grain of the Silos,RESTAURANT,AU0930591,Invermay,7248,Launceston City Council,N/A,VNT,Invermay,Yes - featured,,,,
"Addison Reserve, Shearwater",GENSERVICE,AU0930621,Shearwater,7307,Latrobe Council,N/A,WxNW,Shearwater,,,,,Yes - featured
"Atkinson Park, Latrobe",GENSERVICE,AU0930623,Latrobe,7307,Latrobe Council,N/A,WxNW,Latrobe,,,,,Yes - featured
Latrobe Family Medical Practice,GENSERVICE,AU0930624,Latrobe,7307,Latrobe Council,N/A,WxNW,Latrobe,,,,,Yes - featured
Sheffield Medical Centre,GENSERVICE,AU0930626,Sheffield,7306,Kentish Council,N/A,WxNW,Sheffield,,,,,Yes - featured
"Port Sorell Medical Centre, Shearwater",GENSERVICE,AU0930628,Shearwater,7307,Latrobe Council,N/A,WxNW,Shearwater,,,,,Yes - featured
Elaia Cafe & Greek Restaurant,RESTAURANT,AU0930651,Launceston,7250,Launceston City Council,N/A,VNT,Launceston,Yes - featured,,,,
iWander Tasmania,TOUR,AU0930656,Hobart,7000,Hobart City Council,N/A,DST,Hobart,,Yes - featured,,,
Moonscape Wine Bar and Cafe,RESTAURANT,AU0930717,Queenstown,7467,West Coast Council,N/A,WxNW,Queenstown,,,,Yes - featured,
Stanley Recreation Ground,GENSERVICE,AU0930750,Stanley,7331,Circular Head Council,N/A,WxNW,Stanley,,,,,Yes - featured
"Tatlows Beach, Stanley",GENSERVICE,AU0930754,Stanley,7331,Circular Head Council,N/A,WxNW,Stanley,,,,,Yes - featured
Stanley Town Hall Public Toilets,GENSERVICE,AU0930756,Stanley,7331,Circular Head Council,N/A,WxNW,Stanley,,,,,Yes - featured
"Ochre Medical Centre, Smithton",GENSERVICE,AU0930757,Smithton,7330,Circular Head Council,N/A,WxNW,Smithton,,,,,Yes - featured
King Island Foodworks,RESTAURANT,AU0930759,Currie,7256,King Island Council,N/A,WxNW,Currie,,,,,Yes - featured
Smithton District Hospital,GENSERVICE,AU0930762,Smithton,7330,Circular Head Council,N/A,WxNW,Smithton,,,,,Yes - featured
"Smith Street Public Toilet,  Smithton",GENSERVICE,AU0930773,Smithton,7330,Circular Head Council,N/A,WxNW,Smithton,,,,,Yes - featured
"Goldie Street Public Toilets,  Smithton",GENSERVICE,AU0930774,Smithton,7330,Circular Head Council,N/A,WxNW,Smithton,,,,,Yes - featured
"East Esplanade Boat Ramp, Smithton",GENSERVICE,AU0930790,Smithton,7330,Circular Head Council,N/A,WxNW,Smithton,,,,,Yes - featured
"Gullivers Rest Public Toilet, Stanley",GENSERVICE,AU0930792,Stanley,7331,Circular Head Council,N/A,WxNW,Stanley,,,,,Yes - featured
King Island Brewhouse,RESTAURANT,AU0930808,Pegarah,7256,King Island Council,N/A,WxNW,Pegarah,,,,,Yes - featured
Wild Harvest Restaurant & Cooking School,RESTAURANT,AU0930815,Grassy,7256,King Island Council,N/A,WxNW,Grassy,,,,,Yes - featured
King Island Hotel (Parers),ACCOMM,AU0930827,Currie,7256,King Island Council,N/A,WxNW,Currie,,,,,Yes - featured
The King Island Golf Course,ATTRACTION,AU0930838,Currie,7256,King Island Council,N/A,WxNW,Currie,,,,,Yes - featured
King Island Lawn Bowling,ATTRACTION,AU0930842,Currie,7256,King Island Council,N/A,WxNW,Currie,,,,,Yes - featured
"A J White Park, Battery Point",GENSERVICE,AU0930950,Battery Point,7004,Hobart City Council,N/A,DST,Battery Point,,Yes - featured,,,
"Aberdeen Street Playground, Glebe",GENSERVICE,AU0930952,Glebe,7000,Hobart City Council,N/A,DST,Glebe,,Yes - featured,,,
"Alexandra Battery Park, Sandy Bay",GENSERVICE,AU0930954,Sandy Bay,7005,Hobart City Council,N/A,DST,Sandy Bay,,Yes - featured,,,
"Ancanthe Park, Lenah Valley",GENSERVICE,AU0930955,Lenah Valley,7008,Hobart City Council,Glenorchy Council,DST,Lenah Valley,,Yes - featured,,,
"Arthur Circus Park, Battery Point",GENSERVICE,AU0930957,Battery Point,7004,Hobart City Council,N/A,DST,Battery Point,,Yes - featured,,,
"Bicentennial Park at the Signal Station, Mt Nelson",GENSERVICE,AU0930959,Mount Nelson,7007,Hobart City Council,Kingborough Council,DST,Mount Nelson,,Yes - featured,,,
"Caldew Park - The Train Park, West Hobart",GENSERVICE,AU0930962,West Hobart,7000,Hobart City Council,N/A,DST,West Hobart,,Yes - featured,,,
"Cascade Gardens, South Hobart",GENSERVICE,AU0930963,South Hobart,7004,Hobart City Council,N/A,DST,South Hobart,,Yes - featured,,,
"Cenotaph Memorial Park, Queens Domain",GENSERVICE,AU0930967,Queens Domain,7000,Hobart City Council,N/A,DST,Queens Domain,,Yes - featured,,,
"Clare Street Oval, New Town",GENSERVICE,AU0930970,New Town,7008,Hobart City Council,N/A,DST,New Town,,Yes - featured,,,
"Cornelian Bay Oval, New Town",GENSERVICE,AU0930971,New Town,7008,Hobart City Council,N/A,DST,New Town,,Yes - featured,,,
"Cornelian Bay Park, New Town",GENSERVICE,AU0930975,New Town,7008,Hobart City Council,N/A,DST,New Town,,Yes - featured,,,
Cultural Park / North Hobart Skate Park,GENSERVICE,AU0930976,North Hobart,7000,Hobart City Council,N/A,DST,North Hobart,,Yes - featured,,,
"Domain Athletic Centre, Hobart",GENSERVICE,AU0930982,Queens Domain,7000,Hobart City Council,N/A,DST,Queens Domain,,Yes - featured,,,
"Domain Crossroads Oval, Hobart",GENSERVICE,AU0930984,Queens Domain,7000,Hobart City Council,N/A,DST,Queens Domain,,Yes - featured,,,
"Doyle Avenue Playground, Lenah Valley",GENSERVICE,AU0930985,Lenah Valley,7008,Hobart City Council,Glenorchy Council,DST,Lenah Valley,,Yes - featured,,,
"Edge Avenue Playground, Lenah Valley",GENSERVICE,AU0930989,Lenah Valley,7008,Hobart City Council,Glenorchy Council,DST,Lenah Valley,,Yes - featured,,,
"Fairfield Playground, New Town",GENSERVICE,AU0930996,New Town,7008,Hobart City Council,N/A,DST,New Town,,Yes - featured,,,
Fern Tree Park,GENSERVICE,AU0931001,Fern Tree,7054,Hobart City Council,N/A,DST,Fern Tree,,Yes - featured,,,
"Fitzroy Gardens, South Hobart",GENSERVICE,AU0931011,Dynnyrne,7005,Hobart City Council,N/A,DST,Dynnyrne,,Yes - featured,,,
"Franklin Square, Hobart",GENSERVICE,AU0931013,Hobart,7000,Hobart City Council,N/A,DST,Hobart,,Yes - featured,,,
"Friends Park, West Hobart",GENSERVICE,AU0931018,West Hobart,7000,Hobart City Council,N/A,DST,West Hobart,,Yes - featured,,,
"Girrabong Play Ground, Lenah Valley",GENSERVICE,AU0931020,Lenah Valley,7008,Hobart City Council,Glenorchy Council,DST,Lenah Valley,,Yes - featured,,,
"Glenrose Park, Lenah Valley",GENSERVICE,AU0931021,Lenah Valley,7008,Hobart City Council,Glenorchy Council,DST,Lenah Valley,,Yes - featured,,,
"Haldane Reserve, Lenah Valley",GENSERVICE,AU0931024,Lenah Valley,7008,Hobart City Council,Glenorchy Council,DST,Lenah Valley,,Yes - featured,,,
"Henslowe Park, Battery Point",GENSERVICE,AU0931025,Battery Point,7004,Hobart City Council,N/A,DST,Battery Point,,Yes - featured,,,
"Hobart Rivulet Park, South Hobart",GENSERVICE,AU0931027,South Hobart,7004,Hobart City Council,N/A,DST,South Hobart,,Yes - featured,,,
"Intercity Cycleway, Hobart",GENSERVICE,AU0931029,Queens Domain,7000,Hobart City Council,N/A,DST,Queens Domain,,Yes - featured,,,
"John Doggett Park, West Hobart",GENSERVICE,AU0931032,West Hobart,7000,Hobart City Council,N/A,DST,West Hobart,,Yes - featured,,,
"John Kennedy Playground, New Town",GENSERVICE,AU0931034,New Town,7008,Hobart City Council,N/A,DST,New Town,,Yes - featured,,,
"John Turnbull Park, Lenah Valley",GENSERVICE,AU0931035,Lenah Valley,7008,Hobart City Council,Glenorchy Council,DST,Lenah Valley,,Yes - featured,,,
"Kalang Avenue Playground, Lenah Valley",GENSERVICE,AU0931037,Lenah Valley,7008,Hobart City Council,Glenorchy Council,DST,Lenah Valley,,Yes - featured,,,
"Knocklofty Reserve, West Hobart",GENSERVICE,AU0931038,West Hobart,7000,Hobart City Council,N/A,DST,West Hobart,,Yes - featured,,,
"Lambert Park, Sandy Bay",GENSERVICE,AU0931039,Sandy Bay,7005,Hobart City Council,N/A,DST,Sandy Bay,,Yes - featured,,,
"Legacy Park, Queens Domain",GENSERVICE,AU0931040,Queens Domain,7000,Hobart City Council,N/A,DST,Queens Domain,,Yes - featured,,,
"Leonard Wall Valley Street Reserve, West Hobart",GENSERVICE,AU0931041,West Hobart,7000,Hobart City Council,N/A,DST,West Hobart,,Yes - featured,,,
"Long Beach Reserve and Sandown Oval, Sandy Bay",GENSERVICE,AU0931044,Sandy Bay,7005,Hobart City Council,N/A,DST,Sandy Bay,,Yes - featured,,,
"Lower Queenborough Oval, Sandy Bay",GENSERVICE,AU0931046,Sandy Bay,7005,Hobart City Council,N/A,DST,Sandy Bay,,Yes - featured,,,
"Marieville Esplanade, Battery Point",GENSERVICE,AU0931048,Sandy Bay,7005,Hobart City Council,N/A,DST,Sandy Bay,,Yes - featured,,,
"Molle and Goulburn Street Park, West Hobart",GENSERVICE,AU0931050,Hobart,7000,Hobart City Council,N/A,DST,Hobart,,Yes - featured,,,
Mount Nelson Oval and Playground,GENSERVICE,AU0931052,Mount Nelson,7007,Hobart City Council,Kingborough Council,DST,Mount Nelson,,Yes - featured,,,
Mount Stuart Park,GENSERVICE,AU0931054,Mount Stuart,7000,Hobart City Council,N/A,DST,Mount Stuart,,Yes - featured,,,
"Napoleon Street Park, Battery Point",GENSERVICE,AU0931059,Battery Point,7004,Hobart City Council,N/A,DST,Battery Point,,Yes - featured,,,
"New Town Bay Reserve, New Town",GENSERVICE,AU0931066,New Town,7008,Hobart City Council,N/A,DST,New Town,,Yes - featured,,,
New Town Oval,GENSERVICE,AU0931067,New Town,7008,Hobart City Council,N/A,DST,New Town,,Yes - featured,,,
"New Town Rivulet Park, Lenah Valley",GENSERVICE,AU0931071,Lenah Valley,7008,Hobart City Council,Glenorchy Council,DST,Lenah Valley,,Yes - featured,,,
North Hobart Oval,GENSERVICE,AU0931073,North Hobart,7000,Hobart City Council,N/A,DST,North Hobart,,Yes - featured,,,
"Parliament Street Reserve, Sandy Bay",GENSERVICE,AU0931074,Sandy Bay,7005,Hobart City Council,N/A,DST,Sandy Bay,,Yes - featured,,,
"Peace Park, West Hobart",GENSERVICE,AU0931075,West Hobart,7000,Hobart City Council,N/A,DST,West Hobart,,Yes - featured,,,
"Pearce's Reserve, Sandy Bay",GENSERVICE,AU0931077,Sandy Bay,7005,Hobart City Council,N/A,DST,Sandy Bay,,Yes - featured,,,
"Princes Park, Battery Point",GENSERVICE,AU0931078,Battery Point,7004,Hobart City Council,N/A,DST,Battery Point,,Yes - featured,,,
Cape Wickham Lighthouse,GENSERVICE,AU0931125,Wickham,7256,King Island Council,N/A,WxNW,Wickham,,,,,Yes - featured
"Pennyâ€™s Lagoon, King Island",GENSERVICE,AU0931126,Egg Lagoon,7256,King Island Council,N/A,WxNW,Egg Lagoon,,,,,Yes - featured
"Sea Elephant River, King Island",GENSERVICE,AU0931127,Pegarah,7256,King Island Council,N/A,WxNW,Pegarah,,,,,Yes - featured
"Naracoopa Esplanade, King Island",GENSERVICE,AU0931128,Naracoopa,7256,King Island Council,N/A,WxNW,Naracoopa,,,,,Yes - featured
Grassy Recreation Ground,GENSERVICE,AU0931150,Grassy,7256,King Island Council,N/A,WxNW,Grassy,,,,,Yes - featured
"Calcified Forest Track, Surprise Bay",GENSERVICE,AU0931151,Surprise Bay,7256,King Island Council,N/A,WxNW,Surprise Bay,,,,,Yes - featured
"Seal Rocks Lookout, Surprise Bay",GENSERVICE,AU0931153,Surprise Bay,7256,King Island Council,N/A,WxNW,Surprise Bay,,,,,Yes - featured
"Bicentennial Lookout, King Island",GENSERVICE,AU0931154,Currie,7256,King Island Council,N/A,WxNW,Currie,,,,,Yes - featured
"Lions Park, Currie Harbour",GENSERVICE,AU0931155,Currie,7256,King Island Council,N/A,WxNW,Currie,,,,,Yes - featured
"Memorial Park and Playground, Currie",GENSERVICE,AU0931156,Currie,7256,King Island Council,N/A,WxNW,Currie,,,,,Yes - featured
"Lighthouse Street Park, Currie",GENSERVICE,AU0931157,Currie,7256,King Island Council,N/A,WxNW,Currie,,,,,Yes - featured
King Island District Hospital & Health Centre,GENSERVICE,AU0931158,Currie,7256,King Island Council,N/A,WxNW,Currie,,,,,Yes - featured
"Ochre Health â€“ GP clinic, Currie",GENSERVICE,AU0931159,Currie,7256,King Island Council,N/A,WxNW,Currie,,,,,Yes - featured
"Purdon Featherstone Reserve, Battery Point",GENSERVICE,AU0931185,Battery Point,7004,Hobart City Council,N/A,DST,Battery Point,,Yes - featured,,,
"Queens Walk Oval, New Town",GENSERVICE,AU0931186,New Town,7008,Hobart City Council,N/A,DST,New Town,,Yes - featured,,,
"Riseley Court, Lenah Valley",GENSERVICE,AU0931188,Lenah Valley,7008,Hobart City Council,Glenorchy Council,DST,Lenah Valley,,Yes - featured,,,
"Rosina Court Park, Mount Stuart",GENSERVICE,AU0931190,Mount Stuart,7000,Hobart City Council,N/A,DST,Mount Stuart,,Yes - featured,,,
"Salamanca Lawns, Hobart",GENSERVICE,AU0931191,Hobart,7000,Hobart City Council,N/A,DST,Hobart,,Yes - featured,,,
"Sandown Park, Sandy Bay",GENSERVICE,AU0931193,Sandy Bay,7005,Hobart City Council,N/A,DST,Sandy Bay,,Yes - featured,,,
"Seymour Street Park, New Town",GENSERVICE,AU0931196,New Town,7008,Hobart City Council,N/A,DST,New Town,,Yes - featured,,,
"Soldiers Memorial Oval, Queens Domain",GENSERVICE,AU0931198,Queens Domain,7000,Hobart City Council,N/A,DST,Queens Domain,,Yes - featured,,,
"Soundy Park, North Hobart",GENSERVICE,AU0931200,North Hobart,7000,Hobart City Council,N/A,DST,North Hobart,,Yes - featured,,,
"South Hobart Oval, South Hobart",GENSERVICE,AU0931204,South Hobart,7004,Hobart City Council,N/A,DST,South Hobart,,Yes - featured,,,
"St Andrews Park, South Hobart",GENSERVICE,AU0931206,North Hobart,7000,Hobart City Council,N/A,DST,North Hobart,,Yes - featured,,,
"St David's Park, Hobart",GENSERVICE,AU0931209,Hobart,7000,Hobart City Council,N/A,DST,Hobart,,Yes - featured,,,
"Strickland Avenue Park, South Hobart",GENSERVICE,AU0931212,South Hobart,7004,Hobart City Council,N/A,DST,South Hobart,,Yes - featured,,,
"The Springs, Mt Wellington",GENSERVICE,AU0931217,Wellington Park,7054,Hobart City Council,N/A,DST,Wellington Park,,Yes - featured,,,
"University Rose Gardens, Glebe",GENSERVICE,AU0931218,Queens Domain,7000,Hobart City Council,N/A,DST,Queens Domain,,Yes - featured,,,
"Wallace Avenue Park, Lenah Valley",GENSERVICE,AU0931224,Lenah Valley,7008,Hobart City Council,Glenorchy Council,DST,Lenah Valley,,Yes - featured,,,
"Waterworks Reserve, Ridgeway",GENSERVICE,AU0931227,Ridgeway,7054,Hobart City Council,N/A,DST,Ridgeway,,Yes - featured,,,
"Wellesley Park, South Hobart",GENSERVICE,AU0931231,South Hobart,7004,Hobart City Council,N/A,DST,South Hobart,,Yes - featured,,,
West Hobart Oval,GENSERVICE,AU0931236,West Hobart,7000,Hobart City Council,N/A,DST,West Hobart,,Yes - featured,,,
"Westringa Park, Fern Tree",GENSERVICE,AU0931240,Fern Tree,7054,Hobart City Council,N/A,DST,Fern Tree,,Yes - featured,,,
"Swanston Street Playground, New Town",GENSERVICE,AU0931253,New Town,7008,Hobart City Council,N/A,DST,New Town,,Yes - featured,,,
Tolmans Hill Park,GENSERVICE,AU0931255,Tolmans Hill,7007,Hobart City Council,N/A,DST,Tolmans Hill,,Yes - featured,,,
"Argyle Street Car Park Public Toilets, Hobart",GENSERVICE,AU0931275,Hobart,7000,Hobart City Council,N/A,DST,Hobart,,Yes - featured,,,
"Burnett Street Public Toilets, North Hobart",GENSERVICE,AU0931276,North Hobart,7000,Hobart City Council,N/A,DST,North Hobart,,Yes - featured,,,
"Centrepoint Shopping Centre Public Toilets, Hobart",GENSERVICE,AU0931280,Hobart,7000,Hobart City Council,N/A,DST,Hobart,,Yes - featured,,,
Hobart Central Car Park Public Toilet,GENSERVICE,AU0931282,Hobart,7000,Hobart City Council,N/A,DST,Hobart,,Yes - featured,,,
"Nutgrove Beach Public Toilets, Sandy Bay",GENSERVICE,AU0931286,Sandy Bay,7005,Hobart City Council,N/A,DST,Sandy Bay,,Yes - featured,,,
"Mathers House Public Toilet, Hobart",GENSERVICE,AU0931291,Hobart,7000,Hobart City Council,N/A,DST,Hobart,,Yes - featured,,,
"Salamanca Square Public Toilets, Battery Point",GENSERVICE,AU0931294,Hobart,7000,Hobart City Council,N/A,DST,Hobart,,Yes - featured,,,
"Salamanca Arts Centre Public Toilets, Battery Point",GENSERVICE,AU0931296,Battery Point,7004,Hobart City Council,N/A,DST,Battery Point,,Yes - featured,,,
"Swan Street Public Toilets, North Hobart",GENSERVICE,AU0931301,North Hobart,7000,Hobart City Council,N/A,DST,North Hobart,,Yes - featured,,,
"Trafalgar Car Park Public Toilets, Hobart",GENSERVICE,AU0931304,Hobart,7000,Hobart City Council,N/A,DST,Hobart,,Yes - featured,,,
"Washington Street Public Toilets, South Hobart",GENSERVICE,AU0931306,South Hobart,7004,Hobart City Council,N/A,DST,South Hobart,,Yes - featured,,,
Sandy Bay Woolworths Public Toilets,GENSERVICE,AU0931309,Sandy Bay,7005,Hobart City Council,N/A,DST,Sandy Bay,,Yes - featured,,,
"Anzac Park, Somerset",GENSERVICE,AU0931313,Somerset,7322,Waratah-Wynyard Council,N/A,WxNW,Somerset,,,,,Yes - featured
"Rangeview Crescent Reserve, Lenah Valley",GENSERVICE,AU0931314,Lenah Valley,7008,Hobart City Council,Glenorchy Council,DST,Lenah Valley,,Yes - featured,,,
"Cam River Reserve, Somerset",GENSERVICE,AU0931319,Somerset,7322,Waratah-Wynyard Council,N/A,WxNW,Somerset,,,,,Yes - featured
"Cape Bridge Reserve, Wynyard",GENSERVICE,AU0931322,Wynyard,7325,Waratah-Wynyard Council,N/A,WxNW,Wynyard,,,,,Yes - featured
"Civic Park, Wynyard",GENSERVICE,AU0931326,Wynyard,7325,Waratah-Wynyard Council,N/A,WxNW,Wynyard,,,,,Yes - featured
East Wynyard Foreshore,GENSERVICE,AU0931327,Wynyard,7325,Waratah-Wynyard Council,N/A,WxNW,Wynyard,,,,,Yes - featured
"Foreshore Reserve, Sisters Beach",GENSERVICE,AU0931329,Sisters Beach,7321,Waratah-Wynyard Council,N/A,WxNW,Sisters Beach,,,,,Yes - featured
"Foreshore Reserve, Somerset",GENSERVICE,AU0931331,Somerset,7322,Waratah-Wynyard Council,N/A,WxNW,Somerset,,,,,Yes - featured
"Fossil Bluff, Wynyard",GENSERVICE,AU0931332,Wynyard,7325,Waratah-Wynyard Council,N/A,WxNW,Wynyard,,,,,Yes - featured
"Gutteridge Gardens, Wynyard",GENSERVICE,AU0931333,Wynyard,7325,Waratah-Wynyard Council,N/A,WxNW,Wynyard,,,,,Yes - featured
"Saunders Street Carpark Public Toilets, Wynyard",GENSERVICE,AU0931334,Wynyard,7325,Waratah-Wynyard Council,N/A,WxNW,Wynyard,,,,,Yes - featured
Wynyard Skate Park,GENSERVICE,AU0931335,Wynyard,7325,Waratah-Wynyard Council,N/A,WxNW,Wynyard,,,,,Yes - featured
"Wragg St Public Toilets, Somerset",GENSERVICE,AU0931336,Somerset,7322,Waratah-Wynyard Council,N/A,WxNW,Somerset,,,,,Yes - featured
"Churchill Avenue & Edith Avenue Dog Park, Sandy Bay",GENSERVICE,AU0931340,Sandy Bay,7005,Hobart City Council,N/A,DST,Sandy Bay,,Yes - featured,,,
"Red Chapel Beach, Sandy Bay",GENSERVICE,AU0931345,Sandy Bay,7005,Hobart City Council,N/A,DST,Sandy Bay,,Yes - featured,,,
"Elizabeth and Warwick Streets Park, Hobart",GENSERVICE,AU0931346,Hobart,7000,Hobart City Council,N/A,DST,Hobart,,Yes - featured,,,
"Mathers Lane, Hobart",GENSERVICE,AU0931350,Hobart,7000,Hobart City Council,N/A,DST,Hobart,,Yes - featured,,,
"Wellington Court Playground, Hobart",GENSERVICE,AU0931356,Hobart,7000,Hobart City Council,N/A,DST,Hobart,,Yes - featured,,,
Dandy Lane Cafe,RESTAURANT,AU0931415,Hobart,7000,Hobart City Council,N/A,DST,Hobart,,Yes - featured,,,
Love Lucy Boots - Wine Room,RESTAURANT,AU0931494,Westbury,7303,Meander Valley Council,N/A,VNT,Westbury,Yes - featured,,,,
King Island Wilderness Retreat and Accommodation,ACCOMM,AU0931516,Grassy,7256,King Island Council,N/A,WxNW,Grassy,,,,,Yes - featured
King Island Tours,TOUR,AU0931529,Grassy,7256,King Island Council,N/A,WxNW,Grassy,,,,,Yes - featured
Smelters Restaurant,RESTAURANT,AU0931677,Queenstown,7467,West Coast Council,N/A,WxNW,Queenstown,,,,Yes - featured,
Loira Vines,RESTAURANT,AU0931782,Sidmouth,7270,West Tamar Council,N/A,VNT,Sidmouth,Yes - featured,,,,
Exeter Park,GENSERVICE,AU0931785,Exeter,7275,West Tamar Council,N/A,VNT,Exeter,Yes - featured,,,,
"Miners Park, Beaconsfield",GENSERVICE,AU0931786,Beaconsfield,7270,West Tamar Council,N/A,VNT,Beaconsfield,Yes - featured,,,,
Beauty Point Foreshore Park,GENSERVICE,AU0931790,Beauty Point,7270,West Tamar Council,N/A,VNT,Beauty Point,Yes - featured,,,,
Greens Beach Park & Playground,GENSERVICE,AU0931791,Greens Beach,7270,West Tamar Council,N/A,VNT,Greens Beach,Yes - featured,,,,
Legana Recreation,GENSERVICE,AU0931794,Legana,7277,West Tamar Council,N/A,VNT,Legana,Yes - featured,,,,
"Bosworth Park, Latrobe",GENSERVICE,AU0931905,Latrobe,7307,Latrobe Council,N/A,WxNW,Latrobe,,,,,Yes - featured
"Don Brown Gazebo, Port Sorell",GENSERVICE,AU0931921,Port Sorell,7307,Latrobe Council,N/A,WxNW,Port Sorell,,,,,Yes - featured
"Hawley Beach, Shearwater",GENSERVICE,AU0931922,Hawley Beach,7307,Latrobe Council,N/A,WxNW,Hawley Beach,,,,,Yes - featured
"Kings Park, Latrobe",GENSERVICE,AU0931926,Latrobe,7307,Latrobe Council,N/A,WxNW,Latrobe,,,,,Yes - featured
"Larooma Park, Hawley Beach",GENSERVICE,AU0931933,Hawley Beach,7307,Latrobe Council,N/A,WxNW,Hawley Beach,,,,,Yes - featured
"North Freers Reserve, Hawley Beach",GENSERVICE,AU0931934,Hawley Beach,7307,Latrobe Council,N/A,WxNW,Hawley Beach,,,,,Yes - featured
"Panatana Park, Port Sorell",GENSERVICE,AU0931935,Port Sorell,7307,Latrobe Council,N/A,WxNW,Port Sorell,,,,,Yes - featured
"St George's Park, Latrobe",GENSERVICE,AU0931937,Latrobe,7307,Latrobe Council,N/A,WxNW,Latrobe,,,,,Yes - featured
Shearwater Park,GENSERVICE,AU0931938,Shearwater,7307,Latrobe Council,N/A,WxNW,Shearwater,,,,,Yes - featured
Squeaking Point Reserve,GENSERVICE,AU0931939,Squeaking Point,7307,Latrobe Council,N/A,WxNW,Squeaking Point,,,,,Yes - featured
"Station Square, Latrobe",GENSERVICE,AU0931940,Latrobe,7307,Latrobe Council,N/A,WxNW,Latrobe,,,,,Yes - featured
"Thompsons Park, Latrobe",GENSERVICE,AU0931941,Latrobe,7307,Latrobe Council,N/A,WxNW,Latrobe,,,,,Yes - featured
Mersey Community Hospital,GENSERVICE,AU0931942,Latrobe,7307,Latrobe Council,N/A,WxNW,Latrobe,,,,,Yes - featured
St Marys Cranks & Tinkerers,ATTRACTION,AU0932010,St Marys,7215,Break O'Day Council,N/A,ECTT,St Marys,,,Yes - featured,,
On The Terrace Stanley,ACCOMM,AU0932028,Stanley,7331,Circular Head Council,N/A,WxNW,Stanley,,,,,Yes - featured
Riddle Me Adventures,TOUR,AU0932097,Hobart,7000,Hobart City Council,N/A,DST,Hobart,,Yes - featured,,,
Winganah Cottage,ACCOMM,AU0932133,Murdunna,7178,Tasman Council,N/A,DST,Murdunna,,Yes - featured,,,
King Island Dairy Cheese Store,RESTAURANT,AU0932142,King Island,7256,King Island Council,N/A,WxNW,King Island,,,,,Yes - featured
The Bay Restaurant,RESTAURANT,AU0932214,Coles Bay,7215,Glamorgan Spring Bay Council,N/A,ECTT,Coles Bay,,,Yes - featured,,
Derby  Park and Camping Ground,GENSERVICE,AU0932219,Derby,7264,Dorset Council,N/A,VNT,Derby,Yes - featured,,,,
Gladstone Park and Camping Area,GENSERVICE,AU0932229,Gladstone,7264,Dorset Council,N/A,VNT,Gladstone,Yes - featured,,,,
Belvedere,RESTAURANT,AU0932232,Hobart,7000,Hobart City Council,N/A,DST,Hobart,,Yes - featured,,,
Tomahawk Playground,GENSERVICE,AU0932234,Tomahawk,7262,Dorset Council,N/A,VNT,Tomahawk,Yes - featured,,,,
Daniel Livings Photography,GENSERVICE,AU0932239,Goulds Country,7216,Break O'Day Council,N/A,ECTT,Goulds Country,,,Yes - featured,,
Richardson's Bistro,RESTAURANT,AU0932243,Coles Bay,7215,Glamorgan Spring Bay Council,N/A,ECTT,Coles Bay,,,Yes - featured,,
Ringarooma Park,GENSERVICE,AU0932245,Ringarooma,7263,Dorset Council,N/A,VNT,Ringarooma,Yes - featured,,,,
Winnaleah Park,GENSERVICE,AU0932246,Winnaleah,7265,Dorset Council,N/A,VNT,Winnaleah,Yes - featured,,,,
Pioneer Park,GENSERVICE,AU0932265,Pioneer,7264,Dorset Council,N/A,VNT,Pioneer,Yes - featured,,,,
Legerwood Park,GENSERVICE,AU0932270,Legerwood,7263,Dorset Council,N/A,VNT,Legerwood,Yes - featured,,,,
Hazards Bar and Lounge,RESTAURANT,AU0932275,Coles Bay,7215,Glamorgan Spring Bay Council,N/A,ECTT,Coles Bay,,,Yes - featured,,
View 42Â° Restaurant and Bar,RESTAURANT,AU0932283,Strahan,7468,West Coast Council,N/A,WxNW,Strahan,,,,Yes - featured,
King Island Brewhouse,TOUR,AU0932306,Pegarah,7256,King Island Council,N/A,WxNW,Pegarah,,,,,Yes - featured
"Highfield Park, Devonport",GENSERVICE,AU0932341,Devonport,7310,Devonport City Council,N/A,WxNW,Devonport,,,,,Yes - featured
"Horsehead Creek Riverside Park, Miandetta",GENSERVICE,AU0932343,Miandetta,7310,Devonport City Council,N/A,WxNW,Miandetta,,,,,Yes - featured
"Kiah Place Playground, East Devonport",GENSERVICE,AU0932345,East Devonport,7310,Devonport City Council,N/A,WxNW,East Devonport,,,,,Yes - featured
"Madden Street Playground, Devonport",GENSERVICE,AU0932346,Devonport,7310,Devonport City Council,N/A,WxNW,Devonport,,,,,Yes - featured
"Mary Binks Wetlands, East Devonport",GENSERVICE,AU0932349,East Devonport,7310,Devonport City Council,N/A,WxNW,East Devonport,,,,,Yes - featured
The Fish Van,RESTAURANT,AU0932363,Triabunna,7190,Glamorgan Spring Bay Council,N/A,ECTT,Triabunna,,,Yes - featured,,
Wee Georgie Wood Steam Railway Inc,ATTRACTION,AU0932386,Tullah,7321,West Coast Council,N/A,WxNW,Tullah,,,,Yes - featured,
Piermont Retreat,ACCOMM,AU0932567,Swansea,7190,Glamorgan Spring Bay Council,N/A,ECTT,Swansea,,,Yes - featured,,
Homestead Restaurant at Piermont Retreat,RESTAURANT,AU0932633,Swansea,7190,Glamorgan Spring Bay Council,N/A,ECTT,Swansea,,,Yes - featured,,
Melrose Street Playground,GENSERVICE,AU0932673,East Devonport,7310,Devonport City Council,N/A,WxNW,East Devonport,,,,,Yes - featured
"Miandetta Park, Devonport",GENSERVICE,AU0932680,Miandetta,7310,Devonport City Council,N/A,WxNW,Miandetta,,,,,Yes - featured
"Pioneer Park, Devonport",GENSERVICE,AU0932689,East Devonport,7310,Devonport City Council,N/A,WxNW,East Devonport,,,,,Yes - featured
"Reg Hope Park, Devonport",GENSERVICE,AU0932690,East Devonport,7310,Devonport City Council,N/A,WxNW,East Devonport,,,,,Yes - featured
Harvest and Light,RESTAURANT,AU0932759,Geeveston,7116,Huon Valley Council,N/A,DST,Geeveston,,Yes - featured,,,
Island View Spa Cottage,ACCOMM,AU0932904,Smithton,7330,Circular Head Council,N/A,WxNW,Smithton,,,,,Yes - featured
Stanley View Beach House,ACCOMM,AU0932921,Cowrie Point,7321,Circular Head Council,N/A,WxNW,Cowrie Point,,,,,Yes - featured
Sommers Bay Beach House,ACCOMM,AU0932924,Murdunna,7178,Tasman Council,N/A,DST,Murdunna,,Yes - featured,,,
Grace's Spa Cottage,ACCOMM,AU0932925,Smithton,7330,Circular Head Council,N/A,WxNW,Smithton,,,,,Yes - featured
Casa Pinocchio,RESTAURANT,AU0932926,Branxholm,7261,Dorset Council,N/A,VNT,Branxholm,Yes - featured,,,,
Arthur River Spa Cottage,ACCOMM,AU0932927,Arthur River,7330,Circular Head Council,N/A,WxNW,Arthur River,,,,,Yes - featured
Mount Pleasant Radio Astronomy Observatory & Grote Reber Museum,ATTRACTION,AU0932984,Cambridge,7170,Clarence City Council,N/A,DST,Cambridge,,Yes - featured,,,
Hive Tasmania,ATTRACTION,AU0932989,Ulverstone,7315,Central Coast Council,N/A,WxNW,Ulverstone,,,,,Yes - featured
Blue Social Eatery,RESTAURANT,AU0933008,Invermay,7248,Launceston City Council,N/A,VNT,Invermay,Yes - featured,,,,
Hamer's Bar and Bistro,RESTAURANT,AU0933035,Strahan,7468,West Coast Council,N/A,WxNW,Strahan,,,,Yes - featured,
Winnaleah RV Park,ACCOMM,AU0933038,Winnaleah,7265,Dorset Council,N/A,VNT,Winnaleah,Yes - featured,,,,
Diverge Restaurant,RESTAURANT,AU0933059,Launceston,7250,Launceston City Council,N/A,VNT,Launceston,Yes - featured,,,,
Hill Street Cafe,RESTAURANT,AU0933158,Devonport,7310,Devonport City Council,N/A,WxNW,Devonport,,,,,Yes - featured
Altitude Restaurant,RESTAURANT,AU0933159,Cradle Mountain,7306,Kentish Council,West Coast Council,WxNW,Cradle Mountain,,,,Yes - featured,Yes - featured
The Weaver's Cottages Studio,ATTRACTION,AU0933329,Oatlands,7120,Southern Midlands Council,N/A,DST,Oatlands,,Yes - featured,,,
Derwent Valley Standup Paddleboarding,TOUR,AU0936442,New Norfolk,7140,Derwent Valley Council,N/A,DST,New Norfolk,,Yes - featured,,,
Ulverstone Planetarium,ATTRACTION,AU0956748,Ulverstone,7315,Central Coast Council,N/A,WxNW,Ulverstone,,,,,Yes - featured
Salamanca Galleria,ACCOMM,AU0956775,Battery Point,7004,Hobart City Council,N/A,DST,Battery Point,,Yes - featured,,,
A Slice of Paradise Bruny Island Tasmania,ACCOMM,AU0956793,Barnes Bay,7150,Kingborough Council,N/A,DST,Barnes Bay,,Yes - featured,,,
Alida Restaurant,RESTAURANT,AU0956855,Launceston,7250,Launceston City Council,N/A,VNT,Launceston,Yes - featured,,,,
Dover Museum and Gallery,ATTRACTION,AU0956915,Dover,7117,Huon Valley Council,N/A,DST,Dover,,Yes - featured,,,
Loft Over The Vines,ACCOMM,AU0956979,Richmond,7025,Clarence City Council,N/A,DST,Richmond,,Yes - featured,,,
Feast Tasmania,RESTAURANT,AU0956981,Perth,7300,Northern Midlands Council,N/A,VNT,Perth,Yes - featured,,,,
Left of Field Camping Gardens,ACCOMM,AU0957018,National Park,7140,Central Highlands Council,Derwent Valley Council,DST,National Park,,Yes - featured,,,
Hobart Premium Float & Day Spa Wellness Centre,ATTRACTION,AU0957061,Hobart,7000,Hobart City Council,N/A,DST,Hobart,,Yes - featured,,,
Coastline Tours Tasmania,TOUR,AU0958632,Ulverstone,7315,Central Coast Council,N/A,WxNW,Ulverstone,,,,,Yes - featured
Seymour Waves Holiday Accomodation,ACCOMM,AU0959700,Seymour,7215,Break O'Day Council,N/A,ECTT,Seymour,,,Yes - featured,,
Lumeah Retreat Bruny Island,ACCOMM,AU0972815,Adventure Bay,7150,Kingborough Council,N/A,DST,Adventure Bay,,Yes - featured,,,
The Hide On Cloudy,ACCOMM,AU0977281,Lunawanna,7150,Kingborough Council,N/A,DST,Lunawanna,,Yes - featured,,,
Glendale Estate Vineyard,RESTAURANT,AU0983826,Sidmouth,7270,West Tamar Council,N/A,VNT,Sidmouth,Yes - featured,,,,
Freycinet Massage,ATTRACTION,AU0985500,Bicheno,7215,Glamorgan Spring Bay Council,N/A,ECTT,Bicheno,,,Yes - featured,,
Longford Velodrome,GENSERVICE,AU0985787,Longford,7301,Northern Midlands Council,N/A,VNT,Longford,Yes - featured,,,,
Salty Picnic Co,RESTAURANT,AU0987152,Binalong Bay,7216,Break O'Day Council,N/A,ECTT,Binalong Bay,,,Yes - featured,,
Theatre Royal  Hobart,ATTRACTION,AU0987716,Hobart,7000,Hobart City Council,N/A,DST,Hobart,,Yes - featured,,,
Driftwood Restaurant,RESTAURANT,AU0990390,Lauderdale,7021,Clarence City Council,N/A,DST,Lauderdale,,Yes - featured,,,
Wellington Terrace,ACCOMM,AU0992079,Glebe,7000,Hobart City Council,N/A,DST,Glebe,,Yes - featured,,,
Bundaleera Vineyard,RESTAURANT,AU0994219,Relbia,7258,Northern Midlands Council,N/A,VNT,Relbia,Yes - featured,,,,
Affinity Hire Hobart,HIRE,AU0994535,Sandy Bay,7005,Hobart City Council,N/A,DST,Sandy Bay,,Yes - featured,,,
The Rox Hobart,ACCOMM,AU1000397,Hobart,7000,Hobart City Council,N/A,DST,Hobart,,Yes - featured,,,
Valencia Rhoda 26,ACCOMM,AU1004823,Cradoc,7109,Huon Valley Council,N/A,DST,Cradoc,,Yes - featured,,,
The Wilderness Sauna on the Tasman Peninsula,ATTRACTION,AU1007626,Murdunna,7178,Tasman Council,N/A,DST,Murdunna,,Yes - featured,,,
"Shundahai, Central Highlands Tasmania",ACCOMM,AU1010572,Ellendale,7140,Central Highlands Council,N/A,DST,Ellendale,,Yes - featured,,,
Rivers Edge,ACCOMM,AU1010596,Gunns Plains,7315,Central Coast Council,N/A,WxNW,Gunns Plains,,,,,Yes - featured
Semaphore Farm,ACCOMM,AU1010626,Port Arthur,7182,Tasman Council,N/A,DST,Port Arthur,,Yes - featured,,,
White Hill Nature Camp,ACCOMM,AU1010673,Forcett,7173,Sorell Council,N/A,DST,Forcett,,Yes - featured,,,
Ravens Nest Tasmania,ACCOMM,AU1010675,Ouse,7140,Central Highlands Council,N/A,DST,Ouse,,Yes - featured,,,
Ryelands Farm & Vineyard,ACCOMM,AU1010691,Macquarie Plains,7140,Derwent Valley Council,N/A,DST,Macquarie Plains,,Yes - featured,,,
The Y at Badger Head,ACCOMM,AU1010734,Badger Head,7270,West Tamar Council,N/A,VNT,Badger Head,Yes - featured,,,,
Dale Brook Organics,ACCOMM,AU1010758,Western Creek,7304,Meander Valley Council,N/A,VNT,Western Creek,Yes - featured,,,,
Bomana - Bushland Delight with Breathtaking Views,ACCOMM,AU1010780,Carlton River,7173,Sorell Council,N/A,DST,Carlton River,,Yes - featured,,,
Marleen Herbs of Tasmania,ACCOMM,AU1010801,Barrington,7306,Kentish Council,N/A,WxNW,Barrington,,,,,Yes - featured
Arrownest North West Acres,ACCOMM,AU1010865,Preston,7315,Central Coast Council,N/A,WxNW,Preston,,,,,Yes - featured
The Farm Cradle Country,ACCOMM,AU1010909,Staverton,7306,Kentish Council,N/A,WxNW,Staverton,,,,,Yes - featured
Craigbourne Estate,ACCOMM,AU1010911,Colebrook,7027,Southern Midlands Council,N/A,DST,Colebrook,,Yes - featured,,,
LAT 41 SOUTH,ACCOMM,AU1010973,Upper Esk,7214,Break O'Day Council,N/A,ECTT,Upper Esk,,,Yes - featured,,
"Mountview, Mowbanna",ACCOMM,AU1010984,Mawbanna,7321,Circular Head Council,N/A,WxNW,Mawbanna,,,,,Yes - featured
Valleydew Accomodation.,ACCOMM,AU1011132,Ranelagh,7109,Huon Valley Council,N/A,DST,Ranelagh,,Yes - featured,,,
Harveydale Campsite,ACCOMM,AU1011156,Westbury,7303,Meander Valley Council,N/A,VNT,Westbury,Yes - featured,,,,
"Surf Beach Solitude, King Island",ACCOMM,AU1011173,Egg Lagoon,7256,King Island Council,N/A,WxNW,Egg Lagoon,,,,,Yes - featured
Bruny Island Bush Camp,ACCOMM,AU1011293,Lunawanna,7150,Kingborough Council,N/A,DST,Lunawanna,,Yes - featured,,,
Blythe River Campground,ACCOMM,AU1011302,Camena,7316,Central Coast Council,N/A,WxNW,Camena,,,,,Yes - featured
Ladychapel Camp Grounds,ACCOMM,AU1011338,Adventure Bay,7150,Kingborough Council,N/A,DST,Adventure Bay,,Yes - featured,,,
Sherwood River Camp,ACCOMM,AU1011506,Latrobe,7307,Latrobe Council,N/A,WxNW,Latrobe,,,,,Yes - featured
The Bunkhouse at Camp Infinite,ACCOMM,AU1011535,Ouse,7140,Central Highlands Council,N/A,DST,Ouse,,Yes - featured,,,
Coal Valley View Hobby Farm,ACCOMM,AU1011567,Richmond,7025,Clarence City Council,N/A,DST,Richmond,,Yes - featured,,,
The Ranch - Red Robins Nest,ACCOMM,AU1011588,Geilston Bay,7015,Clarence City Council,N/A,DST,Geilston Bay,,Yes - featured,,,
Forest and the Tassie Tiers,ACCOMM,AU1011646,Mole Creek,7304,Meander Valley Council,N/A,VNT,Mole Creek,Yes - featured,,,,
Wombat Valley,ACCOMM,AU1011753,Kellevie,7176,Sorell Council,N/A,DST,Kellevie,,Yes - featured,,,
Greenpoint,ACCOMM,AU1011819,Marrawah,7330,Circular Head Council,N/A,WxNW,Marrawah,,,,,Yes - featured
South Preston Dam Camp,ACCOMM,AU1011853,South Preston,7315,Central Coast Council,N/A,WxNW,South Preston,,,,,Yes - featured
The Rocky End,ACCOMM,AU1011912,Breona,7304,Central Highlands Council,N/A,DST,Breona,,Yes - featured,,,
Clifton Beach Coastal Escape,ACCOMM,AU1011948,Clifton Beach,7020,Clarence City Council,N/A,DST,Clifton Beach,,Yes - featured,,,
World Heritage Forest Monastery campsite,ACCOMM,AU1011970,Golden Valley,7304,Meander Valley Council,N/A,VNT,Golden Valley,Yes - featured,,,,
South Bruny Paradise,ACCOMM,AU1011990,South Bruny,7150,Kingborough Council,N/A,DST,South Bruny,,Yes - featured,,,
"River Huon Views, 3258 Huon Highway",ACCOMM,AU1011992,Franklin,7113,Huon Valley Council,N/A,DST,Franklin,,Yes - featured,,,
Quoll Hideaway - Bruny Island Bush & Beach camping,ACCOMM,AU1012001,Apollo Bay,7150,Kingborough Council,N/A,DST,Apollo Bay,,Yes - featured,,,
Dodges Ferry Sea Views,ACCOMM,AU1012010,Dodges Ferry,7173,Sorell Council,N/A,DST,Dodges Ferry,,Yes - featured,,,
Cluny Lagoon,ACCOMM,AU1012009,Ouse,7140,Central Highlands Council,N/A,DST,Ouse,,Yes - featured,,,
Cradle Mountain Fishery and Camping,ACCOMM,AU1012044,Moina,7306,Kentish Council,N/A,WxNW,Moina,,,,,Yes - featured
"Sheepwash Rd Camp, South Bruny",ACCOMM,AU1012052,Alonnah,7150,Kingborough Council,N/A,DST,Alonnah,,Yes - featured,,,
CC Campsites off the Arthur Hwy,ACCOMM,AU1012092,Taranna,7180,Tasman Council,N/A,DST,Taranna,,Yes - featured,,,
Prossers Ridge Richmond,ACCOMM,AU1012142,Richmond,7025,Clarence City Council,N/A,DST,Richmond,,Yes - featured,,,
Appletreewick Country Farm,ACCOMM,AU1012180,Kettering,7155,Kingborough Council,N/A,DST,Kettering,,Yes - featured,,,
Pockets Farm,ACCOMM,AU1012201,Beaconsfield,7270,West Tamar Council,N/A,VNT,Beaconsfield,Yes - featured,,,,
3 Sheep Farm,ACCOMM,AU1012263,Carlton River,7173,Sorell Council,N/A,DST,Carlton River,,Yes - featured,,,
Fickle Break Farm,ACCOMM,AU1012296,Sandford,7020,Clarence City Council,N/A,DST,Sandford,,Yes - featured,,,
Japa Hill Farm and Animal Sanctuary,ACCOMM,AU1012338,Preolenna,7325,Waratah-Wynyard Council,N/A,WxNW,Preolenna,,,,,Yes - featured
"Three Creeks Farm, Bruny Island",ACCOMM,AU1012362,South Bruny,7150,Kingborough Council,N/A,DST,South Bruny,,Yes - featured,,,
Penpol Park,ACCOMM,AU1012442,Nabowla,7260,Dorset Council,N/A,VNT,Nabowla,Yes - featured,,,,
Black Hills Retreat,ACCOMM,AU1012453,Black Hills,7140,Derwent Valley Council,Southern Midlands Council,DST,Black Hills,,Yes - featured,,,
Sandford Views Camping,ACCOMM,AU1012473,Sandford,7020,Clarence City Council,N/A,DST,Sandford,,Yes - featured,,,
Driftaway Camp,ACCOMM,AU1012483,Police Point,7116,Huon Valley Council,N/A,DST,Police Point,,Yes - featured,,,
Nala Pakana,ACCOMM,AU1012488,Garden Island Creek,7112,Huon Valley Council,Kingborough Council,DST,Garden Island Creek,,Yes - featured,,,
Stephens Tasmanian Honey,RESTAURANT,AU1024799,Mole Creek,7304,Meander Valley Council,N/A,VNT,Mole Creek,Yes - featured,,,,
Last Paradise,RESTAURANT,AU1034800,Devonport,7310,Devonport City Council,N/A,WxNW,Devonport,,,,,Yes - featured
Island Car Hire King Island,HIRE,AU1037234,Loorana,7256,King Island Council,N/A,WxNW,Loorana,,,,,Yes - featured
Queen Victoria Art Gallery at Royal Park,ATTRACTION,AU1038120,Launceston,7250,Launceston City Council,N/A,VNT,Launceston,Yes - featured,,,,
State of Flux Gallery and Workshop,ATTRACTION,AU1041054,Battery Point,7004,Hobart City Council,N/A,DST,Battery Point,,Yes - featured,,,
Suzie Luckâ€™s Canteen & Cocktail Bar,RESTAURANT,AU1041254,Battery Point,7004,Hobart City Council,N/A,DST,Battery Point,,Yes - featured,,,
Emita Beach House,ACCOMM,AU1042497,Emita,7255,Flinders Council,N/A,VNT,Emita,Yes - featured,,,,
Deep South Brewing Co.,RESTAURANT,AU1048801,North Hobart,7000,Hobart City Council,N/A,DST,North Hobart,,Yes - featured,,,
Orani Restaurant,RESTAURANT,AU1052941,Sorell,7172,Sorell Council,N/A,DST,Sorell,,Yes - featured,,,
Overland Brewers and Distillers,RESTAURANT,AU1064215,North Hobart,7000,Hobart City Council,N/A,DST,North Hobart,,Yes - featured,,,
Sunways Orford,ACCOMM,AU1065751,Orford,7190,Glamorgan Spring Bay Council,N/A,ECTT,Orford,,,Yes - featured,,
Oatlands Key,ATTRACTION,AU1065859,Oatlands,7120,Southern Midlands Council,N/A,DST,Oatlands,,Yes - featured,,,
Waverley Distillery,RESTAURANT,AU1066503,Orford,7190,Glamorgan Spring Bay Council,N/A,ECTT,Orford,,,Yes - featured,,
Tall Trees,ACCOMM,AU1066566,Hastings,7109,Huon Valley Council,N/A,DST,Hastings,,Yes - featured,,,
Cake and Honey Swansea,RESTAURANT,AU1067034,Swansea,7190,Glamorgan Spring Bay Council,N/A,ECTT,Swansea,,,Yes - featured,,
Fern Tree Tavern,RESTAURANT,AU1067742,Fern Tree,7054,Hobart City Council,N/A,DST,Fern Tree,,Yes - featured,,,
"An Artistic Affair, Tasmanian Artist Gallery",ATTRACTION,AU1069381,Oatlands,7120,Southern Midlands Council,N/A,DST,Oatlands,,Yes - featured,,,
Mt Field Retreat,ACCOMM,AU1069547,National Park,7140,Central Highlands Council,Derwent Valley Council,DST,National Park,,Yes - featured,,,
Lavada Medi Spa Hobart,ATTRACTION,AU1071522,Hobart,7000,Hobart City Council,N/A,DST,Hobart,,Yes - featured,,,
Strahan Views,ACCOMM,AU1071524,Strahan,7468,West Coast Council,N/A,WxNW,Strahan,,,,Yes - featured,
Send It MTB Shuttles,TRANSPORT,AU1071858,George Town,7253,George Town Council,N/A,VNT,George Town,Yes - featured,,,,
Boatyard Launceston,RESTAURANT,AU1073589,Launceston,7250,Launceston City Council,N/A,VNT,Launceston,Yes - featured,,,,
Bush Inn Brewhouse,RESTAURANT,AU1073857,Deloraine,7304,Meander Valley Council,N/A,VNT,Deloraine,Yes - featured,,,,
Sail Kerrawyn,TOUR,AU1078551,Franklin,7113,Huon Valley Council,N/A,DST,Franklin,,Yes - featured,,,
"The Still, LARK Whisky Bar",RESTAURANT,AU1080844,Hobart,7000,Hobart City Council,N/A,DST,Hobart,,Yes - featured,,,
Vintage on High,RESTAURANT,AU1082995,Oatlands,7120,Southern Midlands Council,N/A,DST,Oatlands,,Yes - featured,,,
The Eco Cabin Tasmania,ACCOMM,AU1083098,Deloraine,7304,Meander Valley Council,N/A,VNT,Deloraine,Yes - featured,,,,
The Story Bar at MACq 01 Hotel,RESTAURANT,AU1083100,Hobart,7000,Hobart City Council,N/A,DST,Hobart,,Yes - featured,,,
The Jardin Room & Provincial Interiors,ATTRACTION,AU1083109,Oatlands,7120,Southern Midlands Council,N/A,DST,Oatlands,,Yes - featured,,,
the artHouse New Norfolk,RESTAURANT,AU1083907,New Norfolk,7140,Derwent Valley Council,N/A,DST,New Norfolk,,Yes - featured,,,
Bar Stelo,RESTAURANT,AU1084514,Launceston,7250,Launceston City Council,N/A,VNT,Launceston,Yes - featured,,,,
Shandys Bistro,RESTAURANT,AU1086445,Oatlands,7120,Southern Midlands Council,N/A,DST,Oatlands,,Yes - featured,,,
Theatre Royal Tours,TOUR,AU1090148,Hobart,7000,Hobart City Council,N/A,DST,Hobart,,Yes - featured,,,
"LARK Distillery, Pontville",RESTAURANT,AU1093105,Pontville,7030,Brighton Council,N/A,DST,Pontville,,Yes - featured,,,
Mounera,ACCOMM,AU1095224,Whitemark,7255,Flinders Council,N/A,VNT,Whitemark,Yes - featured,,,,
Wellington Park,ATTRACTION,AU1095553,Wellington Park,7054,Hobart City Council,N/A,DST,Wellington Park,,Yes - featured,,,
Nova Holistic Spa,ATTRACTION,AU1095956,Hobart,7000,Hobart City Council,N/A,DST,Hobart,,Yes - featured,,,
Bicheno Beach House,ACCOMM,AU1096496,Bicheno,7215,Glamorgan Spring Bay Council,N/A,ECTT,Bicheno,,,Yes - featured,,
paranaple arts centre,ATTRACTION,AU1098576,Devonport,7310,Devonport City Council,N/A,WxNW,Devonport,,,,,Yes - featured
Town Hall Theatre,ATTRACTION,AU1099427,Devonport,7310,Devonport City Council,N/A,WxNW,Devonport,,,,,Yes - featured
Hellyers Restaurant at Cradle Mountain,RESTAURANT,AU1102076,Cradle Mountain,7306,Kentish Council,West Coast Council,WxNW,Cradle Mountain,,,,Yes - featured,Yes - featured
Anchorage Waterfront Retreat,ACCOMM,AU1102473,Port Huon,7116,Huon Valley Council,N/A,DST,Port Huon,,Yes - featured,,,
Launceston Lovely Vegan Homestay,ACCOMM,AU1103062,Newstead,7250,Launceston City Council,N/A,VNT,Newstead,Yes - featured,,,,
Tassie Makers Market,ATTRACTION,AU1103606,Hobart,7000,Hobart City Council,N/A,DST,Hobart,,Yes - featured,,,
Rockwall Bar and Grill,RESTAURANT,AU1106100,Battery Point,7004,Hobart City Council,N/A,DST,Battery Point,,Yes - featured,,,
Novo Luxury Apartment,ACCOMM,AU1107999,Penguin,7316,Central Coast Council,N/A,WxNW,Penguin,,,,,Yes - featured
George Town EV charging station,GENSERVICE,AU1108125,George Town,7253,George Town Council,N/A,VNT,George Town,Yes - featured,,,,
Glow Tour,ATTRACTION,AU1108408,Hobart,7000,Hobart City Council,N/A,DST,Hobart,,Yes - featured,,,
Archers Knob - Great Short Walk,ATTRACTION,AU1109681,Bakers Beach,7307,Latrobe Council,N/A,WxNW,Bakers Beach,,,,,Yes - featured
Tassie Toners & Office Supplies,GENSERVICE,AU1110713,Geeveston,7116,Huon Valley Council,N/A,DST,Geeveston,,Yes - featured,,,
Sea. Salt. Sun Beach House,ACCOMM,AU1111579,Bicheno,7215,Glamorgan Spring Bay Council,N/A,ECTT,Bicheno,,,Yes - featured,,
Bivouac Bay - Great Short Walk,ATTRACTION,AU1113276,Fortescue Bay,7182,Tasman Council,N/A,DST,Fortescue Bay,,Yes - featured,,,
Cape Hauy - Great Short Walk,ATTRACTION,AU1113443,Fortescue,7182,Tasman Council,N/A,DST,Fortescue,,Yes - featured,,,
Cape Raoul - Great Short Walk,ATTRACTION,AU1113517,Cape Raoul,7184,Tasman Council,N/A,DST,Cape Raoul,,Yes - featured,,,
Crater Lake - Great Short Walk,ATTRACTION,AU1113528,Cradle Mountain,7306,Kentish Council,West Coast Council,WxNW,Cradle Mountain,,,,Yes - featured,Yes - featured
Enchanted Walk - Great Short Walk,ATTRACTION,AU1113546,Cradle Mountain,7306,Kentish Council,West Coast Council,WxNW,Cradle Mountain,,,,Yes - featured,Yes - featured
Labillardiere Peninsular - Great Short Walk,ATTRACTION,AU1113574,South Bruny,7150,Kingborough Council,N/A,DST,South Bruny,,Yes - featured,,,
Glamping 148Â° Tasmania,ACCOMM,AU1114252,St Helens,7216,Break O'Day Council,N/A,ECTT,St Helens,,,Yes - featured,,
Goodlandâ€™s Stable,ACCOMM,AU1114260,Longford,7301,Northern Midlands Council,N/A,VNT,Longford,Yes - featured,,,,
Crooked Chimney Cottage,ACCOMM,AU1114664,Avoca,7213,Northern Midlands Council,N/A,VNT,Avoca,Yes - featured,,,,
Echo Point - Great Short Walk,ATTRACTION,AU1114919,Lake St Clair,7140,Central Highlands Council,N/A,DST,Lake St Clair,,Yes - featured,,,
Mount Rufus - Great Short Walk,ATTRACTION,AU1114922,Lake St Clair,7140,Central Highlands Council,N/A,DST,Lake St Clair,,Yes - featured,,,
Nelson Falls - Great Short Walk,ATTRACTION,AU1114967,Queenstown,7467,West Coast Council,N/A,WxNW,Queenstown,,,,Yes - featured,
Pandani Grove - Great Short Walk,ATTRACTION,AU1114991,Mount Field,7140,Derwent Valley Council,Central Highlands Council,DST,Mount Field,,Yes - featured,,,
Shadow Lake - Great Short Walk,ATTRACTION,AU1114992,Lake St Clair,7140,Central Highlands Council,N/A,DST,Lake St Clair,,Yes - featured,,,
South Cape Bay - Great Short Walk,ATTRACTION,AU1115007,Recherche,7109,Huon Valley Council,N/A,DST,Recherche,,Yes - featured,,,
Tall Trees,ATTRACTION,AU1115050,Mount Field,7140,Derwent Valley Council,Central Highlands Council,DST,Mount Field,,Yes - featured,,,
Cradle Summit - Great Short Walk,ATTRACTION,AU1115070,Cradle Mountain,7306,Kentish Council,West Coast Council,WxNW,Cradle Mountain,,,,Yes - featured,Yes - featured
Fluted Cape - Great Short Walk,ATTRACTION,AU1115288,South Bruny,7150,Kingborough Council,N/A,DST,South Bruny,,Yes - featured,,,
Hartz Peak - Great Short Walk,ATTRACTION,AU1115429,Geeveston,7116,Huon Valley Council,N/A,DST,Geeveston,,Yes - featured,,,
Casa Bicheno,ACCOMM,AU1115759,Bicheno,7215,Glamorgan Spring Bay Council,N/A,ECTT,Bicheno,,,Yes - featured,,
Huon Pine Walk - Great Short Walk,ATTRACTION,AU1115794,Corinna,7321,Circular Head Council,N/A,WxNW,Corinna,,,,,Yes - featured
Bayview Lodge,ACCOMM,AU1115838,St Helens,7216,Break O'Day Council,N/A,ECTT,St Helens,,,Yes - featured,,
The Bowmont,ACCOMM,AU1115860,Franklin,7113,Huon Valley Council,N/A,DST,Franklin,,Yes - featured,,,
The Pearl Tasmania,ACCOMM,AU1116078,White Beach,7184,Tasman Council,N/A,DST,White Beach,,Yes - featured,,,
"The Nest, Flinders Island",ACCOMM,AU1116495,Palana,7255,Flinders Council,N/A,VNT,Palana,Yes - featured,,,,
The Nut Walk - Great Short Walk,ATTRACTION,AU1116519,Stanley,7331,Circular Head Council,N/A,WxNW,Stanley,,,,,Yes - featured
Three Falls Circuit - Great Short Walk,ATTRACTION,AU1116520,Mount Field,7140,Derwent Valley Council,Central Highlands Council,DST,Mount Field,,Yes - featured,,,
Waterfall Bay - Great Short Walk,ATTRACTION,AU1116524,Eaglehawk Neck,7179,Tasman Council,N/A,DST,Eaglehawk Neck,,Yes - featured,,,
Red Feather Inn,ACCOMM,AU1116808,Hadspen,7290,Meander Valley Council,N/A,VNT,Hadspen,Yes - featured,,,,
Bay Fires Holiday Home,ACCOMM,AU1116838,St Helens,7216,Break O'Day Council,N/A,ECTT,St Helens,,,Yes - featured,,
Cottage on Groom,ACCOMM,AU1116877,St Marys,7215,Break O'Day Council,N/A,ECTT,St Marys,,,Yes - featured,,
Moonbird Beach Shack,ACCOMM,AU1116948,Beaumaris,7215,Break O'Day Council,N/A,ECTT,Beaumaris,,,Yes - featured,,
Elsewhere Sauna,ATTRACTION,AU1117736,Drip Beach,7112,Huon Valley Council,N/A,DST,Lymington,,Yes - featured,,,
Midnight Rambler,RESTAURANT,AU1118561,Launceston,7250,Launceston City Council,N/A,VNT,Launceston,Yes - featured,,,,
Tamar Island - Great Short Walk,ATTRACTION,AU1118562,Riverside,7250,West Tamar Council,Meander Valley Council,VNT,Riverside,Yes - featured,,,,
Kelly Basin - Great Short Walk,ATTRACTION,AU1118563,Queenstown,7467,West Coast Council,N/A,WxNW,Queenstown,,,,Yes - featured,
Lake Esperance - Great Short Walk,ATTRACTION,AU1118564,Geeveston,7116,Huon Valley Council,N/A,DST,Geeveston,,Yes - featured,,,
Lake St Clair - Great Short Walk,ATTRACTION,AU1118609,Lake St Clair,7140,Central Highlands Council,N/A,DST,Lake St Clair,,Yes - featured,,,
Ben Lomond Summit Link Track,ATTRACTION,AU1119129,Ben Lomond,7212,Northern Midlands Council,N/A,VNT,Ben Lomond,Yes - featured,,,,
Jetson Farm,ACCOMM,AU1121211,Jetsonville,7260,Dorset Council,N/A,VNT,Jetsonville,Yes - featured,,,,
Bird Hide Walk,ATTRACTION,AU1122423,Bakers Beach,7307,Latrobe Council,N/A,WxNW,Bakers Beach,,,,,Yes - featured
Carr Villa to Alpine Village track,ATTRACTION,AU1122454,Ben Lomond,7212,Northern Midlands Council,N/A,VNT,Ben Lomond,Yes - featured,,,,
Creepy Crawly Nature Trail,ATTRACTION,AU1122476,Strathgordon,7139,Derwent Valley Council,N/A,DST,Strathgordon,,Yes - featured,,,
Crescent Bay,ATTRACTION,AU1122507,Port Arthur,7182,Tasman Council,N/A,DST,Port Arthur,,Yes - featured,,,
Darlington Township Walk,ATTRACTION,AU1122524,Triabunna,7190,Glamorgan Spring Bay Council,N/A,ECTT,Triabunna,,,Yes - featured,,
Frankland Beaches Walk,ATTRACTION,AU1122532,Lake St Clair,7140,Central Highlands Council,N/A,DST,Lake St Clair,,Yes - featured,,,
Freycinet Walk and Cycle Track,ATTRACTION,AU1122554,Freycinet,7215,Glamorgan Spring Bay Council,N/A,ECTT,Freycinet,,,Yes - featured,,
Grass Point,ATTRACTION,AU1122589,South Bruny,7150,Kingborough Council,N/A,DST,South Bruny,,Yes - featured,,,
Hills Walk,ATTRACTION,AU1122627,Triabunna,7190,Glamorgan Spring Bay Council,N/A,ECTT,Triabunna,,,Yes - featured,,
Lake Osborne,ATTRACTION,AU1122643,Geeveston,7116,Huon Valley Council,N/A,DST,Geeveston,,Yes - featured,,,
Maingon Blowhole,ATTRACTION,AU1122692,Port Arthur,7182,Tasman Council,N/A,DST,Port Arthur,,Yes - featured,,,
Mount Brown,ATTRACTION,AU1122697,Port Arthur,7182,Tasman Council,N/A,DST,Port Arthur,,Yes - featured,,,
Remarkable Cave,ATTRACTION,AU1122711,Port Arthur,7182,Tasman Council,N/A,DST,Port Arthur,,Yes - featured,,,
Mount Maria Walk,ATTRACTION,AU1122727,Rheban,7190,Glamorgan Spring Bay Council,N/A,ECTT,Rheban,,,Yes - featured,,
The Reservoir Circuit,ATTRACTION,AU1122802,Triabunna,7190,Glamorgan Spring Bay Council,N/A,ECTT,Triabunna,,,Yes - featured,,
Waratah Lookout,ATTRACTION,AU1123140,Geeveston,7116,Huon Valley Council,N/A,DST,Geeveston,,Yes - featured,,,
Waldheim Chalet,ATTRACTION,AU1123145,Cradle Mountain,7306,Kentish Council,West Coast Council,WxNW,Cradle Mountain,,,,Yes - featured,Yes - featured
Tarn Shelf,ATTRACTION,AU1123156,Mount Field,7140,Derwent Valley Council,Central Highlands Council,DST,Mount Field,,Yes - featured,,,
Coastal Traverse,ATTRACTION,AU1123160,Bakers Beach,7307,Latrobe Council,N/A,WxNW,Bakers Beach,,,,,Yes - featured
Canoe Bay,ATTRACTION,AU1123162,Fortescue,7182,Tasman Council,N/A,DST,Fortescue,,Yes - featured,,,
Hartz Pass,ATTRACTION,AU1123164,Raminea,7109,Huon Valley Council,N/A,DST,Raminea,,Yes - featured,,,
Douglas-Apsley Loop Track,ATTRACTION,AU1123167,Douglas-Apsley,7215,Break O'Day Council,N/A,ECTT,Douglas-Apsley,,,Yes - featured,,
Mount Dial Walk,ATTRACTION,AU1123180,Penguin,7316,Central Coast Council,N/A,WxNW,Penguin,,,,,Yes - featured
Mount Field East via Lake Nicholls,ATTRACTION,AU1123206,Mount Field,7140,Derwent Valley Council,Central Highlands Council,DST,Mount Field,,Yes - featured,,,
Mount Montgomery,ATTRACTION,AU1123209,Penguin,7316,Central Coast Council,N/A,WxNW,Penguin,,,,,Yes - featured
Rainforest Walk,ATTRACTION,AU1123289,Cradle Mountain,7306,Kentish Council,West Coast Council,WxNW,Cradle Mountain,,,,Yes - featured,Yes - featured
Springlawn Nature Walk,ATTRACTION,AU1123342,Bakers Beach,7307,Latrobe Council,N/A,WxNW,Bakers Beach,,,,,Yes - featured
Tasman Coastal Trail,ATTRACTION,AU1123354,Eaglehawk Neck,7179,Tasman Council,N/A,DST,Eaglehawk Neck,,Yes - featured,,,
Weindorfers Forest Walk,ATTRACTION,AU1123364,Cradle Mountain,7306,Kentish Council,West Coast Council,WxNW,Cradle Mountain,,,,Yes - featured,Yes - featured
Cosy Corner South Campground,ACCOMM,AU1123446,Binalong Bay,7216,Break O'Day Council,N/A,ECTT,Binalong Bay,,,Yes - featured,,
Craggy Peaks Wilderness Cabins,ACCOMM,AU1127897,Rossarden,7213,Northern Midlands Council,N/A,VNT,Rossarden,Yes - featured,,,,
Numie - Glamping Freycinet Peninsula,ACCOMM,AU1127972,Coles Bay,7215,Glamorgan Spring Bay Council,N/A,ECTT,Coles Bay,,,Yes - featured,,
Cosy Corner North Campground,ACCOMM,AU1130301,Binalong Bay,7216,Break O'Day Council,N/A,ECTT,Binalong Bay,,,Yes - featured,,
Grants Lagoon Campground,ACCOMM,AU1130369,Binalong Bay,7216,Break O'Day Council,N/A,ECTT,Binalong Bay,,,Yes - featured,,
Jeanneret Beach Campground,ACCOMM,AU1130371,Binalong Bay,7216,Break O'Day Council,N/A,ECTT,Binalong Bay,,,Yes - featured,,
Heritage Highway Tourism Region - Tasmania's Midlands,DESTINFO,AU1130373,Longford,7301,Northern Midlands Council,N/A,VNT,Longford,Yes - featured,,,,
Policemans Point Campground,ACCOMM,AU1130385,Ansons Bay,7264,Break O'Day Council,N/A,ECTT,Ansons Bay,,,Yes - featured,,
Swimcart Beach Campground,ACCOMM,AU1130406,Binalong Bay,7216,Break O'Day Council,N/A,ECTT,Binalong Bay,,,Yes - featured,,
Seatons Cove Campground,ACCOMM,AU1130453,Binalong Bay,7216,Break O'Day Council,N/A,ECTT,Binalong Bay,,,Yes - featured,,
Dora Point Campground,ACCOMM,AU1130504,Binalong Bay,7216,Break O'Day Council,N/A,ECTT,Binalong Bay,,,Yes - featured,,
Flinders Island Air Charters,TRANSPORT,AU1130540,Lady Barron,7255,Flinders Council,N/A,VNT,Lady Barron,Yes - featured,,,,
Deep Creek Campground,ACCOMM,AU1131830,Eddystone,7264,Break O'Day Council,N/A,ECTT,Eddystone,,,Yes - featured,,
Lime Bay Campground,ACCOMM,AU1132607,Sloping Main,7186,Tasman Council,N/A,DST,Sloping Main,,Yes - featured,,,
Jetty Beach Campground,ACCOMM,AU1133796,South Bruny,7150,Kingborough Council,N/A,DST,South Bruny,,Yes - featured,,,
Cloudy Corner Campground,ACCOMM,AU1133799,South Bruny,7150,Kingborough Council,N/A,DST,South Bruny,,Yes - featured,,,
The Pines Campground,ACCOMM,AU1133802,South Bruny,7150,Kingborough Council,N/A,DST,South Bruny,,Yes - featured,,,
The Neck Campground,ACCOMM,AU1133803,South Bruny,7150,Kingborough Council,N/A,DST,South Bruny,,Yes - featured,,,
Stumpy's Bay Campgrounds,ACCOMM,AU1133807,Mount William,7264,Break O'Day Council,N/A,ECTT,Mount William,,,Yes - featured,,
Bakers Point Campground,ACCOMM,AU1133911,Bakers Beach,7307,Latrobe Council,N/A,WxNW,Bakers Beach,,,,,Yes - featured
â€‹â€‹â€‹Springlawn Campground,ACCOMM,AU1133955,Bakers Beach,7307,Latrobe Council,N/A,WxNW,Bakers Beach,,,,,Yes - featured
Ben Lomond Campground,ACCOMM,AU1133993,Ben Lomond,7212,Northern Midlands Council,N/A,VNT,Ben Lomond,Yes - featured,,,,
Trousers Point Campground,ACCOMM,AU1134049,Loccota,7255,Flinders Council,N/A,VNT,Loccota,Yes - featured,,,,
Manuka Campground,ACCOMM,AU1134062,Arthur River,7330,Circular Head Council,N/A,WxNW,Arthur River,,,,,Yes - featured
Peppermint Campground,ACCOMM,AU1134067,Arthur River,7330,Circular Head Council,N/A,WxNW,Arthur River,,,,,Yes - featured
Darlington Campground,ACCOMM,AU1134091,Triabunna,7190,Glamorgan Spring Bay Council,N/A,ECTT,Triabunna,,,Yes - featured,,
Fortescue Bay Campgrounds,ACCOMM,AU1134138,Fortescue,7182,Tasman Council,N/A,DST,Fortescue,,Yes - featured,,,
Teds Beach Campground,ACCOMM,AU1134166,Strathgordon,7139,Derwent Valley Council,N/A,DST,Strathgordon,,Yes - featured,,,
Southport Lagoon Campground,ACCOMM,AU1134235,Southport Lagoon,7109,Huon Valley Council,N/A,DST,Southport Lagoon,,Yes - featured,,,
Boltons Green Campground - Southwest National Park,ACCOMM,AU1134247,Recherche,7109,Huon Valley Council,N/A,DST,Recherche,,Yes - featured,,,
Rescherche Bay/Cockle Creek Campgrounds,ACCOMM,AU1134285,Recherche,7109,Huon Valley Council,N/A,DST,Recherche,,Yes - featured,,,
Bar Wa Izakaya,RESTAURANT,AU1135211,Hobart,7000,Hobart City Council,N/A,DST,Hobart,,Yes - featured,,,
Bombay on the beach,RESTAURANT,AU1135406,Blackmans Bay,7052,Kingborough Council,N/A,DST,Blackmans Bay,,Yes - featured,,,
Mt Field Campground,ACCOMM,AU1135471,Mount Field,7140,Derwent Valley Council,Central Highlands Council,DST,Mount Field,,Yes - featured,,,
Black River Campground,ACCOMM,AU1135473,Black River,7321,Circular Head Council,N/A,WxNW,Black River,,,,,Yes - featured
Waterhouse Conservation Area Campgrounds,ACCOMM,AU1135486,Waterhouse,7262,Dorset Council,N/A,VNT,Waterhouse,Yes - featured,,,,
Bramley Hollow,ACCOMM,AU1135806,Glaziers Bay,7109,Huon Valley Council,N/A,DST,Glaziers Bay,,Yes - featured,,,
Tas Laser Skirmish,ATTRACTION,AU1137865,Kingston,7050,Kingborough Council,N/A,DST,Kingston,,Yes - featured,,,
FIND Contemporary Jewellery Collective,ATTRACTION,AU1138337,Battery Point,7004,Hobart City Council,N/A,DST,Battery Point,,Yes - featured,,,
Exchange Beaconsfield,ACCOMM,AU1139128,Beaconsfield,7270,West Tamar Council,N/A,VNT,Beaconsfield,Yes - featured,,,,
The Whimsy,ACCOMM,AU1141769,Weldborough,7264,Break O'Day Council,N/A,ECTT,Weldborough,,,Yes - featured,,
Stock Market Restaurant,RESTAURANT,AU1141895,Hobart,7000,Hobart City Council,N/A,DST,Hobart,,Yes - featured,,,
Lost Freight Cafe,RESTAURANT,AU1142825,Wellington Park,7054,Hobart City Council,N/A,DST,Wellington Park,,Yes - featured,,,
Juice Bar 55,RESTAURANT,AU1143607,Launceston,7250,Launceston City Council,N/A,VNT,Launceston,Yes - featured,,,,
Gifts from Gaia,ATTRACTION,AU1143800,Hobart,7000,Hobart City Council,N/A,DST,Hobart,,Yes - featured,,,
The Post Office,ACCOMM,AU1143939,Waratah,7321,Waratah-Wynyard Council,N/A,WxNW,Waratah,,,,,Yes - featured
Bon Thai Restaurant,RESTAURANT,AU1144061,Devonport,7310,Devonport City Council,N/A,WxNW,Devonport,,,,,Yes - featured
Gin(bar),RESTAURANT,AU1144887,Hobart,7000,Hobart City Council,N/A,DST,Hobart,,Yes - featured,,,
7K Distillery,RESTAURANT,AU1145780,New Norfolk,7140,Derwent Valley Council,N/A,DST,New Norfolk,,Yes - featured,,,
The Arcade Bar,RESTAURANT,AU1147085,Launceston,7250,Launceston City Council,N/A,VNT,Launceston,Yes - featured,,,,
Fishers of Freycinet,RESTAURANT,AU1149517,Apslawn,7190,Glamorgan Spring Bay Council,N/A,ECTT,Apslawn,,,Yes - featured,,
Comfort Inn Devonport,ACCOMM,AU1149604,Devonport,7310,Devonport City Council,N/A,WxNW,Devonport,,,,,Yes - featured
Sirocco south,TOUR,AU1154030,Dodges Ferry,7173,Sorell Council,N/A,DST,Dodges Ferry,,Yes - featured,,,
IXL Tasmanian Art Gallery,ATTRACTION,AU1154151,Hobart,7000,Hobart City Council,N/A,DST,Hobart,,Yes - featured,,,
Tasmanian Mountain Bike Adventures Bike Hire,HIRE,AU1154491,South Hobart,7004,Hobart City Council,N/A,DST,South Hobart,,Yes - featured,,,
Tasmanian Mountain Bike Adventures Transport,TRANSPORT,AU1154515,South Hobart,7004,Hobart City Council,N/A,DST,South Hobart,,Yes - featured,,,
Tasmania Boutique Tours,TOUR,AU1154518,Wynyard,7325,Waratah-Wynyard Council,N/A,WxNW,Wynyard,,,,,Yes - featured
Casalinga Gourmet Meats,RESTAURANT,AU1156076,Launceston,7250,Launceston City Council,N/A,VNT,Launceston,Yes - featured,,,,
Willing Wine Bar,RESTAURANT,AU1158211,North Hobart,7000,Hobart City Council,N/A,DST,North Hobart,,Yes - featured,,,
The Crays Accommodation,ACCOMM,AU1159319,Strahan,7468,West Coast Council,N/A,WxNW,Strahan,,,,Yes - featured,
Core Restaurant & Bar,RESTAURANT,AU1160420,Hobart,7000,Hobart City Council,N/A,DST,Hobart,,Yes - featured,,,
The Edge Bay of Fires,ACCOMM,AU1160617,Binalong Bay,7216,Break O'Day Council,N/A,ECTT,Binalong Bay,,,Yes - featured,,
Snug Haus,ACCOMM,AU1160834,Snug,7054,Kingborough Council,N/A,DST,Snug,,Yes - featured,,,
OSSA Tours,TOUR,AU1161194,Kingston,7050,Kingborough Council,N/A,DST,Kingston,,Yes - featured,,,
The Branch,RESTAURANT,AU1161958,Swansea,7190,Glamorgan Spring Bay Council,N/A,ECTT,Swansea,,,Yes - featured,,
Farzi,RESTAURANT,AU1162008,Battery Point,7004,Hobart City Council,N/A,DST,Battery Point,,Yes - featured,,,
Tasman Restaurant,RESTAURANT,AU1163096,Hobart,7000,Hobart City Council,N/A,DST,Hobart,,Yes - featured,,,
Shepherds Story,ACCOMM,AU1163461,Ross,7209,Northern Midlands Council,N/A,VNT,Ross,Yes - featured,,,,
Huon Pine Shop and Gallery,ATTRACTION,AU1163935,Strahan,7468,West Coast Council,N/A,WxNW,Strahan,,,,Yes - featured,
Evans IGA Supermarket,GENSERVICE,AU1164297,Queenstown,7467,West Coast Council,N/A,WxNW,Queenstown,,,,Yes - featured,
Sheepwash Bay,ACCOMM,AU1165897,Alonnah,7150,Kingborough Council,N/A,DST,Alonnah,,Yes - featured,,,
Carol's on Wheels - Zeehan,RESTAURANT,AU1165978,Zeehan,7469,West Coast Council,N/A,WxNW,Zeehan,,,,Yes - featured,
Mona Like a Rockstar,TOUR,AU1166036,Berriedale,7011,Glenorchy Council,N/A,DST,Berriedale,,Yes - featured,,,
Bark Off Biking,HIRE,AU1166045,Derby,7264,Dorset Council,N/A,VNT,Derby,Yes - featured,,,,
Easy Tiger Cinema St Helens,ATTRACTION,AU1167274,St Helens,7216,Break O'Day Council,N/A,ECTT,St Helens,,,Yes - featured,,
KimchiMe TASFresh,RESTAURANT,AU1167397,Wiltshire,7321,Circular Head Council,N/A,WxNW,Wiltshire,,,,,Yes - featured
Table Cape Sound Walk,ATTRACTION,AU1168968,Table Cape,7325,Waratah-Wynyard Council,N/A,WxNW,Table Cape,,,,,Yes - featured
Zenith Distillery,RESTAURANT,AU1169200,George Town,7253,George Town Council,N/A,VNT,George Town,Yes - featured,,,,
Just Down The Road Branxholm Cabins,ACCOMM,AU1170814,Branxholm,7261,Dorset Council,N/A,VNT,Branxholm,Yes - featured,,,,
Ampol Queenstown Petrol Station,GENSERVICE,AU1170815,Queenstown,7467,West Coast Council,N/A,WxNW,Queenstown,,,,Yes - featured,
United Petroleum Zeehan,GENSERVICE,AU1170818,Zeehan,7469,West Coast Council,N/A,WxNW,Zeehan,,,,Yes - featured,
BP Petrol Station Zeehan,GENSERVICE,AU1170820,Zeehan,7469,West Coast Council,N/A,WxNW,Zeehan,,,,Yes - featured,
Little Belmont,ACCOMM,AU1172712,Lunawanna,7150,Kingborough Council,N/A,DST,Lunawanna,,Yes - featured,,,
Pigeon Whole Bakers,RESTAURANT,AU1173327,Hobart,7000,Hobart City Council,N/A,DST,Hobart,,Yes - featured,,,
The Spotted Quoll Studio - Launceston,ATTRACTION,AU1173365,Launceston,7250,Launceston City Council,N/A,VNT,Launceston,Yes - featured,,,,
King Island Visitor Centre,GENSERVICE,AU1174102,Currie,7256,King Island Council,N/A,WxNW,Currie,,,,,Yes - featured
Boutique Brows Body & Skin,ATTRACTION,AU1176104,Hobart,7000,Hobart City Council,N/A,DST,Hobart,,Yes - featured,,,
Derby Schoolhouse Museum,ATTRACTION,AU1176107,Derby,7264,Dorset Council,N/A,VNT,Derby,Yes - featured,,,,
Port Cygnet House,ACCOMM,AU1176989,Nicholls Rivulet,7112,Huon Valley Council,N/A,DST,Nicholls Rivulet,,Yes - featured,,,
Li'l Blue shack,ACCOMM,AU1178623,Sisters Beach,7321,Waratah-Wynyard Council,N/A,WxNW,Sisters Beach,,,,,Yes - featured
Amaze Richmond,ATTRACTION,AU1180421,Richmond,7025,Clarence City Council,N/A,DST,Richmond,,Yes - featured,,,
Palawa Kipli - Tasmanian Aboriginal food,TOUR,AU1181187,Risdon,7017,Clarence City Council,N/A,DST,Risdon,,Yes - featured,,,
House of Hargrave,RESTAURANT,AU1182644,Lower Barrington,7306,Kentish Council,N/A,WxNW,Lower Barrington,,,,,Yes - featured
Bream Creek Vineyard,RESTAURANT,AU1182718,Bream Creek,7175,Sorell Council,N/A,DST,Bream Creek,,Yes - featured,,,
City Escape Travel,TOUR,AU1183116,Hobart,7001,Hobart City Council,N/A,DST,Hobart,,Yes - featured,,,
Still at Freycinet,ACCOMM,AU1183542,Coles Bay,7215,Glamorgan Spring Bay Council,N/A,ECTT,Coles Bay,,,Yes - featured,,
Society - Salamanca,RESTAURANT,AU1184454,Battery Point,7004,Hobart City Council,N/A,DST,Battery Point,,Yes - featured,,,
Esk Treehouse,ACCOMM,AU1184886,Blackstone Heights,7250,Meander Valley Council,West Tamar Council,VNT,Blackstone Heights,Yes - featured,,,,
Derwent Valley Railway,ATTRACTION,AU1185497,New Norfolk,7140,Derwent Valley Council,N/A,DST,New Norfolk,,Yes - featured,,,
Millers Sports Bar,RESTAURANT,AU1186095,Smithton,7330,Circular Head Council,N/A,WxNW,Smithton,,,,,Yes - featured
Hobart Private Choice Charters,TOUR,AU1186884,Sandy Bay,7005,Hobart City Council,N/A,DST,Sandy Bay,,Yes - featured,,,
Into The Wild Escapes - Tiny Rupetta,ACCOMM,AU1188129,Nugara,7256,King Island Council,N/A,WxNW,Nugara,,,,,Yes - featured
Seaview in the Glebe,ACCOMM,AU1188190,Glebe,7000,Hobart City Council,N/A,DST,Glebe,,Yes - featured,,,
Buttons by the Beach,ACCOMM,AU1189047,Bungaree,7256,King Island Council,N/A,WxNW,Bungaree,,,,,Yes - featured
Tasmanian Vacations,GENSERVICE,AU1189744,Battery Point,7000,Hobart City Council,N/A,DST,Battery Point,,Yes - featured,,,
The Top Place Mountain Retreat,ACCOMM,AU1189786,Western Creek,7304,Meander Valley Council,N/A,VNT,Western Creek,Yes - featured,,,,
The Truffle Farm,RESTAURANT,AU1193326,Needles,7304,Meander Valley Council,N/A,VNT,Needles,Yes - featured,,,,
Seachange Villa Bicheno,ACCOMM,AU1194053,Bicheno,7215,Glamorgan Spring Bay Council,N/A,ECTT,Bicheno,,,Yes - featured,,
Empire Art Box,ATTRACTION,AU1194164,Queenstown,7467,West Coast Council,N/A,WxNW,Queenstown,,,,Yes - featured,
Conglomerate House,ACCOMM,AU1195416,Queenstown,7467,West Coast Council,N/A,WxNW,Queenstown,,,,Yes - featured,
Derby Forest Cabins,ACCOMM,AU1197052,Derby,7264,Dorset Council,N/A,VNT,Derby,Yes - featured,,,,
Redbanks,ATTRACTION,AU1200034,Nugent,7172,Sorell Council,N/A,DST,Nugent,,Yes - featured,,,
Little Green Men Brewing Co,RESTAURANT,AU1200651,Deloraine,7304,Meander Valley Council,N/A,VNT,Deloraine,Yes - featured,,,,
Little Things Farm Shop,ATTRACTION,AU1200879,Quamby Brook,7304,Meander Valley Council,N/A,VNT,Quamby Brook,Yes - featured,,,,
Wild Tasmania Tours,TOUR,AU1200886,Hobart,7000,Hobart City Council,N/A,DST,Hobart,,Yes - featured,,,
Policemans Point Public Toilet,GENSERVICE,AU1201262,Ansons Bay,7264,Break O'Day Council,N/A,ECTT,Ansons Bay,,,Yes - featured,,
Ansons Bay Public Toilets,GENSERVICE,AU1201267,Ansons Bay,7264,Break O'Day Council,N/A,ECTT,Ansons Bay,,,Yes - featured,,
Ansons Bay,DESTINFO,AU1201296,Ansons Bay,7264,Break O'Day Council,N/A,ECTT,Ansons Bay,,,Yes - featured,,
Ansons Bay Boat Ramp,GENSERVICE,AU1201300,Ansons Bay,7264,Break O'Day Council,N/A,ECTT,Ansons Bay,,,Yes - featured,,
Ansons Bay Fishing,ATTRACTION,AU1201321,Ansons Bay,7264,Break O'Day Council,N/A,ECTT,Ansons Bay,,,Yes - featured,,
Ansons Bay Kayaking,ATTRACTION,AU1201741,Ansons Bay,7264,Break O'Day Council,N/A,ECTT,Ansons Bay,,,Yes - featured,,
Deep Creek  via Ansons Bay walk,ATTRACTION,AU1201746,Ansons Bay,7264,Break O'Day Council,N/A,ECTT,Ansons Bay,,,Yes - featured,,
Policeman's Point to the Gardens Walk,ATTRACTION,AU1202321,Ansons Bay,7264,Break O'Day Council,N/A,ECTT,Ansons Bay,,,Yes - featured,,
Auz Vizions Studio,ATTRACTION,AU1202543,George Town,7253,George Town Council,N/A,VNT,George Town,Yes - featured,,,,
Beach House Bellerive Hobart Eastern Shore,ACCOMM,AU1203557,Bellerive,7018,Clarence City Council,N/A,DST,Bellerive,,Yes - featured,,,
Localing Tours Tasmania,TOUR,AU1205239,Hobart,7000,Hobart City Council,N/A,DST,Hobart,,Yes - featured,,,
Cascade Brewery - Tours,TOUR,AU1205329,South Hobart,7004,Hobart City Council,N/A,DST,South Hobart,,Yes - featured,,,
Badgerâ€™s View Farmstay,ACCOMM,AU1208031,Railton,7305,Kentish Council,N/A,WxNW,Railton,,,,,Yes - featured
Manky Sally's by Moo Brew,RESTAURANT,AU1210561,Battery Point,7004,Hobart City Council,N/A,DST,Battery Point,,Yes - featured,,,
Little Things Farm Tours,TOUR,AU1210672,Quamby Brook,7304,Meander Valley Council,N/A,VNT,Quamby Brook,Yes - featured,,,,
King Island Walks,TOUR,AU1216267,Loorana,7256,King Island Council,N/A,WxNW,Loorana,,,,,Yes - featured
Kalbi North Hobart,RESTAURANT,AU1216403,North Hobart,7000,Hobart City Council,N/A,DST,North Hobart,,Yes - featured,,,
Cloudy Creek Cottage,ACCOMM,AU1225163,South Bruny,7150,Kingborough Council,N/A,DST,South Bruny,,Yes - featured,,,
Hunter Huon Valley,ACCOMM,AU1227693,Glen Huon,7109,Huon Valley Council,N/A,DST,Glen Huon,,Yes - featured,,,
The Waterloo Hotel,ACCOMM,AU1228526,Swansea,7190,Glamorgan Spring Bay Council,N/A,ECTT,Swansea,,,Yes - featured,,
Myrtle Park Recreation and Camping Grounds,ACCOMM,AU1232635,Targa,7259,Launceston City Council,N/A,VNT,Targa,Yes - featured,,,,
Red Rock Hut,ACCOMM,AU1238350,Bungaree,7256,King Island Council,N/A,WxNW,Bungaree,,,,,Yes - featured
Breathe In Studio,ATTRACTION,AU1242523,Carlton,7173,Sorell Council,N/A,DST,Carlton,,Yes - featured,,,
Tatler Lane by Sweetbrew,RESTAURANT,AU1245627,Launceston,7250,Launceston City Council,N/A,VNT,Launceston,Yes - featured,,,,
Mt Owen Shuttles - Queenstown Tasmania,TRANSPORT,AU1245971,Queenstown,7467,West Coast Council,N/A,WxNW,Queenstown,,,,Yes - featured,
James Boags Brewery Experience,TOUR,AU1246060,Launceston,7250,Launceston City Council,N/A,VNT,Launceston,Yes - featured,,,,
Tasmanian Caravan Hire,HIRE,AU1250356,Wesley Vale,7307,Latrobe Council,N/A,WxNW,Wesley Vale,,,,,Yes - featured
BOUNCEinc Hobart,ATTRACTION,AU1252848,Derwent Park,7009,Glenorchy Council,N/A,DST,Derwent Park,,Yes - featured,,,
Humbug Bunkhouse,ACCOMM,AU1254162,St Helens,7216,Break O'Day Council,N/A,ECTT,St Helens,,,Yes - featured,,
FARAWAY on Flinders Island,ACCOMM,AU1255703,Lady Barron,7255,Flinders Council,N/A,VNT,Lady Barron,Yes - featured,,,,
The Galahs Nest,ACCOMM,AU1256763,Queenstown,7467,West Coast Council,N/A,WxNW,Queenstown,,,,Yes - featured,
Crackpot Pop-Up Cafe,RESTAURANT,AU1260402,Promised Land,7306,Kentish Council,N/A,WxNW,Promised Land,,,,,Yes - featured
Huon Bush Retreats,ACCOMM,AU1265825,Ranelagh,7109,Huon Valley Council,N/A,DST,Ranelagh,,Yes - featured,,,
Gossyâ€™s Retreat,ACCOMM,AU1265866,Cressy,7302,Northern Midlands Council,N/A,VNT,Cressy,Yes - featured,,,,
Paradise Lagoon,ACCOMM,AU1265870,Coles Bay,7215,Glamorgan Spring Bay Council,N/A,ECTT,Coles Bay,,,Yes - featured,,
Bohemian Beach Retreat Tiny House,ACCOMM,AU1265876,Falmouth,7215,Break O'Day Council,N/A,ECTT,Falmouth,,,Yes - featured,,
Bruny coastal camping & Funky Barn,ACCOMM,AU1266166,Adventure Bay,7150,Kingborough Council,N/A,DST,Adventure Bay,,Yes - featured,,,
Fairview Farm Ringarooma Tasmania,ACCOMM,AU1266169,Ringarooma,7263,Dorset Council,N/A,VNT,Ringarooma,Yes - featured,,,,
Hobart Hills Hide Out,ACCOMM,AU1266186,Kaoota,7150,Kingborough Council,Huon Valley Council,DST,Kaoota,,Yes - featured,,,
Huckaway Stay,ACCOMM,AU1266286,Goshen,7216,Break O'Day Council,N/A,ECTT,Goshen,,,Yes - featured,,
Deep Glen Coastal Campsite,ACCOMM,AU1266363,Eaglehawk Neck,7179,Tasman Council,N/A,DST,Eaglehawk Neck,,Yes - featured,,,
Valmont Farms,ACCOMM,AU1266543,Whitemore,7303,Meander Valley Council,N/A,VNT,Whitemore,Yes - featured,,,,
"Heron Cove, Bruny Island",ACCOMM,AU1266710,Apollo Bay,7150,Kingborough Council,N/A,DST,Apollo Bay,,Yes - featured,,,
Black Cottage Farm,ACCOMM,AU1266773,Lilydale,7268,Launceston City Council,Dorset Council,VNT,Lilydale,Yes - featured,,,,
Longford Sunset Haven,ACCOMM,AU1266782,Longford,7301,Northern Midlands Council,N/A,VNT,Longford,Yes - featured,,,,
Old Coalmine Lagoon,ACCOMM,AU1266787,Bicheno,7215,Glamorgan Spring Bay Council,N/A,ECTT,Bicheno,,,Yes - featured,,
Limestone Valley,ACCOMM,AU1266812,Mole Creek,7304,Meander Valley Council,N/A,VNT,Mole Creek,Yes - featured,,,,
Cricklewood Farm Tasmania,ACCOMM,AU1266837,Golden Valley,7304,Meander Valley Council,N/A,VNT,Golden Valley,Yes - featured,,,,
"The Gardens, Bay of Fires",ACCOMM,AU1266843,The Gardens,7216,Break O'Day Council,N/A,ECTT,The Gardens,,,Yes - featured,,
Peace in the Valley,ACCOMM,AU1266883,Sheffield,7306,Kentish Council,N/A,WxNW,Sheffield,,,,,Yes - featured
Campers Pantry,GENSERVICE,AU1283448,South Launceston,7249,Launceston City Council,N/A,VNT,South Launceston,Yes - featured,,,,
Adams Distillery,RESTAURANT,AU1294248,Perth,7300,Northern Midlands Council,N/A,VNT,Perth,Yes - featured,,,,
Beechford Recreation Ground,ATTRACTION,AU1304976,Beechford,7252,George Town Council,N/A,VNT,Beechford,Yes - featured,,,,
Smiths Pies,RESTAURANT,AU1306024,Cambridge,7170,Clarence City Council,N/A,DST,Cambridge,,Yes - featured,,,
Gone Rustic Studio and Gallery,ATTRACTION,AU1308775,St Marys,7215,Break O'Day Council,N/A,ECTT,St Marys,,,Yes - featured,,
Binalong Bay Beach House,ACCOMM,AU1313517,Binalong Bay,7216,Break O'Day Council,N/A,ECTT,Binalong Bay,,,Yes - featured,,
Mother Goose Bed & Breakfast,ACCOMM,AU1319143,Devonport,7310,Devonport City Council,N/A,WxNW,Devonport,,,,,Yes - featured
Weldborough Hotel,RESTAURANT,AU1319825,Weldborough,7264,Break O'Day Council,N/A,ECTT,Weldborough,,,Yes - featured,,
Cordwainer Studio,ACCOMM,AU1320750,Deloraine,7304,Meander Valley Council,N/A,VNT,Deloraine,Yes - featured,,,,
Bicheno Garden Cottages,ACCOMM,AU1322486,Bicheno,7215,Glamorgan Spring Bay Council,N/A,ECTT,Bicheno,,,Yes - featured,,
Coaldale Walnuts Farm Tour,TOUR,AU1322777,Richmond,7025,Clarence City Council,N/A,DST,Richmond,,Yes - featured,,,
Evenfall Restaurant and Cellar Door,RESTAURANT,AU1323487,Legana,7277,West Tamar Council,N/A,VNT,Legana,Yes - featured,,,,
Wayatinah Lakeside Caravan Park,ACCOMM,AU1324569,Wayatinah,7140,Central Highlands Council,N/A,DST,Wayatinah,,Yes - featured,,,
Old Macs Farm Stay,ACCOMM,AU1326426,Norwood,7250,Launceston City Council,N/A,VNT,Norwood,Yes - featured,,,,
The Coffee Shack,RESTAURANT,AU1327360,Strahan,7468,West Coast Council,N/A,WxNW,Strahan,,,,Yes - featured,
Provider House,ACCOMM,AU1328339,Lenah Valley,7008,Hobart City Council,Glenorchy Council,DST,Lenah Valley,,Yes - featured,,,
The Finish Line Hobart,ACCOMM,AU1331982,Battery Point,7004,Hobart City Council,N/A,DST,Battery Point,,Yes - featured,,,
The Artisan's Hand - Balfour House,ATTRACTION,AU1334974,Cygnet,7112,Huon Valley Council,N/A,DST,Cygnet,,Yes - featured,,,
Adventure Bay Retreat,ACCOMM,AU1336291,Adventure Bay,7150,Kingborough Council,N/A,DST,Adventure Bay,,Yes - featured,,,
Townhouse & Loft,ACCOMM,AU1338631,Devonport,7310,Devonport City Council,N/A,WxNW,Devonport,,,,,Yes - featured
Martha Vale Park,ACCOMM,AU1341731,St Helens,7216,Break O'Day Council,N/A,ECTT,St Helens,,,Yes - featured,,
Maclean Bay Wines,RESTAURANT,AU1351935,Bicheno,7215,Glamorgan Spring Bay Council,N/A,ECTT,Bicheno,,,Yes - featured,,
Island Larder,RESTAURANT,AU1352339,Currie,7256,King Island Council,N/A,WxNW,Currie,,,,,Yes - featured
Masters Quarters,ACCOMM,AU1355012,"Lady Barron, Flinders Island",7255,Flinders Council,N/A,VNT,Lady Barron,Yes - featured,,,,
The Bend Vineyard,RESTAURANT,AU1355546,Swansea,7190,Glamorgan Spring Bay Council,N/A,ECTT,Swansea,,,Yes - featured,,
The Barrel Collective,RESTAURANT,AU1357103,Launceston,7250,Launceston City Council,N/A,VNT,Launceston,Yes - featured,,,,
Tasman Peninsula Mountain Bike Trails,ATTRACTION,AU1361975,Taranna,7180,Tasman Council,N/A,DST,Taranna,,Yes - featured,,,
Launceston Planetarium,ATTRACTION,AU1364135,Invermay,7248,Launceston City Council,N/A,VNT,Invermay,Yes - featured,,,,
NewHaven,ACCOMM,AU1365337,Dover,7117,Huon Valley Council,N/A,DST,Dover,,Yes - featured,,,
Lemon Tree Providore,ATTRACTION,AU1370238,Wynyard,7325,Waratah-Wynyard Council,N/A,WxNW,Wynyard,,,,,Yes - featured
Great Western Tiers Cycling Trail - Great Caves Ride,ATTRACTION,AU1375971,Deloraine,7304,Meander Valley Council,N/A,VNT,Deloraine,Yes - featured,,,,
Great Western Tiers Cycling Trail - Great Country Ride,ATTRACTION,AU1376007,Deloraine,7304,Meander Valley Council,N/A,VNT,Deloraine,Yes - featured,,,,
Great Western Tiers Cycling Trail - Great Gourmet Ride,ATTRACTION,AU1376018,Deloraine,7304,Meander Valley Council,N/A,VNT,Deloraine,Yes - featured,,,,
Great Western Tiers Cycling Trail - Great World Heritage Ride,ATTRACTION,AU1376020,Deloraine,7304,Meander Valley Council,N/A,VNT,Deloraine,Yes - featured,,,,
Woodland Bay Retreat,ACCOMM,AU1386612,Lymington,7109,Huon Valley Council,N/A,DST,Lymington,,Yes - featured,,,
Studio Waterloo,ATTRACTION,AU1388111,Waterloo,7109,Huon Valley Council,N/A,DST,Waterloo,,Yes - featured,,,
Hamilton Camping Ground,GENSERVICE,AU1388334,Hamilton,7140,Central Highlands Council,N/A,DST,Hamilton,,Yes - featured,,,
Hazards Escape - the Top Shack & the Short Stack,ACCOMM,AU1393170,Coles Bay,7215,Glamorgan Spring Bay Council,N/A,ECTT,Coles Bay,,,Yes - featured,,
Gear Up Stanley,HIRE,AU1393365,Stanley,7331,Circular Head Council,N/A,WxNW,Stanley,,,,,Yes - featured
Poet's Cottage Stanley,ACCOMM,AU1393897,Stanley,7331,Circular Head Council,N/A,WxNW,Stanley,,,,,Yes - featured
Kintyre,ACCOMM,AU1399340,Loorana,7256,King Island Council,N/A,WxNW,Loorana,,,,,Yes - featured
Highland Restaurant,RESTAURANT,AU1402256,Cradle Mountain,7306,Kentish Council,West Coast Council,WxNW,Cradle Mountain,,,,Yes - featured,Yes - featured
Azuki Eating House,RESTAURANT,AU1402620,St Helens,7216,Break O'Day Council,N/A,ECTT,St Helens,,,Yes - featured,,
Tasman Peninsula Airport  & Local Transfers,TRANSPORT,AU1403617,Port Arthur,7182,Tasman Council,N/A,DST,Port Arthur,,Yes - featured,,,
Tavern Bar & Bistro,RESTAURANT,AU1403637,Cradle Mountain,7306,Kentish Council,West Coast Council,WxNW,Cradle Mountain,,,,Yes - featured,Yes - featured
Tasvanlife,HIRE,AU1406582,North Hobart,7000,Hobart City Council,N/A,DST,North Hobart,,Yes - featured,,,
Big Rusty Pelican,ATTRACTION,AU1406585,George Town,7253,George Town Council,N/A,VNT,George Town,Yes - featured,,,,
Ice Creamery & Co.,RESTAURANT,AU1406737,Coles Bay,7215,Glamorgan Spring Bay Council,N/A,ECTT,Coles Bay,,,Yes - featured,,
Lot 40,RESTAURANT,AU1408249,Derby,7264,Dorset Council,N/A,VNT,Derby,Yes - featured,,,,
Yambacoona House,ACCOMM,AU1408477,Yambacoona,7256,King Island Council,N/A,WxNW,Yambacoona,,,,,Yes - featured
The Alley Entertainment Centre,ATTRACTION,AU1409896,Devonport,7310,Devonport City Council,N/A,WxNW,Devonport,,,,,Yes - featured
Heavy Metal Penguins,ATTRACTION,AU1410261,Low Head,7253,George Town Council,N/A,VNT,Low Head,Yes - featured,,,,
Harvey Vin,RESTAURANT,AU1410323,Bicheno,7215,Glamorgan Spring Bay Council,N/A,ECTT,Bicheno,,,Yes - featured,,
Japhy on the Jetty,ATTRACTION,AU1410422,Hillwood,7252,George Town Council,N/A,VNT,Hillwood,Yes - featured,,,,
Wahroonga on Bourke,ACCOMM,AU1410492,Launceston,7250,Launceston City Council,N/A,VNT,Launceston,Yes - featured,,,,
Jane Seychell Artist Gallery & Framing,ATTRACTION,AU1410527,St Helens,7216,Break O'Day Council,N/A,ECTT,St Helens,,,Yes - featured,,
Beach Front Bicheno,ACCOMM,AU1415649,Bicheno,7215,Glamorgan Spring Bay Council,N/A,ECTT,Bicheno,,,Yes - featured,,
Arden Retreat,ACCOMM,AU1416975,Richmond,7025,Clarence City Council,N/A,DST,Richmond,,Yes - featured,,,
Splash Golf Grindelwald,ATTRACTION,AU1417002,Grindelwald,7277,West Tamar Council,N/A,VNT,Grindelwald,Yes - featured,,,,
Explora Tasmania,HIRE,AU1419008,Howrah,7018,Clarence City Council,N/A,DST,Howrah,,Yes - featured,,,
Harland Rise Chapel,ACCOMM,AU1421232,Evandale,7212,Northern Midlands Council,N/A,VNT,Evandale,Yes - featured,,,,
Fitzpatrick's Inn,ACCOMM,AU1423172,Westbury,7303,Meander Valley Council,N/A,VNT,Westbury,Yes - featured,,,,
Earth and Ocean Beach House,ACCOMM,AU1426067,Beaumaris,7215,Break O'Day Council,N/A,ECTT,Beaumaris,,,Yes - featured,,
1898 Bar + Dining,RESTAURANT,AU1427141,Hobart,7000,Hobart City Council,N/A,DST,Hobart,,Yes - featured,,,
Lakehouse Cottage,ACCOMM,AU1429006,Riverside,7250,West Tamar Council,Meander Valley Council,VNT,Riverside,Yes - featured,,,,
Steel Seal,ATTRACTION,AU1429151,George Town,7253,George Town Council,N/A,VNT,George Town,Yes - featured,,,,
Domaine A,RESTAURANT,AU1430868,Campania,7026,Southern Midlands Council,N/A,DST,Campania,,Yes - featured,,,
Spirit of BrunyÂ®,RESTAURANT,AU1431227,Simpsons Bay,7150,Kingborough Council,N/A,DST,Simpsons Bay,,Yes - featured,,,
"Leighton House, Evandale, Tasmania",ACCOMM,AU1432330,Western Junction,7212,Northern Midlands Council,N/A,VNT,Western Junction,Yes - featured,,,,
Island of Tasmania Tours,TOUR,AU1433683,Moonah,7009,Glenorchy Council,N/A,DST,Moonah,,Yes - featured,,,
Blue Tree Gallery,ATTRACTION,AU1433758,Moina,7310,Kentish Council,N/A,WxNW,Moina,,,,,Yes - featured
Tasman Transfers,TRANSPORT,AU1435202,Midway Point,7171,Sorell Council,N/A,DST,Midway Point,,Yes - featured,,,
Flora's Restaurant at Craigie Knowe Vineyard,RESTAURANT,AU1435598,Cranbrook,7190,Glamorgan Spring Bay Council,N/A,ECTT,Cranbrook,,,Yes - featured,,
King Island Meat Providore,RESTAURANT,AU1437589,Currie,7256,King Island Council,N/A,WxNW,Currie,,,,,Yes - featured
dAda mUse,ATTRACTION,AU1438166,Launceston,7250,Launceston City Council,N/A,VNT,Launceston,Yes - featured,,,,
ART ARK - Ethical Aboriginal Art,ATTRACTION,AU1438660,Launceston,7250,Launceston City Council,N/A,VNT,Launceston,Yes - featured,,,,
Green Gables B&B,ACCOMM,AU1440150,Gardners Bay,7112,Huon Valley Council,N/A,DST,Gardners Bay,,Yes - featured,,,
Miss Arthur,ATTRACTION,AU1440283,New Norfolk,7140,Derwent Valley Council,N/A,DST,New Norfolk,,Yes - featured,,,
Ben Lomond Base Cafe,RESTAURANT,AU1440877,Upper Blessington,7212,Launceston City Council,N/A,VNT,Upper Blessington,Yes - featured,,,,
La Sardina Loca,RESTAURANT,AU1441143,Hobart,7000,Hobart City Council,N/A,DST,Hobart,,Yes - featured,,,
Serendipity,ACCOMM,AU1443224,Swansea,7190,Glamorgan Spring Bay Council,N/A,ECTT,Swansea,,,Yes - featured,,
Jenna Chartrand Gallery & Art Studio,ATTRACTION,AU1444734,Latrobe,7307,Latrobe Council,N/A,WxNW,Latrobe,,,,,Yes - featured
Kuuma - Nature Sauna,ATTRACTION,AU1446317,Barretta,7054,Kingborough Council,N/A,DST,Barretta,,Yes - featured,,,
AutoRent (Devonport Airport),HIRE,AU1451548,Wesley Vale,7307,Latrobe Council,N/A,WxNW,Wesley Vale,,,,,Yes - featured
AutoRent (Spirit of Tasmania),HIRE,AU1451549,East Devonport,7310,Devonport City Council,N/A,WxNW,East Devonport,,,,,Yes - featured
Camp Nowhere,ACCOMM,AU1451773,Breona,7304,Central Highlands Council,N/A,DST,Breona,,Yes - featured,,,
Little falu,ACCOMM,AU1456742,Pioneer,7264,Dorset Council,N/A,VNT,Pioneer,Yes - featured,,,,
Oriole Bay of Fires,ACCOMM,AU1460623,Binalong Bay,7216,Break O'Day Council,N/A,ECTT,Binalong Bay,,,Yes - featured,,
Bay of Fires Tiny Home,ACCOMM,AU1460624,The Gardens,7216,Break O'Day Council,N/A,ECTT,The Gardens,,,Yes - featured,,
DashWu Steading,ACCOMM,AU1460635,Huonville,7109,Huon Valley Council,N/A,DST,Huonville,,Yes - featured,,,
The Chalet & The Pavilion (Sauna & Tennis Court),ACCOMM,AU1460640,Spring Beach,7190,Glamorgan Spring Bay Council,N/A,ECTT,Spring Beach,,,Yes - featured,,
Trevallyn Grocer,GENSERVICE,AU1461069,Trevallyn,7250,West Tamar Council,Launceston City Council,VNT,Trevallyn,Yes - featured,,,,
Shopfront Trevallyn,ATTRACTION,AU1461296,Trevallyn,7250,West Tamar Council,Launceston City Council,VNT,Trevallyn,Yes - featured,,,,
The Boathouse - Restaurant With No Food,RESTAURANT,AU1461444,Currie,7256,King Island Council,N/A,WxNW,Currie,,,,,Yes - featured
Burnie Arts Centre,ATTRACTION,AU1465825,Burnie,7320,Burnie Council,N/A,WxNW,Burnie,,,,,Yes - featured
Lords Rest Apartment,ACCOMM,AU1465942,Sandy Bay,7005,Hobart City Council,N/A,DST,Sandy Bay,,Yes - featured,,,
Pawmobile,TRANSPORT,AU1465961,Devonport,7310,Devonport City Council,N/A,WxNW,Devonport,,,,,Yes - featured
Risby Cove Restaurant,RESTAURANT,AU1466667,Strahan,7468,West Coast Council,N/A,WxNW,Strahan,,,,Yes - featured,
Bicheno Delivery,GENSERVICE,AU1467623,Bicheno,7215,Glamorgan Spring Bay Council,N/A,ECTT,Bicheno,,,Yes - featured,,
Foodie Lover Tours,TOUR,AU1467775,Hobart,7001,Hobart City Council,N/A,DST,Hobart,,Yes - featured,,,
Wild Island Gallery,ATTRACTION,AU1467917,Battery Point,7004,Hobart City Council,N/A,DST,Battery Point,,Yes - featured,,,
Stooge Farm Wilderness Retreat,ACCOMM,AU1470245,Weegena,7304,Meander Valley Council,N/A,VNT,Weegena,Yes - featured,,,,
"Arion Park, Campsite, YOLLA NW TAS",ACCOMM,AU1470262,Yolla,7325,Waratah-Wynyard Council,N/A,WxNW,Yolla,,,,,Yes - featured
Traill's Corner,ACCOMM,AU1470270,Kimberley,7304,Meander Valley Council,N/A,VNT,Kimberley,Yes - featured,,,,
Adventure bay beach backyard camp,ACCOMM,AU1470651,Adventure Bay,7150,Kingborough Council,N/A,DST,Adventure Bay,,Yes - featured,,,
The Duck Hole at Farnese Olivo,ACCOMM,AU1470733,Hobart,7170,Hobart City Council,N/A,DST,Hobart,,Yes - featured,,,
Mount View Accommodation Marrawah,ACCOMM,AU1473436,Marrawah,7330,Circular Head Council,N/A,WxNW,Marrawah,,,,,Yes - featured
Clarence on the Tamar,ACCOMM,AU1476142,Clarence Point,7270,West Tamar Council,N/A,VNT,Clarence Point,Yes - featured,,,,
Flinders Island Roaring 40s Tours,TOUR,AU1477956,Whitemark,7255,Flinders Council,N/A,VNT,Whitemark,Yes - featured,,,,
Le Coq Bicheno,RESTAURANT,AU1478108,Bicheno,7215,Glamorgan Spring Bay Council,N/A,ECTT,Bicheno,,,Yes - featured,,
Frida's Luxe Sip n' Paint Hobart,ATTRACTION,AU1478446,Hobart,7000,Hobart City Council,N/A,DST,Hobart,,Yes - featured,,,
Madeline Gordon Gallery,ATTRACTION,AU1479875,Newstead,7250,Launceston City Council,N/A,VNT,Newstead,Yes - featured,,,,
Food & Brew Bicheno,RESTAURANT,AU1480948,Bicheno,7215,Glamorgan Spring Bay Council,N/A,ECTT,Bicheno,,,Yes - featured,,
Binalong-ride Beach Shack,ACCOMM,AU1483899,Binalong Bay,7216,Break O'Day Council,N/A,ECTT,Binalong Bay,,,Yes - featured,,
The Joneses,ACCOMM,AU1484195,Adventure Bay,7150,Kingborough Council,N/A,DST,Adventure Bay,,Yes - featured,,,
Tidbit and Morsel,ATTRACTION,AU1488672,Oatlands,7120,Southern Midlands Council,N/A,DST,Oatlands,,Yes - featured,,,
Criterion Street Cafe,RESTAURANT,AU1493546,Hobart,7000,Hobart City Council,N/A,DST,Hobart,,Yes - featured,,,
Adventure Tasmania,TOUR,AU1493547,Ambleside,7310,Devonport City Council,N/A,WxNW,Ambleside,,,,,Yes - featured
Cook like a pro,RESTAURANT,AU1493939,Taroona,7053,Kingborough Council,N/A,DST,Taroona,,Yes - featured,,,
Bluff Beach House Park Beach,ACCOMM,AU1503755,Dodges Ferry,7173,Sorell Council,N/A,DST,Dodges Ferry,,Yes - featured,,,
COLLECTED/PLACES - Hobart,ACCOMM,AU1504785,North Hobart,7000,Hobart City Council,N/A,DST,North Hobart,,Yes - featured,,,
The Puzzle People,ATTRACTION,AU1508267,Richmond,7025,Clarence City Council,N/A,DST,Richmond,,Yes - featured,,,
Lake Leake Inn,RESTAURANT,AU1510035,Lake Leake,7210,Northern Midlands Council,N/A,VNT,Lake Leake,Yes - featured,,,,
Dorset Hotel Restaurant,RESTAURANT,AU1511081,Derby,7264,Dorset Council,N/A,VNT,Derby,Yes - featured,,,,
Bay of Fires Lobster,RESTAURANT,AU1511957,St Helens,7216,Break O'Day Council,N/A,ECTT,St Helens,,,Yes - featured,,
Sauna Boat Tasmania,ATTRACTION,AU1512133,Kettering,7155,Kingborough Council,N/A,DST,Kettering,,Yes - featured,,,
Little Marneyâ€™s Gifts For Town & Country,ATTRACTION,AU1514332,Westbury,7303,Meander Valley Council,N/A,VNT,Westbury,Yes - featured,,,,
Swamp Cafe,RESTAURANT,AU1516094,Invermay,7248,Launceston City Council,N/A,VNT,Invermay,Yes - featured,,,,
Alice Car Rental Hobart Airport,HIRE,AU1517037,Cambridge,7170,Clarence City Council,N/A,DST,Cambridge,,Yes - featured,,,
Inglis River Caravan and Camping Retreat,ACCOMM,AU1517109,Calder,7325,Waratah-Wynyard Council,N/A,WxNW,Calder,,,,,Yes - featured
Mowbray Golf Club,ATTRACTION,AU1517536,Mowbray,7248,Launceston City Council,N/A,VNT,Mowbray,Yes - featured,,,,
Bett Gallery,ATTRACTION,AU1517965,Hobart,7000,Hobart City Council,N/A,DST,Hobart,,Yes - featured,,,
Dear Tasmania,TOUR,AU1519841,MIDWAY POINT,7171,Sorell Council,N/A,DST,Midway Point,,Yes - featured,,,
Valley's Hearth,ACCOMM,AU1519895,Fingal,7214,Break O'Day Council,N/A,ECTT,Fingal,,,Yes - featured,,
Questa Heritage Cottage,ACCOMM,AU1523620,Barnes Bay,7150,Kingborough Council,N/A,DST,Barnes Bay,,Yes - featured,,,
Premaydena Hill,RESTAURANT,AU1525091,Premaydena,7185,Tasman Council,N/A,DST,Premaydena,,Yes - featured,,,
My Tasmanian Home,ATTRACTION,AU1526332,Gravelly Beach,7276,West Tamar Council,N/A,VNT,Gravelly Beach,Yes - featured,,,,
Tasmania Walking Tours,TOUR,AU1526428,Prospect Vale,7250,Meander Valley Council,N/A,VNT,Prospect Vale,Yes - featured,,,,
The Sea Merchant,ATTRACTION,AU1527166,Penguin,7316,Central Coast Council,N/A,WxNW,Penguin,,,,,Yes - featured
Beach Path House,ACCOMM,AU1527733,Bicheno,7215,Glamorgan Spring Bay Council,N/A,ECTT,Bicheno,,,Yes - featured,,
Studio Tasmania,ACCOMM,AU1527765,Dolphin Sands,7190,Glamorgan Spring Bay Council,N/A,ECTT,Dolphin Sands,,,Yes - featured,,
At the Bay,ACCOMM,AU1528113,Coles Bay,7215,Glamorgan Spring Bay Council,N/A,ECTT,Coles Bay,,,Yes - featured,,
Relish Cafe,RESTAURANT,AU1528214,East Launceston,7250,Launceston City Council,N/A,VNT,East Launceston,Yes - featured,,,,
Candlebark Ridge,ACCOMM,AU1528355,Saint Marys,7215,Break O'Day Council,N/A,ECTT,St Marys,,,Yes - featured,,
Sunken Sea Shack.,ACCOMM,AU1529050,Abels Bay,7112,Huon Valley Council,N/A,DST,Abels Bay,,Yes - featured,,,
Elements,ACCOMM,AU1530425,Dolphin Sands,7190,Glamorgan Spring Bay Council,N/A,ECTT,Dolphin Sands,,,Yes - featured,,
Baden House,ACCOMM,AU1530488,Coles Bay,7215,Glamorgan Spring Bay Council,N/A,ECTT,Coles Bay,,,Yes - featured,,
Halcyon,ACCOMM,AU1530506,Coles Bay,7215,Glamorgan Spring Bay Council,N/A,ECTT,Coles Bay,,,Yes - featured,,
Atelier,ACCOMM,AU1530602,Coles Bay,7215,Glamorgan Spring Bay Council,N/A,ECTT,Coles Bay,,,Yes - featured,,
black + shack,ACCOMM,AU1530854,Coles Bay,7215,Glamorgan Spring Bay Council,N/A,ECTT,Coles Bay,,,Yes - featured,,
Ben Lomond Base,HIRE,AU1531501,Upper Blessington,7212,Launceston City Council,N/A,VNT,Upper Blessington,Yes - featured,,,,
Coastal Escape,ACCOMM,AU1531513,Coles Bay,7215,Glamorgan Spring Bay Council,N/A,ECTT,Coles Bay,,,Yes - featured,,
Freycinet Coastal Retreat,ACCOMM,AU1531676,Coles Bay,7215,Glamorgan Spring Bay Council,N/A,ECTT,Coles Bay,,,Yes - featured,,
Bessies Bar + Kitchen,RESTAURANT,AU1531684,Bridport,7262,Dorset Council,N/A,VNT,Bridport,Yes - featured,,,,
Furneaux,ACCOMM,AU1531686,Coles Bay,7215,Glamorgan Spring Bay Council,N/A,ECTT,Coles Bay,,,Yes - featured,,
Hamptons Hideaway,ACCOMM,AU1531708,Coles Bay,7215,Glamorgan Spring Bay Council,N/A,ECTT,Coles Bay,,,Yes - featured,,
Harbour Master,ACCOMM,AU1531830,Coles Bay,7215,Glamorgan Spring Bay Council,N/A,ECTT,Coles Bay,,,Yes - featured,,
Appleby's Mediterraneo Bar & Grill,RESTAURANT,AU1531855,Boat Harbour,7321,Waratah-Wynyard Council,N/A,WxNW,Boat Harbour,,,,,Yes - featured
Hazards Hideaway,ACCOMM,AU1531859,Coles Bay,7215,Glamorgan Spring Bay Council,N/A,ECTT,Coles Bay,,,Yes - featured,,
Escape to Bicheno,ACCOMM,AU1532131,Bicheno,7215,Glamorgan Spring Bay Council,N/A,ECTT,Bicheno,,,Yes - featured,,
Oceaan 101,ACCOMM,AU1532219,Coles Bay,7215,Glamorgan Spring Bay Council,N/A,ECTT,Coles Bay,,,Yes - featured,,
The Bolt Hole,ACCOMM,AU1532257,Coles Bay,7215,Glamorgan Spring Bay Council,N/A,ECTT,Coles Bay,,,Yes - featured,,
The Loft,ACCOMM,AU1532267,Coles Bay,7215,Glamorgan Spring Bay Council,N/A,ECTT,Coles Bay,,,Yes - featured,,
Ambience,ACCOMM,AU1532454,Coles Bay,7215,Glamorgan Spring Bay Council,N/A,ECTT,Coles Bay,,,Yes - featured,,
Burraneer,ACCOMM,AU1532475,Coles Bay,7215,Glamorgan Spring Bay Council,N/A,ECTT,Coles Bay,,,Yes - featured,,
Magical Lucindale,ACCOMM,AU1532485,Lucaston,7109,Huon Valley Council,N/A,DST,Lucaston,,Yes - featured,,,
Footprints 1,ACCOMM,AU1532488,Coles Bay,7215,Glamorgan Spring Bay Council,N/A,ECTT,Coles Bay,,,Yes - featured,,
Hazards Rim,ACCOMM,AU1533034,Coles Bay,7215,Glamorgan Spring Bay Council,N/A,ECTT,Coles Bay,,,Yes - featured,,
Hidden Gem,ACCOMM,AU1533102,Coles Bay,7215,Glamorgan Spring Bay Council,N/A,ECTT,Coles Bay,,,Yes - featured,,
Bites by the sea,RESTAURANT,AU1533182,Bicheno,7215,Glamorgan Spring Bay Council,N/A,ECTT,Bicheno,,,Yes - featured,,
Sandpiper,ACCOMM,AU1533468,Coles Bay,7215,Glamorgan Spring Bay Council,N/A,ECTT,Coles Bay,,,Yes - featured,,
Sea View,ACCOMM,AU1533639,Coles Bay,7215,Glamorgan Spring Bay Council,N/A,ECTT,Coles Bay,,,Yes - featured,,
Southerlys Beach House,ACCOMM,AU1534040,Coles Bay,7215,Glamorgan Spring Bay Council,N/A,ECTT,Coles Bay,,,Yes - featured,,
Waterview,ACCOMM,AU1534771,Coles Bay,7215,Glamorgan Spring Bay Council,N/A,ECTT,Coles Bay,,,Yes - featured,,
Whale Watcher Apartment 1,ACCOMM,AU1534845,Coles Bay,7215,Glamorgan Spring Bay Council,N/A,ECTT,Coles Bay,,,Yes - featured,,
Willoah's Retreat â€“ Dolphin Sands,ACCOMM,AU1534948,Dolphin Sands,7190,Glamorgan Spring Bay Council,N/A,ECTT,Dolphin Sands,,,Yes - featured,,
Zenith,ACCOMM,AU1535018,Coles Bay,7215,Glamorgan Spring Bay Council,N/A,ECTT,Coles Bay,,,Yes - featured,,
Currawong,ACCOMM,AU1535194,Coles Bay,7215,Glamorgan Spring Bay Council,N/A,ECTT,Coles Bay,,,Yes - featured,,
T42 Hobart,RESTAURANT,AU1535350,Hobart,7000,Hobart City Council,N/A,DST,Hobart,,Yes - featured,,,
Fish at Freycinet,ACCOMM,AU1535410,Coles Bay,7215,Glamorgan Spring Bay Council,N/A,ECTT,Coles Bay,,,Yes - featured,,
Wild Escapes Tasmania,TOUR,AU1535531,Sandy Bay,7005,Hobart City Council,N/A,DST,Sandy Bay,,Yes - featured,,,
Gypsyâ€™s Rest â€“ Primrose Sands,ACCOMM,AU1535533,Primrose Sands,7173,Sorell Council,N/A,DST,Primrose Sands,,Yes - featured,,,
Loma Talo,ACCOMM,AU1535608,Coles Bay,7215,Glamorgan Spring Bay Council,N/A,ECTT,Coles Bay,,,Yes - featured,,
Studio 59,ACCOMM,AU1536148,Coles Bay,7215,Glamorgan Spring Bay Council,N/A,ECTT,Coles Bay,,,Yes - featured,,
The Summer Shack,ACCOMM,AU1536178,Coles Bay,7215,Glamorgan Spring Bay Council,N/A,ECTT,Coles Bay,,,Yes - featured,,
Mount Paul Lounge,RESTAURANT,AU1536209,Coles Bay,7215,Glamorgan Spring Bay Council,N/A,ECTT,Coles Bay,,,Yes - featured,,
Amaroo 1 and 2,ACCOMM,AU1536253,Coles Bay,7215,Glamorgan Spring Bay Council,N/A,ECTT,Coles Bay,,,Yes - featured,,
Archella 1 & 2,ACCOMM,AU1536544,Coles Bay,7215,Glamorgan Spring Bay Council,N/A,ECTT,Coles Bay,,,Yes - featured,,
LuxGolf Australia- Tasmania,TOUR,AU1537070,Hobart,7000,Hobart City Council,N/A,DST,Hobart,,Yes - featured,,,
The Cloud At Sen Vineyard,ACCOMM,AU1537236,White Hills,7258,Launceston City Council,N/A,VNT,White Hills,Yes - featured,,,,
Beachcomber,ACCOMM,AU1537288,Coles Bay,7215,Glamorgan Spring Bay Council,N/A,ECTT,Coles Bay,,,Yes - featured,,
Beachcroft,ACCOMM,AU1537335,Coles Bay,7215,Glamorgan Spring Bay Council,N/A,ECTT,Coles Bay,,,Yes - featured,,
On the beach 1 & 2,ACCOMM,AU1537520,Coles Bay,7215,Glamorgan Spring Bay Council,N/A,ECTT,Coles Bay,,,Yes - featured,,
Luna Lodge Tasmania,ACCOMM,AU1537709,Wattle Hill,7172,Sorell Council,N/A,DST,Wattle Hill,,Yes - featured,,,
Freycinet Beach House,ACCOMM,AU1537756,Coles Bay,7215,Glamorgan Spring Bay Council,N/A,ECTT,Coles Bay,,,Yes - featured,,
Freycinet Beachfront Retreat,ACCOMM,AU1538002,Coles Bay,7215,Glamorgan Spring Bay Council,N/A,ECTT,Coles Bay,,,Yes - featured,,
Freycinet Stone Studio Apartments,ACCOMM,AU1538478,Coles Bay,7215,Glamorgan Spring Bay Council,N/A,ECTT,Coles Bay,,,Yes - featured,,
Granite Beach House,ACCOMM,AU1538990,Coles Bay,7215,Glamorgan Spring Bay Council,N/A,ECTT,Coles Bay,,,Yes - featured,,
Le Shack,ACCOMM,AU1539031,Coles Bay,7215,Glamorgan Spring Bay Council,N/A,ECTT,Coles Bay,,,Yes - featured,,
Mayakitana,ACCOMM,AU1539338,Coles Bay,7215,Glamorgan Spring Bay Council,N/A,ECTT,Coles Bay,,,Yes - featured,,
Escape Devonport,ATTRACTION,AU1539766,Devonport,7310,Devonport City Council,N/A,WxNW,Devonport,,,,,Yes - featured
Singline Cottage Falmouth,ACCOMM,AU1539801,Falmouth,7215,Break O'Day Council,N/A,ECTT,Falmouth,,,Yes - featured,,
Coastal Nest,ACCOMM,AU1539900,Coles Bay,7215,Glamorgan Spring Bay Council,N/A,ECTT,Coles Bay,,,Yes - featured,,
Park View,ACCOMM,AU1540075,Coles Bay,7215,Glamorgan Spring Bay Council,N/A,ECTT,Coles Bay,,,Yes - featured,,
Sunsets,ACCOMM,AU1540302,Coles Bay,7215,Glamorgan Spring Bay Council,N/A,ECTT,Coles Bay,,,Yes - featured,,
Ensorcelled â€“ Swansea,ACCOMM,AU1540643,Swansea,7190,Glamorgan Spring Bay Council,N/A,ECTT,Swansea,,,Yes - featured,,
Wombat Hollow â€“ Swansea,ACCOMM,AU1540919,Swansea,7190,Glamorgan Spring Bay Council,N/A,ECTT,Swansea,,,Yes - featured,,
The Blue House,ACCOMM,AU1540973,Coles Bay,7215,Glamorgan Spring Bay Council,N/A,ECTT,Coles Bay,,,Yes - featured,,
Waders,ACCOMM,AU1541062,Coles Bay,7215,Glamorgan Spring Bay Council,N/A,ECTT,Coles Bay,,,Yes - featured,,
The Boat House,ACCOMM,AU1541249,Coles Bay,7215,Glamorgan Spring Bay Council,N/A,ECTT,Coles Bay,,,Yes - featured,,
The Tides - Luxury Accommodation - Coles Bay,ACCOMM,AU1541387,Coles Bay,7215,Glamorgan Spring Bay Council,N/A,ECTT,Coles Bay,,,Yes - featured,,
Miramar | Oceanfront Family Oasis,ACCOMM,AU1543564,Seymour,7215,Break O'Day Council,N/A,ECTT,Seymour,,,Yes - featured,,
St Martinâ€™s of Tasmania,ACCOMM,AU1544057,Dunalley,7177,Sorell Council,N/A,DST,Dunalley,,Yes - featured,,,
Havilah,RESTAURANT,AU1545426,Launceston,7250,Launceston City Council,N/A,VNT,Launceston,Yes - featured,,,,
Georges Bay Bungalow - Pet & Family Friendly,ACCOMM,AU1547197,Stieglitz,7216,Break O'Day Council,N/A,ECTT,Stieglitz,,,Yes - featured,,
Sunrise Place,ACCOMM,AU1547200,Bicheno,7215,Glamorgan Spring Bay Council,N/A,ECTT,Bicheno,,,Yes - featured,,
KAL's House - The place to be!,ACCOMM,AU1547201,Bicheno,7215,Glamorgan Spring Bay Council,N/A,ECTT,Bicheno,,,Yes - featured,,
Kiama Tea House - Central Bicheno Convenience!,ACCOMM,AU1547202,Bicheno,7215,Glamorgan Spring Bay Council,N/A,ECTT,Bicheno,,,Yes - featured,,
Sloop cottage,ACCOMM,AU1547203,Binalong Bay,7216,Break O'Day Council,N/A,ECTT,Binalong Bay,,,Yes - featured,,
Retreat 101,ACCOMM,AU1547221,Dolphin Sands,7190,Glamorgan Spring Bay Council,N/A,ECTT,Dolphin Sands,,,Yes - featured,,
Cedar House,ACCOMM,AU1547224,Bicheno,7215,Glamorgan Spring Bay Council,N/A,ECTT,Bicheno,,,Yes - featured,,
Lifebuoy Beach House Bicheno,ACCOMM,AU1547225,Bicheno,7215,Glamorgan Spring Bay Council,N/A,ECTT,Bicheno,,,Yes - featured,,
Beach Break - Diamond Island,ACCOMM,AU1547229,Bicheno,7215,Glamorgan Spring Bay Council,N/A,ECTT,Bicheno,,,Yes - featured,,
Waterfront - Footsteps to Redbill Beach,ACCOMM,AU1547230,Bicheno,7215,Glamorgan Spring Bay Council,N/A,ECTT,Bicheno,,,Yes - featured,,
Beach Baby,ACCOMM,AU1547283,Coles Bay,7215,Glamorgan Spring Bay Council,N/A,ECTT,Coles Bay,,,Yes - featured,,
Freycinet Cottage 1 & 2,ACCOMM,AU1547567,Coles Bay,7215,Glamorgan Spring Bay Council,N/A,ECTT,Coles Bay,,,Yes - featured,,
Freycinet Hideaway,ACCOMM,AU1547590,Coles Bay,7215,Glamorgan Spring Bay Council,N/A,ECTT,Coles Bay,,,Yes - featured,,
Kunzea at Freycinet,ACCOMM,AU1547603,Coles Bay,7215,Glamorgan Spring Bay Council,N/A,ECTT,Coles Bay,,,Yes - featured,,
The Lookout,ACCOMM,AU1547658,Coles Bay,7215,Glamorgan Spring Bay Council,N/A,ECTT,Coles Bay,,,Yes - featured,,
Freycinet Sanctuary,ACCOMM,AU1547740,Coles Bay,7215,Glamorgan Spring Bay Council,N/A,ECTT,Coles Bay,,,Yes - featured,,
Stoneâ€™s Throw â€“ Primrose Sands,ACCOMM,AU1547778,Primrose Sands,7173,Sorell Council,N/A,DST,Primrose Sands,,Yes - featured,,,
Seagrass Chalet,ACCOMM,AU1547946,Coles Bay,7215,Glamorgan Spring Bay Council,N/A,ECTT,Coles Bay,,,Yes - featured,,
Petit Chateau,ACCOMM,AU1548412,Oatlands,7120,Southern Midlands Council,N/A,DST,Oatlands,,Yes - featured,,,
Bella Vista,ACCOMM,AU1548427,Coles Bay,7215,Glamorgan Spring Bay Council,N/A,ECTT,Coles Bay,,,Yes - featured,,
Bicheno Bliss,ACCOMM,AU1548476,Bicheno,7215,Glamorgan Spring Bay Council,N/A,ECTT,Bicheno,,,Yes - featured,,
Bicheno Spa Villa,ACCOMM,AU1548503,Bicheno,7215,Glamorgan Spring Bay Council,N/A,ECTT,Bicheno,,,Yes - featured,,
Champ Villa,ACCOMM,AU1548613,Bicheno,7215,Glamorgan Spring Bay Council,N/A,ECTT,Bicheno,,,Yes - featured,,
Bicheno Beach House With Spa Bath,ACCOMM,AU1548687,Bicheno,7215,Glamorgan Spring Bay Council,N/A,ECTT,Bicheno,,,Yes - featured,,
Chillax in Bicheno,ACCOMM,AU1548767,Bicheno,7215,Glamorgan Spring Bay Council,N/A,ECTT,Bicheno,,,Yes - featured,,
Day Tours Tasmania,TOUR,AU1548770,Cambridge,7170,Clarence City Council,N/A,DST,Cambridge,,Yes - featured,,,
Island Vista,ACCOMM,AU1548775,Bicheno,7215,Glamorgan Spring Bay Council,N/A,ECTT,Bicheno,,,Yes - featured,,
On the Rocks Bicheno,ACCOMM,AU1548897,Bicheno,7215,Glamorgan Spring Bay Council,N/A,ECTT,Bicheno,,,Yes - featured,,
Redbill Beach House,ACCOMM,AU1549247,Bicheno,7215,Glamorgan Spring Bay Council,N/A,ECTT,Bicheno,,,Yes - featured,,
Rustic by the Sea,ACCOMM,AU1549269,Douglas River,7215,Break O'Day Council,Glamorgan Spring Bay Council,ECTT,Douglas River,,,Yes - featured,,
Silver Hill,ACCOMM,AU1549784,Bicheno,7215,Glamorgan Spring Bay Council,N/A,ECTT,Bicheno,,,Yes - featured,,
Sunny Ways Bicheno,ACCOMM,AU1549816,Bicheno,7215,Glamorgan Spring Bay Council,N/A,ECTT,Bicheno,,,Yes - featured,,
The Baby Penguin,ACCOMM,AU1549840,Bicheno,7215,Glamorgan Spring Bay Council,N/A,ECTT,Bicheno,,,Yes - featured,,
Waubs Beach Cottage,ACCOMM,AU1549925,Bicheno,7215,Glamorgan Spring Bay Council,N/A,ECTT,Bicheno,,,Yes - featured,,
Salamanca Walk - History Tour,TOUR,AU1551525,Hobart,7004,Hobart City Council,N/A,DST,Hobart,,Yes - featured,,,
The Sea Keeper Bicheno,ACCOMM,AU1552909,Bicheno,7215,Glamorgan Spring Bay Council,N/A,ECTT,Bicheno,,,Yes - featured,,
Nautilus Bay of Fires,ACCOMM,AU1552910,Binalong Bay,7216,Break O'Day Council,N/A,ECTT,Binalong Bay,,,Yes - featured,,
Omaru Beach House Scamander,ACCOMM,AU1552911,Scamander,7215,Break O'Day Council,N/A,ECTT,Scamander,,,Yes - featured,,
Enclave,ACCOMM,AU1553339,Winnaleah,7265,Dorset Council,N/A,VNT,Winnaleah,Yes - featured,,,,
Discover - Ebenezer Bicheno,ACCOMM,AU1554814,Bicheno,7215,Glamorgan Spring Bay Council,N/A,ECTT,Bicheno,,,Yes - featured,,
Billys Burgers and Bar,RESTAURANT,AU1556231,Hobart,7000,Hobart City Council,N/A,DST,Hobart,,Yes - featured,,,
The Tasmania Gliding Club,ATTRACTION,AU1556664,Tunbridge,7120,Southern Midlands Council,N/A,DST,Tunbridge,,Yes - featured,,,
Swansong,ACCOMM,AU1558424,St Helens,7216,Break O'Day Council,N/A,ECTT,St Helens,,,Yes - featured,,
takara limuna /Sheoak Walk,ATTRACTION,AU1561100,Geilston Bay,7015,Clarence City Council,N/A,DST,Geilston Bay,,Yes - featured,,,
Blessington Track & Cape Deliverance,ATTRACTION,AU1561179,South Arm,7022,Clarence City Council,N/A,DST,South Arm,,Yes - featured,,,
South Arm Peninsula Trail and Convict Trail,ATTRACTION,AU1561190,Sandford,7020,Clarence City Council,N/A,DST,Sandford,,Yes - featured,,,
Waverley Wildlife Walk,ATTRACTION,AU1561272,Mornington,7018,Clarence City Council,N/A,DST,Mornington,,Yes - featured,,,
Brinktop Reserve and Richmond Park Track,ATTRACTION,AU1561348,Sorell,7172,Sorell Council,N/A,DST,Sorell,,Yes - featured,,,
EVRide Tasmania,TRANSPORT,AU1561350,Queens Domain,7000,Hobart City Council,N/A,DST,Queens Domain,,Yes - featured,,,
Richmond Heritage Walk,ATTRACTION,AU1561403,Richmond,7025,Clarence City Council,N/A,DST,Richmond,,Yes - featured,,,
Bellerive Heritage Walk,ATTRACTION,AU1561414,Bellerive,7018,Clarence City Council,N/A,DST,Bellerive,,Yes - featured,,,
Utzinger Wines,RESTAURANT,AU1561461,Legana,7277,West Tamar Council,N/A,VNT,Legana,Yes - featured,,,,
Bellebonne Wine Company,RESTAURANT,AU1561520,Legana,7277,West Tamar Council,N/A,VNT,Legana,Yes - featured,,,,
"Steve Howells - Watercolour artist, Tasmania",ATTRACTION,AU1563760,Deloraine,7304,Meander Valley Council,N/A,VNT,Deloraine,Yes - featured,,,,
Pods on Fraser,ACCOMM,AU1564282,Bicheno,7215,Glamorgan Spring Bay Council,N/A,ECTT,Bicheno,,,Yes - featured,,
House on the Hillside Howrah,ACCOMM,AU1564378,Howrah,7018,Clarence City Council,N/A,DST,Howrah,,Yes - featured,,,
"'Salt and Sand"" Beach House",ACCOMM,AU1564769,Lauderdale,7021,Clarence City Council,N/A,DST,Lauderdale,,Yes - featured,,,
Mountain Biking Adventures Derby (MADMTB),TOUR,AU1565608,Derby,7264,Dorset Council,N/A,VNT,Derby,Yes - featured,,,,
Orchards Nest Tasmania,ACCOMM,AU1566791,Lucaston,7109,Huon Valley Council,N/A,DST,Lucaston,,Yes - featured,,,
Lucy - Incredible,ACCOMM,AU1566809,Bicheno,7215,Glamorgan Spring Bay Council,N/A,ECTT,Bicheno,,,Yes - featured,,
Diamond Skies,ACCOMM,AU1566895,Bicheno,7215,Glamorgan Spring Bay Council,N/A,ECTT,Bicheno,,,Yes - featured,,
The Watch House | Modern Home | Central Location,ACCOMM,AU1567786,Bicheno,7215,Glamorgan Spring Bay Council,N/A,ECTT,Bicheno,,,Yes - featured,,
Waterfront | Family Friendly | Spacious,ACCOMM,AU1567832,Bicheno,7215,Glamorgan Spring Bay Council,N/A,ECTT,Bicheno,,,Yes - featured,,
Mandarin Palace,RESTAURANT,AU1570161,Burnie,7320,Burnie Council,N/A,WxNW,Burnie,,,,,Yes - featured
OceanFront - Absolute Waterfront,ACCOMM,AU1572190,Bicheno,7215,Glamorgan Spring Bay Council,N/A,ECTT,Bicheno,,,Yes - featured,,
Seaside House - On Waubs Bay!,ACCOMM,AU1572887,Bicheno,7215,Glamorgan Spring Bay Council,N/A,ECTT,Bicheno,,,Yes - featured,,
Pippi's - Everything you need,ACCOMM,AU1572951,Bicheno,7215,Glamorgan Spring Bay Council,N/A,ECTT,Bicheno,,,Yes - featured,,
Sea-Cret Getaway,ACCOMM,AU1573070,Bicheno,7215,Glamorgan Spring Bay Council,N/A,ECTT,Bicheno,,,Yes - featured,,
Maydena Eats,RESTAURANT,AU1573172,Maydena,7140,Derwent Valley Council,N/A,DST,Maydena,,Yes - featured,,,
Luke Tscharke Photography,TOUR,AU1574591,Hobart,7000,Hobart City Council,N/A,DST,Hobart,,Yes - featured,,,
Anchored at Bicheno,ACCOMM,AU1575100,Bicheno,7215,Glamorgan Spring Bay Council,N/A,ECTT,Bicheno,,,Yes - featured,,
Bask,ACCOMM,AU1575109,Bicheno,7215,Glamorgan Spring Bay Council,N/A,ECTT,Bicheno,,,Yes - featured,,
B e a c h H o u s e X I V,ACCOMM,AU1575128,Bicheno,7215,Glamorgan Spring Bay Council,N/A,ECTT,Bicheno,,,Yes - featured,,
Travellers Rest | Bicheno,ACCOMM,AU1575245,Bicheno,7215,Glamorgan Spring Bay Council,N/A,ECTT,Bicheno,,,Yes - featured,,
Family Friendly - Beach Outlook,ACCOMM,AU1575380,Bicheno,7215,Glamorgan Spring Bay Council,N/A,ECTT,Bicheno,,,Yes - featured,,
Spacious & Convenient - Azure,ACCOMM,AU1575567,Bicheno,7215,Glamorgan Spring Bay Council,N/A,ECTT,Bicheno,,,Yes - featured,,
Bicheno Gardens,ACCOMM,AU1575651,Bicheno,7215,Glamorgan Spring Bay Council,N/A,ECTT,Bicheno,,,Yes - featured,,
Three Sisters Retreat,ACCOMM,AU1575850,Penguin,7316,Central Coast Council,N/A,WxNW,Penguin,,,,,Yes - featured
Littlegrove Bruny Island,ACCOMM,AU1575922,Adventure Bay,7150,Kingborough Council,N/A,DST,Adventure Bay,,Yes - featured,,,
Winston's Beach House,ACCOMM,AU1579419,Bicheno,7215,Glamorgan Spring Bay Council,N/A,ECTT,Bicheno,,,Yes - featured,,
Barefoot Bungalow | Cosy Bicheno Hideaway,ACCOMM,AU1579540,Bicheno,7215,Glamorgan Spring Bay Council,N/A,ECTT,Bicheno,,,Yes - featured,,
"The Barn - Georges Bay, St Helens",ACCOMM,AU1579660,St Helens,7216,Break O'Day Council,N/A,ECTT,St Helens,,,Yes - featured,,
A Moment Of Tea,RESTAURANT,AU1579746,Battery Point,7004,Hobart City Council,N/A,DST,Battery Point,,Yes - featured,,,
Fun Tassie Tours,TOUR,AU1581783,Hobart,7000,Hobart City Council,N/A,DST,Hobart,,Yes - featured,,,
Bar at The Exchange Beaconsfield,RESTAURANT,AU1582251,Beaconsfield,7270,West Tamar Council,N/A,VNT,Beaconsfield,Yes - featured,,,,
Cottage on Quayle,ACCOMM,AU1582523,Battery Point,7004,Hobart City Council,N/A,DST,Battery Point,,Yes - featured,,,
APOGEE TASMANIA,RESTAURANT,AU1584045,Lebrina,7254,Launceston City Council,N/A,VNT,Lebrina,Yes - featured,,,,
Coco Blue,ATTRACTION,AU1593961,Campbell Town,7210,Northern Midlands Council,N/A,VNT,Campbell Town,Yes - featured,,,,
Sandpiper Beach House,ACCOMM,AU1594070,Low Head,7253,George Town Council,N/A,VNT,Low Head,Yes - featured,,,,
Gordon Dam,ATTRACTION,AU1594517,Strathgordon,7139,Derwent Valley Council,N/A,DST,Strathgordon,,Yes - featured,,,
Yarmouth Guest House,ACCOMM,AU1598272,Scamander,7215,Break O'Day Council,N/A,ECTT,Scamander,,,Yes - featured,,
Tillrander - Scamander Retreat,ACCOMM,AU1598282,Scamander,7215,Break O'Day Council,N/A,ECTT,Scamander,,,Yes - featured,,
Georges Bay Luxury,ACCOMM,AU1598300,St Helens,7216,Break O'Day Council,N/A,ECTT,St Helens,,,Yes - featured,,
Scamander Beach House,ACCOMM,AU1598303,Scamander,7215,Break O'Day Council,N/A,ECTT,Scamander,,,Yes - featured,,
s u n s e t s h a c k | Binalong,ACCOMM,AU1598311,Binalong Bay,7216,Break O'Day Council,N/A,ECTT,Binalong Bay,,,Yes - featured,,
Central Highlands Base Camp Lodge,ACCOMM,AU1598487,Brandum,7304,Central Highlands Council,N/A,DST,Brandum,,Yes - featured,,,
Leven River Camping on Wattle Farm,ACCOMM,AU1600816,North Motton,7315,Central Coast Council,N/A,WxNW,North Motton,,,,,Yes - featured
Lost Captain Restaurant & Taphouse,RESTAURANT,AU1601842,Huonville,7109,Huon Valley Council,N/A,DST,Huonville,,Yes - featured,,,
The Bay House,ACCOMM,AU1603195,Opossum Bay,7023,Clarence City Council,N/A,DST,Opossum Bay,,Yes - featured,,,
Little Banksia,ACCOMM,AU1603785,Bicheno,7215,Glamorgan Spring Bay Council,N/A,ECTT,Bicheno,,,Yes - featured,,
Hidden on Huon,ACCOMM,AU1604450,Police Point,7116,Huon Valley Council,N/A,DST,Police Point,,Yes - featured,,,
Huon River Hideaway,ACCOMM,AU1604976,Cradoc,7109,Huon Valley Council,N/A,DST,Cradoc,,Yes - featured,,,
Apartment on James,ACCOMM,AU1605219,Bicheno,7215,Glamorgan Spring Bay Council,N/A,ECTT,Bicheno,,,Yes - featured,,
Haven on James - Luxurious Ocean Vista,ACCOMM,AU1605341,Bicheno,7215,Glamorgan Spring Bay Council,N/A,ECTT,Bicheno,,,Yes - featured,,
Mara House,ACCOMM,AU1605451,Stieglitz,7216,Break O'Day Council,N/A,ECTT,Stieglitz,,,Yes - featured,,
Cool and Calm on Kiama,ACCOMM,AU1608073,Akaroa,7216,Break O'Day Council,N/A,ECTT,Akaroa,,,Yes - featured,,
The Hub - Seaside,RESTAURANT,AU1608745,Binalong Bay,7216,Break O'Day Council,N/A,ECTT,Binalong Bay,,,Yes - featured,,
Potters Hill Walking Track,ATTRACTION,AU1611165,South Arm,7022,Clarence City Council,N/A,DST,South Arm,,Yes - featured,,,
Clarence Mountain Bike Park and Meehan Range,ATTRACTION,AU1611169,Warrane,7018,Clarence City Council,N/A,DST,Warrane,,Yes - featured,,,
Clarence Foreshore Trail,ATTRACTION,AU1611176,Geilston Bay,7015,Clarence City Council,N/A,DST,Geilston Bay,,Yes - featured,,,
The Source Restaurant at Mona,RESTAURANT,AU1613348,Berriedale,7011,Glenorchy Council,N/A,DST,Berriedale,,Yes - featured,,,
Ultimate Winery Experiences Australia - Tasmania,TOUR,AU1613458,Hobart,7000,Hobart City Council,N/A,DST,Hobart,,Yes - featured,,,
From Sky to Sea,ATTRACTION,AU1620050,Devonport,7310,Devonport City Council,N/A,WxNW,Devonport,,,,,Yes - featured
Woolnorth Bluff Point & Studland Bay Wind Farms,ATTRACTION,AU1620258,Woolnorth,7330,Circular Head Council,N/A,WxNW,Woolnorth,,,,,Yes - featured
Cherry Tree Hill,ACCOMM,AU1622621,Apslawn,7190,Glamorgan Spring Bay Council,N/A,ECTT,Apslawn,,,Yes - featured,,
The Rectory Zeehan,ACCOMM,AU1625364,Zeehan,7469,West Coast Council,N/A,WxNW,Zeehan,,,,Yes - featured,
Boat Reflections,ACCOMM,AU1626468,Franklin,7113,Huon Valley Council,N/A,DST,Franklin,,Yes - featured,,,
Tassie Fly Guide,TOUR,AU1626932,Hobart,7000,Hobart City Council,N/A,DST,Hobart,,Yes - featured,,,
Westbury Recreation Ground,GENSERVICE,AU1630223,Westbury,7303,Meander Valley Council,N/A,VNT,Westbury,Yes - featured,,,,
Westbury Dump Point,GENSERVICE,AU1630277,Westbury,7303,Meander Valley Council,N/A,VNT,Westbury,Yes - featured,,,,
Apricus,RESTAURANT,AU1633867,Norwood,7250,Launceston City Council,N/A,VNT,Norwood,Yes - featured,,,,
Sunset Rise,ACCOMM,AU1639465,Alonnah,7150,Kingborough Council,N/A,DST,Alonnah,,Yes - featured,,,
GirlsTrek Tasmania,TOUR,AU1640525,Cambridge,7170,Clarence City Council,N/A,DST,Cambridge,,Yes - featured,,,
Frankie's Coffee House,RESTAURANT,AU1643160,Launceston,7250,Launceston City Council,N/A,VNT,Launceston,Yes - featured,,,,
Chauffeur Cars Luxury Tours & Transfers,TOUR,AU1646063,Hobart,7001,Hobart City Council,N/A,DST,Hobart,,Yes - featured,,,
Bicheno Brewing,RESTAURANT,AU1647205,Bicheno,7215,Glamorgan Spring Bay Council,N/A,ECTT,Bicheno,,,Yes - featured,,
Vin Smith Collection,ATTRACTION,AU1647921,Geeveston,7116,Huon Valley Council,N/A,DST,Geeveston,,Yes - featured,,,
BIG.SHED.HOUSE,ACCOMM,AU1648326,Huonville,7109,Huon Valley Council,N/A,DST,Huonville,,Yes - featured,,,
Little Island Photo Co,GENSERVICE,AU1651386,Goulds Country,7216,Break O'Day Council,N/A,ECTT,Goulds Country,,,Yes - featured,,
The Lady Nelson Tall Ship,TOUR,AU1651404,Hobart,7000,Hobart City Council,N/A,DST,Hobart,,Yes - featured,,,
Haven on High,ACCOMM,AU1651802,Campbell Town,7210,Northern Midlands Council,N/A,VNT,Campbell Town,Yes - featured,,,,
Eventide Sanctuary,ACCOMM,AU2003676,Carlton River,7173,Sorell Council,N/A,DST,Carlton River,,Yes - featured,,,
Visitor Centre Gift Shop,GENSERVICE,AU1655834,Geeveston,7116,Huon Valley Council,N/A,DST,Geeveston,,Yes - featured,,,
Calcified Forest (King Island) - Great Short Walk,ATTRACTION,AU1656282,Surprise Bay,7256,King Island Council,N/A,WxNW,Surprise Bay,,,,,Yes - featured
Hamlet Downs Country Hideaway,ACCOMM,AU1657328,Fentonbury,7140,Central Highlands Council,N/A,DST,Fentonbury,,Yes - featured,,,
Redbill Surf Shack,ACCOMM,AU1658632,Bicheno,7215,Glamorgan Spring Bay Council,N/A,ECTT,Bicheno,,,Yes - featured,,
Australian Geographic Travel,TOUR,AU1659566,Hobart,7000,Hobart City Council,N/A,DST,Hobart,,Yes - featured,,,
Chauffeur Cars Luxury Tours & Transfers,TRANSPORT,AU1660063,Hobart,7000,Hobart City Council,N/A,DST,Hobart,,Yes - featured,,,
Merriworth Wines,RESTAURANT,AU1662340,Tea Tree,7017,Brighton Council,N/A,DST,Tea Tree,,Yes - featured,,,
AprÃ¨s VÃ©lo Cycling Tours,TOUR,AU1664975,Taroona,7053,Kingborough Council,N/A,DST,Taroona,,Yes - featured,,,
Shack In The Dunes,ACCOMM,AU1666500,Weymouth,7252,George Town Council,N/A,VNT,Weymouth,Yes - featured,,,,
Lobster Pot Cabin,ACCOMM,AU1666519,Coles Bay,7215,Glamorgan Spring Bay Council,N/A,ECTT,Coles Bay,,,Yes - featured,,
The House Paddock,RESTAURANT,AU1668271,Scottsdale,7260,Dorset Council,N/A,VNT,Scottsdale,Yes - featured,,,,
Bellamona,ACCOMM,AU1673090,Longford,7301,Northern Midlands Council,N/A,VNT,Longford,Yes - featured,,,,
Humbug Bunk House & Hot Tub,ACCOMM,AU1673345,St Helens,7216,Break O'Day Council,N/A,ECTT,St Helens,,,Yes - featured,,
House Peron - Bayside Luxury,ACCOMM,AU1673414,Stieglitz,7216,Break O'Day Council,N/A,ECTT,Stieglitz,,,Yes - featured,,
The Bambino - By Casa Bicheno,ACCOMM,AU1673548,Bicheno,7215,Glamorgan Spring Bay Council,N/A,ECTT,Bicheno,,,Yes - featured,,
Gull's Whisper - all you need,ACCOMM,AU1673631,Falmouth,7215,Break O'Day Council,N/A,ECTT,Falmouth,,,Yes - featured,,
Belvoir Tasmania,ACCOMM,AU1677366,West Launceston,7250,Launceston City Council,N/A,VNT,West Launceston,Yes - featured,,,,
Little Sisters General Store,RESTAURANT,AU1679388,Sisters Beach,7321,Waratah-Wynyard Council,N/A,WxNW,Sisters Beach,,,,,Yes - featured
Hillwood Rock Climbing,ATTRACTION,AU1682089,Hillwood,7252,George Town Council,N/A,VNT,Hillwood,Yes - featured,,,,
Coal River Valley Explorer Bus,TOUR,AU1685959,Hobart,7000,Hobart City Council,N/A,DST,Hobart,,Yes - featured,,,
Laneway 98,ACCOMM,AU1686694,South Hobart,7004,Hobart City Council,N/A,DST,South Hobart,,Yes - featured,,,
Port Sorell Caravan Park,ACCOMM,AU1688983,Port Sorell,7307,Latrobe Council,N/A,WxNW,Port Sorell,,,,,Yes - featured
Saigon Art Gallery,ATTRACTION,AU1692434,Glenorchy,7010,Glenorchy Council,N/A,DST,Glenorchy,,Yes - featured,,,
Saigon Art Cafe,RESTAURANT,AU1692633,Glenorchy,7010,Glenorchy Council,N/A,DST,Glenorchy,,Yes - featured,,,
Sixty - King Island,ACCOMM,AU1694126,Currie,7256,King Island Council,N/A,WxNW,Currie,,,,,Yes - featured
Alimento,RESTAURANT,AU1694236,Swansea,7190,Glamorgan Spring Bay Council,N/A,ECTT,Swansea,,,Yes - featured,,
Rose's Villa,ACCOMM,AU1695576,Stanley,7331,Circular Head Council,N/A,WxNW,Stanley,,,,,Yes - featured
One North Terrace,ACCOMM,AU1695620,Burnie,7320,Burnie Council,N/A,WxNW,Burnie,,,,,Yes - featured
The Izzy Bar,RESTAURANT,AU1696262,South Bruny,7150,Kingborough Council,N/A,DST,South Bruny,,Yes - featured,,,
"Easy Tiger St Helens Restaurant, Bar, Cinema and Brewery",RESTAURANT,AU1702762,St Helens,7216,Break O'Day Council,N/A,ECTT,St Helens,,,Yes - featured,,
Fives Leaves Left - Wine & Books,ATTRACTION,AU1702949,Hobart,7000,Hobart City Council,N/A,DST,Hobart,,Yes - featured,,,
Leal Lodge,ACCOMM,AU1703974,Beauty Point,7270,West Tamar Council,N/A,VNT,Beauty Point,Yes - featured,,,,
Women's Fitness Adventures Tasmania,TOUR,AU1706119,Hobart,7000,Hobart City Council,N/A,DST,Hobart,,Yes - featured,,,
Bicheno Sands - space and the sea,ACCOMM,AU1707198,Bicheno,7215,Glamorgan Spring Bay Council,N/A,ECTT,Bicheno,,,Yes - featured,,
West Tamar Fungi,RESTAURANT,AU1707264,Invermay,7248,Launceston City Council,N/A,VNT,Invermay,Yes - featured,,,,
Turnstone Beach House,ACCOMM,AU1707834,Loorana,7256,King Island Council,N/A,WxNW,Loorana,,,,,Yes - featured
LeKoh,RESTAURANT,AU1708188,Launceston,7250,Launceston City Council,N/A,VNT,Launceston,Yes - featured,,,,
Slow River,ACCOMM,AU1710559,Scamander,7215,Break O'Day Council,N/A,ECTT,Scamander,,,Yes - featured,,
Jam Packed CafÃ©,RESTAURANT,AU1714140,Hobart,7000,Hobart City Council,N/A,DST,Hobart,,Yes - featured,,,
Borradale Stanley,ACCOMM,AU1715393,Stanley,7331,Circular Head Council,N/A,WxNW,Stanley,,,,,Yes - featured
LumiÃ¨re Lodge,ACCOMM,AU1720018,West Hobart,7000,Hobart City Council,N/A,DST,West Hobart,,Yes - featured,,,
Casa Bicheno | Luxury Villa,ACCOMM,AU1720663,Bicheno,7215,Glamorgan Spring Bay Council,N/A,ECTT,Bicheno,,,Yes - featured,,
Windrift Retreat - Family & Sea,ACCOMM,AU1720664,Bicheno,7215,Glamorgan Spring Bay Council,N/A,ECTT,Bicheno,,,Yes - featured,,
Cooinda - on the beachfront - Bicheno,ACCOMM,AU1720665,Bicheno,7215,Glamorgan Spring Bay Council,N/A,ECTT,Bicheno,,,Yes - featured,,
Wilder Tasmania,ACCOMM,AU1721983,Gowrie Park,7306,Kentish Council,N/A,WxNW,Gowrie Park,,,,,Yes - featured
The Tailored Pod,ACCOMM,AU1724795,Lewisham,7173,Sorell Council,N/A,DST,Lewisham,,Yes - featured,,,
Hilltop Escape,ACCOMM,AU1724836,Karoola,7267,Launceston City Council,N/A,VNT,Karoola,Yes - featured,,,,
Old Wetmore BnB,ACCOMM,AU1724977,Ross,7209,Northern Midlands Council,N/A,VNT,Ross,Yes - featured,,,,
Kingston Beach Golf Club,ATTRACTION,AU1725122,Kingston,7050,Kingborough Council,N/A,DST,Kingston,,Yes - featured,,,
Swan River Sanctuary,ACCOMM,AU1726456,Swansea,7190,Glamorgan Spring Bay Council,N/A,ECTT,Swansea,,,Yes - featured,,
Felix Espresso & Wine,RESTAURANT,AU1730053,Launceston,7250,Launceston City Council,N/A,VNT,Launceston,Yes - featured,,,,
VanMania,HIRE,AU1730069,Cambridge,7170,Clarence City Council,N/A,DST,Cambridge,,Yes - featured,,,
Abercrombie Coffee,RESTAURANT,AU1730097,North Hobart,7000,Hobart City Council,N/A,DST,North Hobart,,Yes - featured,,,
South Arm Beach House,ACCOMM,AU1731209,South Arm,7022,Clarence City Council,N/A,DST,South Arm,,Yes - featured,,,
Freycinet Aqua Express - Pennicott Wilderness Journeys,TRANSPORT,AU1731565,Coles Bay,7215,Glamorgan Spring Bay Council,N/A,ECTT,Coles Bay,,,Yes - featured,,
The River Mouth Cafe,RESTAURANT,AU1732287,Scamander,7215,Break O'Day Council,N/A,ECTT,Scamander,,,Yes - featured,,
The Ross Hotel,RESTAURANT,AU1733783,Ross,7209,Northern Midlands Council,N/A,VNT,Ross,Yes - featured,,,,
Quality Hotel Colonial Launceston,ACCOMM,AU1733949,Launceston,7250,Launceston City Council,N/A,VNT,Launceston,Yes - featured,,,,
Huon Glass & Art,ATTRACTION,AU1736729,Huonville,7109,Huon Valley Council,N/A,DST,Huonville,,Yes - featured,,,
Bradys Lake,ATTRACTION,AU1738730,Bradys Lake,7140,Central Highlands Council,N/A,DST,Bradys Lake,,Yes - featured,,,
Pandani Pilates,GENSERVICE,AU1738757,St Helens,7216,Break O'Day Council,N/A,ECTT,St Helens,,,Yes - featured,,
Bronte Lagoon,ATTRACTION,AU1739135,Bronte Park,7140,Central Highlands Council,N/A,DST,Bronte Park,,Yes - featured,,,
Lake Binney,ATTRACTION,AU1739138,Hobart,7000,Hobart City Council,N/A,DST,Hobart,,Yes - featured,,,
Laughing Jack Lagoon,ATTRACTION,AU1739176,Bronte Park,7140,Central Highlands Council,N/A,DST,Bronte Park,,Yes - featured,,,
Springfield Deer Farm,RESTAURANT,AU1740321,Mole Creek,7304,Meander Valley Council,N/A,VNT,Mole Creek,Yes - featured,,,,
Hopfields Brewery,RESTAURANT,AU1741454,Margate,7054,Kingborough Council,Huon Valley Council,DST,Margate,,Yes - featured,,,
Cascade Cottage Hobart,ACCOMM,AU1741457,South Hobart,7004,Hobart City Council,N/A,DST,South Hobart,,Yes - featured,,,
The View Studio Sandy Bay,ACCOMM,AU1741725,Sandy Bay,7005,Hobart City Council,N/A,DST,Sandy Bay,,Yes - featured,,,
Mountain View Villa,ACCOMM,AU1741829,Bellerive,7018,Clarence City Council,N/A,DST,Bellerive,,Yes - featured,,,
The Kentish,RESTAURANT,AU1742289,Oatlands,7120,Southern Midlands Council,N/A,DST,Oatlands,,Yes - featured,,,
The Church Campbell Town,ATTRACTION,AU1742747,Campbell Town,7210,Northern Midlands Council,N/A,VNT,Campbell Town,Yes - featured,,,,
Marrawah Inn,RESTAURANT,AU1742750,Marrawah,7330,Circular Head Council,N/A,WxNW,Marrawah,,,,,Yes - featured
DoubleTree by Hilton Hobart,ACCOMM,AU1742763,Hobart,7000,Hobart City Council,N/A,DST,Hobart,,Yes - featured,,,
Cygnet Gallery,ATTRACTION,AU1742855,Cygnet,7112,Huon Valley Council,N/A,DST,Cygnet,,Yes - featured,,,
The Lookout Bay of Fires,ACCOMM,AU1745188,Binalong Bay,7216,Break O'Day Council,N/A,ECTT,Binalong Bay,,,Yes - featured,,
Lovely 2-Bedroom Home with Great Views,ACCOMM,AU1745887,Sandy Bay,7005,Hobart City Council,N/A,DST,Sandy Bay,,Yes - featured,,,
"""Tapanak"" Townhouse",ACCOMM,AU1745913,West Hobart,7000,Hobart City Council,N/A,DST,West Hobart,,Yes - featured,,,
Karinya Apartment,ACCOMM,AU1746008,Geilston Bay,7015,Clarence City Council,N/A,DST,Geilston Bay,,Yes - featured,,,
Bay Days - Binalong Bay,ACCOMM,AU1747792,Binalong Bay,7216,Break O'Day Council,N/A,ECTT,Binalong Bay,,,Yes - featured,,
Bay Hideaway Stieglitz,ACCOMM,AU1747847,Stieglitz,7216,Break O'Day Council,N/A,ECTT,Stieglitz,,,Yes - featured,,
Suntrap Cove,ACCOMM,AU1748076,Bicheno,7215,Glamorgan Spring Bay Council,N/A,ECTT,Bicheno,,,Yes - featured,,
Tarraleah Power Station Lookout,ATTRACTION,AU1748216,Tarraleah,7140,Central Highlands Council,N/A,DST,Tarraleah,,Yes - featured,,,
Lake Gairdner,ATTRACTION,AU1748259,Moina,7310,Kentish Council,N/A,WxNW,Moina,,,,,Yes - featured
Lake Parangana,ATTRACTION,AU1748454,Mersey Forest,7304,Meander Valley Council,N/A,VNT,Mersey Forest,Yes - featured,,,,
Lake Mackintosh,ATTRACTION,AU1748478,Tullah,7469,West Coast Council,N/A,WxNW,Tullah,,,,Yes - featured,
Sandridge Estate,ACCOMM,AU1748706,Boat Harbour,7321,Waratah-Wynyard Council,N/A,WxNW,Boat Harbour,,,,,Yes - featured
Pure Mist Water and Distillery,RESTAURANT,AU1750732,Geeveston,7116,Huon Valley Council,N/A,DST,Geeveston,,Yes - featured,,,
Beulah House,ACCOMM,AU1751537,East Launceston,7250,Launceston City Council,N/A,VNT,East Launceston,Yes - featured,,,,
Almost Heaven Clydesdales,ACCOMM,AU1752686,Sheffield,7306,Kentish Council,N/A,WxNW,Sheffield,,,,,Yes - featured
Eagle Ridge Retreat,ACCOMM,AU1752727,Kettering,7155,Kingborough Council,N/A,DST,Kettering,,Yes - featured,,,
Earthenry Farm,ATTRACTION,AU1753680,Lower Snug,7054,Kingborough Council,N/A,DST,Lower Snug,,Yes - featured,,,
Badgers Flats,ACCOMM,AU1754747,Lonnavale,7109,Huon Valley Council,N/A,DST,Lonnavale,,Yes - featured,,,
Van Experiences Tasmania,HIRE,AU1755344,Acton Park,7170,Clarence City Council,N/A,DST,Acton Park,,Yes - featured,,,
Bicheno Pine Ridge,ACCOMM,AU1755623,Bicheno,7215,Glamorgan Spring Bay Council,N/A,ECTT,Bicheno,,,Yes - featured,,
Black Cockatoos' Rest,ACCOMM,AU1757432,Franklin,7113,Huon Valley Council,N/A,DST,Franklin,,Yes - featured,,,
The Kentish Accommodation,ACCOMM,AU1759591,Oatlands,7120,Southern Midlands Council,N/A,DST,Oatlands,,Yes - featured,,,
George Town Art and Artisans,ATTRACTION,AU1760909,George Town,7253,George Town Council,N/A,VNT,George Town,Yes - featured,,,,
Sylvie Hobart,RESTAURANT,AU1761726,Hobart,7000,Hobart City Council,N/A,DST,Hobart,,Yes - featured,,,
Lake Barrington International Rowing Course,ATTRACTION,AU1763162,Staverton,7306,Kentish Council,N/A,WxNW,Staverton,,,,,Yes - featured
Lake Plimsoll,ATTRACTION,AU1764342,Granville Harbour,7469,West Coast Council,N/A,WxNW,Granville Harbour,,,,Yes - featured,
Lake Cethana,ATTRACTION,AU1764343,Cethana,7306,Kentish Council,N/A,WxNW,Cethana,,,,,Yes - featured
Evry Drive,HIRE,AU1764894,Hobart,7000,Hobart City Council,N/A,DST,Hobart,,Yes - featured,,,
Bradys Lake Camping,ACCOMM,AU1765006,Bradys Lake,7140,Central Highlands Council,N/A,DST,Bradys Lake,,Yes - featured,,,
Bronte Lagoon Camping,ACCOMM,AU1765007,Bronte Park,7140,Central Highlands Council,N/A,DST,Bronte Park,,Yes - featured,,,
Lake Binney Camping,ACCOMM,AU1765021,Tullah,7321,West Coast Council,N/A,WxNW,Tullah,,,,Yes - featured,
Laughing Jack Lagoon Camping,ACCOMM,AU1765034,Bronte Park,7140,Central Highlands Council,N/A,DST,Bronte Park,,Yes - featured,,,
Lake Cethana Camping,ACCOMM,AU1765056,Tullah,7321,West Coast Council,N/A,WxNW,Tullah,,,,Yes - featured,
Harmony on High Street,ATTRACTION,AU1765609,Campbell Town,7210,Northern Midlands Council,N/A,VNT,Campbell Town,Yes - featured,,,,
Coal River Region Wine Hopper,TRANSPORT,AU1765873,Moonah,7009,Glenorchy Council,N/A,DST,Moonah,,Yes - featured,,,
Wild On West,ATTRACTION,AU1768340,West Mooreville,7321,Burnie Council,N/A,WxNW,West Mooreville,,,,,Yes - featured
On the Edge,RESTAURANT,AU1769200,Coles Bay,7215,Glamorgan Spring Bay Council,N/A,ECTT,Coles Bay,,,Yes - featured,,
Old Orchard Farmstay,ACCOMM,AU1769635,Port Huon,7116,Huon Valley Council,N/A,DST,Port Huon,,Yes - featured,,,
Boathouse Coffee,RESTAURANT,AU1770141,Invermay,7248,Launceston City Council,N/A,VNT,Invermay,Yes - featured,,,,
Adelie Wine Bar,RESTAURANT,AU1772177,Penguin,7316,Central Coast Council,N/A,WxNW,Penguin,,,,,Yes - featured
Hartwood Farm,ACCOMM,AU1775085,Geeveston,7116,Huon Valley Council,N/A,DST,Geeveston,,Yes - featured,,,
West Coast Kayaking,TOUR,AU1775556,Strahan,7468,West Coast Council,N/A,WxNW,Strahan,,,,Yes - featured,
Penguin Visitor Information Centre,INFO,AU1775911,Penguin,7316,Central Coast Council,N/A,WxNW,Penguin,,,,,Yes - featured
Harbour Lights Cafe,RESTAURANT,AU1776024,Hobart,7000,Hobart City Council,N/A,DST,Hobart,,Yes - featured,,,
Lake Burbury,GENSERVICE,AU0926783,Queenstown,7467,West Coast Council,N/A,WxNW,Queenstown,,,,Yes - featured,
Lake Burbury Darwin Dam Campground,ACCOMM,AU1777208,Southwest,7116,West Coast Council,N/A,WxNW,Queenstown,,,,Yes - featured,
Fern Mt Field,ACCOMM,AU1778416,Tyenna,7140,Derwent Valley Council,N/A,DST,Tyenna,,Yes - featured,,,
La Banque,ACCOMM,AU1780702,Invermay,7248,Launceston City Council,N/A,VNT,Invermay,Yes - featured,,,,
Heritage Pickers Hut Village at Hartzview Vineyard,ATTRACTION,AU1784168,Gardners Bay,7112,Huon Valley Council,N/A,DST,Gardners Bay,,Yes - featured,,,
Paddys Shack - the bush spa,ACCOMM,AU1784876,St Helens,7216,Break O'Day Council,N/A,ECTT,St Helens,,,Yes - featured,,
Undersong Perfumery,ATTRACTION,AU1785640,Bicheno,7215,Glamorgan Spring Bay Council,N/A,ECTT,Bicheno,,,Yes - featured,,
Wattle Hill Olives,ATTRACTION,AU1785922,Latrobe,7307,Latrobe Council,N/A,WxNW,Latrobe,,,,,Yes - featured
Handmark Gallery,ATTRACTION,AU1787282,Battery Point,7004,Hobart City Council,N/A,DST,Battery Point,,Yes - featured,,,
Ross Caravan Park,ACCOMM,AU1789017,Ross,7209,Northern Midlands Council,N/A,VNT,Ross,Yes - featured,,,,
The Patch @ Table Cape Tulip Farm,ATTRACTION,AU1789209,Wynyard,7325,Waratah-Wynyard Council,N/A,WxNW,Wynyard,,,,,Yes - featured
Caledon Estate,RESTAURANT,AU1790298,Richmond,7025,Clarence City Council,N/A,DST,Richmond,,Yes - featured,,,
Buckland Church,ATTRACTION,AU1790366,Buckland,7190,Glamorgan Spring Bay Council,N/A,ECTT,Buckland,,,Yes - featured,,
Huntsman Cottages,ACCOMM,AU1794418,Meander,7304,Meander Valley Council,N/A,VNT,Meander,Yes - featured,,,,
The Saddlers Cottage,ACCOMM,AU1794506,Carrick,7291,Meander Valley Council,N/A,VNT,Carrick,Yes - featured,,,,
"Geoff's - beach, bush and bliss",ACCOMM,AU1795626,Akaroa,7216,Break O'Day Council,N/A,ECTT,Akaroa,,,Yes - featured,,
The Wilds â€“ Beach & Bush,ACCOMM,AU1795869,Four Mile Creek,7215,Break O'Day Council,N/A,ECTT,Four Mile Creek,,,Yes - featured,,
Kingston Hotel,RESTAURANT,AU1799481,Kingston,7050,Kingborough Council,N/A,DST,Kingston,,Yes - featured,,,
Glass Holme,ACCOMM,AU1801827,West Hobart,7000,Hobart City Council,N/A,DST,West Hobart,,Yes - featured,,,
Maydena Lodge,ACCOMM,AU1802225,Maydena,7140,Derwent Valley Council,N/A,DST,Maydena,,Yes - featured,,,
Bambara - Luxury Tasmanian Escape,ACCOMM,AU1805306,Akaroa,7216,Break O'Day Council,N/A,ECTT,Akaroa,,,Yes - featured,,
Nomy Bar & Kitchen,RESTAURANT,AU1805385,Launceston,7250,Launceston City Council,N/A,VNT,Launceston,Yes - featured,,,,
1808 Lounge Bar,RESTAURANT,AU1808446,Launceston,7250,Launceston City Council,N/A,VNT,Launceston,Yes - featured,,,,
Cape Raoul Cruises - Pennicott Wilderness Journeys,TOUR,AU1808930,Port Arthur,7182,Tasman Council,N/A,DST,Port Arthur,,Yes - featured,,,
Hobart's TrikeMania Adventure Tours,TOUR,AU1810058,Hobart,7000,Hobart City Council,N/A,DST,Hobart,,Yes - featured,,,
Weeytena St Helens,ACCOMM,AU1811591,St Helens,7216,Break O'Day Council,N/A,ECTT,St Helens,,,Yes - featured,,
Waterfront Shack - Arcana,ACCOMM,AU1811593,Bicheno,7215,Glamorgan Spring Bay Council,N/A,ECTT,Bicheno,,,Yes - featured,,
Le Petit Chou,RESTAURANT,AU1814339,Launceston,7250,Launceston City Council,N/A,VNT,Launceston,Yes - featured,,,,
Lizzy's Hideaway,ACCOMM,AU1815007,North Hobart,7000,Hobart City Council,N/A,DST,North Hobart,,Yes - featured,,,
Beachfront Getaway,ACCOMM,AU1815105,Lauderdale,7021,Clarence City Council,N/A,DST,Lauderdale,,Yes - featured,,,
Hjemme Hobart,ACCOMM,AU1816046,Hobart,7000,Hobart City Council,N/A,DST,Hobart,,Yes - featured,,,
Sanctuary Bruny Island,ACCOMM,AU1816453,Adventure Bay,7150,Kingborough Council,N/A,DST,Adventure Bay,,Yes - featured,,,
Ogee,RESTAURANT,AU1816897,North Hobart,7000,Hobart City Council,N/A,DST,North Hobart,,Yes - featured,,,
Lanigan's,RESTAURANT,AU1817030,Rocky Cape,7321,Circular Head Council,Waratah-Wynyard Council,WxNW,Rocky Cape,,,,,Yes - featured
Hunnington Distillery,RESTAURANT,AU1817752,Kettering,7155,Kingborough Council,N/A,DST,Kettering,,Yes - featured,,,
Flotsam Seaside Accommodation Dunalley,ACCOMM,AU1823354,Dunalley,7177,Sorell Council,N/A,DST,Dunalley,,Yes - featured,,,
Roaring Beach House,ACCOMM,AU1823378,Nubeena,7184,Tasman Council,N/A,DST,Nubeena,,Yes - featured,,,
Tascape Images,TOUR,AU1823560,Mowbray,7248,Launceston City Council,N/A,VNT,Mowbray,Yes - featured,,,,
Creative Paper Tasmania,ATTRACTION,AU1824666,Wynyard,7325,Waratah-Wynyard Council,N/A,WxNW,Wynyard,,,,,Yes - featured
Camp.41,ACCOMM,AU1826906,Red Hills,7304,Meander Valley Council,N/A,VNT,Red Hills,Yes - featured,,,,
Stay@Stenar Studio,ACCOMM,AU1831627,Westbury,7303,Meander Valley Council,N/A,VNT,Westbury,Yes - featured,,,,
Calypso Beach House,ACCOMM,AU1839037,St Helens,7216,Break O'Day Council,N/A,ECTT,St Helens,,,Yes - featured,,
The Little Pearl,ACCOMM,AU1843449,St Helens,7216,Break O'Day Council,N/A,ECTT,St Helens,,,Yes - featured,,
Leoht,RESTAURANT,AU1843964,Battery Point,7004,Hobart City Council,N/A,DST,Battery Point,,Yes - featured,,,
Derwent Bridge Wilderness Hotel,RESTAURANT,AU1844428,Derwent Bridge,7140,Central Highlands Council,N/A,DST,Derwent Bridge,,Yes - featured,,,
Tassie Hempcrete Houses at Harvey Road,ACCOMM,AU1845650,Alonnah,7150,Kingborough Council,N/A,DST,Alonnah,,Yes - featured,,,
Brewlab,RESTAURANT,AU1845919,Derwent Park,7009,Glenorchy Council,N/A,DST,Derwent Park,,Yes - featured,,,
Bruce's Cafe,RESTAURANT,AU1848054,Wynyard,7325,Waratah-Wynyard Council,N/A,WxNW,Wynyard,,,,,Yes - featured
Diver's Fishing Charters Hobart,TOUR,AU1849281,Derwent Park,7009,Glenorchy Council,N/A,DST,Derwent Park,,Yes - featured,,,
Pitzi Pasta Bar,RESTAURANT,AU1851839,Hobart,7000,Hobart City Council,N/A,DST,Hobart,,Yes - featured,,,
Surfscape,ACCOMM,AU1851904,Bicheno,7215,Glamorgan Spring Bay Council,N/A,ECTT,Bicheno,,,Yes - featured,,
"Tunapri - Science, Nature & Culture",TOUR,AU1852722,Cooee,7320,Burnie Council,N/A,WxNW,Cooee,,,,,Yes - featured
Ogee Guesthouse,ACCOMM,AU1853134,North Hobart,7000,Hobart City Council,N/A,DST,North Hobart,,Yes - featured,,,
Mavista Cottage,ACCOMM,AU1853144,Adventure Bay,7150,Kingborough Council,N/A,DST,Adventure Bay,,Yes - featured,,,
Bruny Bay House: A Luxurious Escape Between Two Bays!,ACCOMM,AU1853257,South Bruny,7150,Kingborough Council,N/A,DST,South Bruny,,Yes - featured,,,
Vipp Tunnel,ACCOMM,AU1854709,Apollo Bay,7150,Kingborough Council,N/A,DST,Apollo Bay,,Yes - featured,,,
The Big Penguin,ATTRACTION,AU1857175,Penguin,7316,Central Coast Council,N/A,WxNW,Penguin,,,,,Yes - featured
"Integrative Intensives offer immersive wellness experiences in seaside Penguin, Tasmania.",GENSERVICE,AU1858050,Penguin,7316,Central Coast Council,N/A,WxNW,Penguin,,,,,Yes - featured
Marine Education Centre - Low Head Lighthouse Precinct,ATTRACTION,AU1861590,Low Head,7253,George Town Council,N/A,VNT,Low Head,Yes - featured,,,,
White Sage Skin and Wellness,ATTRACTION,AU1862174,Hobart,7000,Hobart City Council,N/A,DST,Hobart,,Yes - featured,,,
Huon Belle Homestead,ACCOMM,AU1865403,Waterloo,7109,Huon Valley Council,N/A,DST,Waterloo,,Yes - featured,,,
Post House,ACCOMM,AU1867808,Carlton River,7173,Sorell Council,N/A,DST,Carlton River,,Yes - featured,,,
Kid's Paradise,ATTRACTION,AU1868776,Riverside,7250,West Tamar Council,Meander Valley Council,VNT,Riverside,Yes - featured,,,,
Driftwood Dover,ACCOMM,AU1871458,Dover,7117,Huon Valley Council,N/A,DST,Dover,,Yes - featured,,,
Darcy's Cafe,RESTAURANT,AU1871481,Moonah,7009,Glenorchy Council,N/A,DST,Moonah,,Yes - featured,,,
Tranquilles Pop Up Restaurant,RESTAURANT,AU1871526,Lower Barrington,7306,Kentish Council,N/A,WxNW,Lower Barrington,,,,,Yes - featured
Playfish,RESTAURANT,AU1872776,Devonport,7310,Devonport City Council,N/A,WxNW,Devonport,,,,,Yes - featured
Erda Cafe,RESTAURANT,AU1873182,Hobart,7000,Hobart City Council,N/A,DST,Hobart,,Yes - featured,,,
Hinton Bay Vineyard,RESTAURANT,AU1873264,Hillwood,7252,George Town Council,N/A,VNT,Hillwood,Yes - featured,,,,
Little Oak Cygnet,ACCOMM,AU1873578,Cygnet,7112,Huon Valley Council,N/A,DST,Cygnet,,Yes - featured,,,
Tasmanian Photography Tours,TOUR,AU1873796,Hobart,7000,Hobart City Council,N/A,DST,Hobart,,Yes - featured,,,
Dave's Travel Group - Hobart,TOUR,AU1878750,Hobart,7000,Hobart City Council,N/A,DST,Hobart,,Yes - featured,,,
Mabel's Paddock,ACCOMM,AU1878754,Nabowla,7260,Dorset Council,N/A,VNT,Nabowla,Yes - featured,,,,
Lake Rosebery camping and paddling,ATTRACTION,AU1881115,Tullah,7321,West Coast Council,N/A,WxNW,Tullah,,,,Yes - featured,
The Shoreline Hotel Accomodation,ACCOMM,AU1883892,Howrah,7018,Clarence City Council,N/A,DST,Howrah,,Yes - featured,,,
The Shoreline Hotel Dining,RESTAURANT,AU1883906,Howrah,7018,Clarence City Council,N/A,DST,Howrah,,Yes - featured,,,
Ritual Coffee Roasters,RESTAURANT,AU1884194,Launceston,7248,Launceston City Council,N/A,VNT,Launceston,Yes - featured,,,,
Acacia Hills Retreat,ACCOMM,AU1887427,Acacia Hills,7306,Kentish Council,N/A,WxNW,Acacia Hills,,,,,Yes - featured
Penguin Skate Park,ATTRACTION,AU1887491,Penguin,7316,Central Coast Council,N/A,WxNW,Penguin,,,,,Yes - featured
Templo,RESTAURANT,AU1889082,Hobart,7000,Hobart City Council,N/A,DST,Hobart,,Yes - featured,,,
"Mt Edgcumbe House, Pointe RapidÃ© Estate & Vineyard",ACCOMM,AU1890441,Rowella,7270,West Tamar Council,N/A,VNT,Rowella,Yes - featured,,,,
Penguin RV Dump Point,GENSERVICE,AU1892429,Penguin,7316,Central Coast Council,N/A,WxNW,Penguin,,,,,Yes - featured
Milie Organics,ATTRACTION,AU1898026,Battery Point,7004,Hobart City Council,N/A,DST,Battery Point,,Yes - featured,,,
"Spindrift Falmouth, adventurers coastal haven",ACCOMM,AU1899691,Falmouth,7215,Break O'Day Council,N/A,ECTT,Falmouth,,,Yes - featured,,
Adrift@Sisters,ACCOMM,AU1903066,Sisters Beach,7321,Waratah-Wynyard Council,N/A,WxNW,Sisters Beach,,,,,Yes - featured
DineAlley Tours,TOUR,AU1905747,Dunalley,7177,Sorell Council,N/A,DST,Dunalley,,Yes - featured,,,
Urban Greek Restaurant,RESTAURANT,AU1907723,Hobart,7000,Hobart City Council,N/A,DST,Hobart,,Yes - featured,,,
Mrs Smith's,ACCOMM,AU1915804,Devonport,7310,Devonport City Council,N/A,WxNW,Devonport,,,,,Yes - featured
The Bothy at Dòigh Nàdair - Boat Harbour,ACCOMM,AU1915805,Boat Harbour,7321,Waratah-Wynyard Council,N/A,WxNW,Boat Harbour,,,,,Yes - featured
Orford Coastal Retreat by Peppy Beach Retreats,ACCOMM,AU1917338,Orford,7190,Glamorgan Spring Bay Council,N/A,ECTT,Orford,,,Yes - featured,,
Pipers Brook Truffles - Experiences - Accommodation - Events,RESTAURANT,AU1918693,Pipers Brook,7254,George Town Council,N/A,VNT,Pipers Brook,Yes - featured,,,,
The Boat House Retreat - Squeaking Point,ACCOMM,AU1919212,Squeaking Point,7307,Latrobe Council,N/A,WxNW,Squeaking Point,,,,,Yes - featured
The ultimate family getaway - Waubs Rest,ACCOMM,AU1922036,Bicheno,7215,Glamorgan Spring Bay Council,N/A,ECTT,Bicheno,,,Yes - featured,,
Best of the Best - Villa Redbill,ACCOMM,AU1922087,Bicheno,7215,Glamorgan Spring Bay Council,N/A,ECTT,Bicheno,,,Yes - featured,,
Briar Cottage,ACCOMM,AU1922132,Weldborough,7264,Break O'Day Council,N/A,ECTT,Weldborough,,,Yes - featured,,
Winsome Spirits,RESTAURANT,AU1924918,Woodstock,7109,Huon Valley Council,N/A,DST,Woodstock,,Yes - featured,,,
Sandtemple beach shack,ACCOMM,AU1924960,Cremorne,7024,Clarence City Council,N/A,DST,Cremorne,,Yes - featured,,,
Whitmore's Wild - Wildlife Interpretation Learning & Discovery,TOUR,AU1927101,Strahan,7468,West Coast Council,N/A,WxNW,Strahan,,,,Yes - featured,
Boxwood Mount Nelson,ACCOMM,AU1932062,Mount Nelson,7007,Hobart City Council,Kingborough Council,DST,Mount Nelson,,Yes - featured,,,
The Albert Brewery - Authentic Tasmanian Lagers,RESTAURANT,AU1933672,Moonah,7009,Glenorchy Council,N/A,DST,Moonah,,Yes - featured,,,
bruny NORTH,ATTRACTION,AU1935812,Dennes Point,7150,Kingborough Council,N/A,DST,Dennes Point,,Yes - featured,,,
Mr Percival,ACCOMM,AU1936468,Bicheno,7215,Glamorgan Spring Bay Council,N/A,ECTT,Bicheno,,,Yes - featured,,
Bicheno Beer Co.,RESTAURANT,AU1938113,Bicheno,7215,Glamorgan Spring Bay Council,N/A,ECTT,Bicheno,,,Yes - featured,,
Tasmanian Rover Ski Club,ACCOMM,AU1938992,Ben Lomond,7212,Northern Midlands Council,N/A,VNT,Ben Lomond,Yes - featured,,,,
Next Level Wellness and Recovery Centre,ATTRACTION,AU1940816,New Norfolk,7140,Derwent Valley Council,N/A,DST,New Norfolk,,Yes - featured,,,
Del Sol Treehouse,ACCOMM,AU1944514,Rosny,7018,Clarence City Council,N/A,DST,Rosny,,Yes - featured,,,
Spotty Dog Brewery and Taphouse,RESTAURANT,AU1948444,Derwent Park,7009,Glenorchy Council,N/A,DST,Derwent Park,,Yes - featured,,,
Off The Leash Tours,TOUR,AU1948723,Coningham,7054,Kingborough Council,N/A,DST,Coningham,,Yes - featured,,,
Redspot Car Rentals - Hobart Airport,HIRE,AU1951496,Cambridge,7170,Clarence City Council,N/A,DST,Cambridge,,Yes - featured,,,
Redspot Car Rentals - Hobart City,HIRE,AU1951898,Hobart,7000,Hobart City Council,N/A,DST,Hobart,,Yes - featured,,,
Redspot Car Rentals - Launceston Airport,HIRE,AU1951969,Western Junction,7212,Northern Midlands Council,N/A,VNT,Western Junction,Yes - featured,,,,
Redspot Car Rentals - Launceston City,HIRE,AU1952011,Launceston,7250,Launceston City Council,N/A,VNT,Launceston,Yes - featured,,,,
Cradle Mountain Sauna,ATTRACTION,AU1953073,Cradle Mountain,7306,Kentish Council,West Coast Council,WxNW,Cradle Mountain,,,,Yes - featured,Yes - featured
Sip & Style Co interactive hair and makeup masterclasses,ATTRACTION,AU1953925,Battery Point,7004,Hobart City Council,N/A,DST,Battery Point,,Yes - featured,,,
Serenity - Space for Everyone,ACCOMM,AU1956690,Stieglitz,7216,Break O'Day Council,N/A,ECTT,Stieglitz,,,Yes - featured,,
Six Russell,RESTAURANT,AU1963914,Sandy Bay,7005,Hobart City Council,N/A,DST,Sandy Bay,,Yes - featured,,,
The Sanctuary Devonport,ACCOMM,AU1964050,Don,7310,Devonport City Council,N/A,WxNW,Don,,,,,Yes - featured
The Lodge Pipers Brook Truffles,ACCOMM,AU1967512,Pipers Brook,7254,George Town Council,N/A,VNT,Pipers Brook,Yes - featured,,,,
Sol at Sisters Beach,ACCOMM,AU1970619,Sisters Beach,7321,Waratah-Wynyard Council,N/A,WxNW,Sisters Beach,,,,,Yes - featured
Shinrin Yoku North West,TOUR,AU1973542,Burnie,7320,Burnie Council,N/A,WxNW,Burnie,,,,,Yes - featured
Tassie Dhaba in Town,RESTAURANT,AU1975772,Launceston,7250,Launceston City Council,N/A,VNT,Launceston,Yes - featured,,,,
Dill Pickle Club,RESTAURANT,AU1977192,Launceston,7250,Launceston City Council,N/A,VNT,Launceston,Yes - featured,,,,
Lucky Ducks,RESTAURANT,AU1978539,Nubeena,7184,Tasman Council,N/A,DST,Nubeena,,Yes - featured,,,
Gaol House Cottages - The Eyrie,ACCOMM,AU1978581,Bicheno,7215,Glamorgan Spring Bay Council,N/A,ECTT,Bicheno,,,Yes - featured,,
Overland Track Shuttle,TRANSPORT,AU1978691,Devonport,7310,Devonport City Council,N/A,WxNW,Devonport,,,,,Yes - featured
Bridgecroft Bungalow,ACCOMM,AU1983817,Richmond,7025,Clarence City Council,N/A,DST,Richmond,,Yes - featured,,,
Last Frontier Vintage & Collectibles,ATTRACTION,AU1983854,Campbell Town,7210,Northern Midlands Council,N/A,VNT,Campbell Town,Yes - featured,,,,
Bushmere | Bay of Fires Escape,ACCOMM,AU1984382,Binalong Bay,7216,Break O'Day Council,N/A,ECTT,Binalong Bay,,,Yes - featured,,
Bichenobae,ACCOMM,AU1984406,Bicheno,7215,Glamorgan Spring Bay Council,N/A,ECTT,Bicheno,,,Yes - featured,,
Moon Lily Kitchen and Cakes,RESTAURANT,AU1986698,Beaconsfield,7270,West Tamar Council,N/A,VNT,Beaconsfield,Yes - featured,,,,
Rosebery Heritage Centre,ATTRACTION,AU1987843,Rosebery,7470,West Coast Council,N/A,WxNW,Rosebery,,,,Yes - featured,
"Becker Minty â€“ Curated Art, Fashion & Design",ATTRACTION,AU1989710,Battery Point,7004,Hobart City Council,N/A,DST,Battery Point,,Yes - featured,,,
Nunamara Hub,RESTAURANT,AU1992523,Nunamara,7259,Launceston City Council,N/A,VNT,Nunamara,Yes - featured,,,,
Luxe Style Picnics at The Church,RESTAURANT,AU1995208,Campbell Town,7210,Northern Midlands Council,N/A,VNT,Campbell Town,Yes - featured,,,,
Wynyard Bus Lines,TRANSPORT,AU1995384,Cambridge,7170,Clarence City Council,N/A,DST,Cambridge,,Yes - featured,,,
ScholÃ©,RESTAURANT,AU1995821,Hobart,7001,Hobart City Council,N/A,DST,Hobart,,Yes - featured,,,
Edge of the Bay,ACCOMM,AU2001475,Coles Bay,7215,Glamorgan Spring Bay Council,N/A,ECTT,Coles Bay,,,Yes - featured,,
Restaurant Maria,RESTAURANT,AU2002170,Hobart,7000,Hobart City Council,N/A,DST,Hobart,,Yes - featured,,,
Wobbly Gate Estate,ACCOMM,AU2003152,Yolla,7325,Waratah-Wynyard Council,N/A,WxNW,Yolla,,,,,Yes - featured
Unique Alpaca Pod,ACCOMM,AU2003160,Orielton,7172,Sorell Council,N/A,DST,Orielton,,Yes - featured,,,
Stringybark Bush Camp,ACCOMM,AU2003270,Blessington,7212,Launceston City Council,Northern Midlands Council,VNT,Blessington,Yes - featured,,,,
Strathaven,ACCOMM,AU2003400,Patersonia,7259,Launceston City Council,N/A,VNT,Patersonia,Yes - featured,,,,
The Forest,ACCOMM,AU2003455,Nunamara,7259,Launceston City Council,N/A,VNT,Nunamara,Yes - featured,,,,
Chillout Yurt for us girls COTU,ACCOMM,AU2003461,Spring Beach,7190,Glamorgan Spring Bay Council,N/A,ECTT,Spring Beach,,,Yes - featured,,
Misty mountain homestead,ACCOMM,AU2003496,Gardners Bay,7112,Huon Valley Council,N/A,DST,Gardners Bay,,Yes - featured,,,
Lazy Lab Farms,ACCOMM,AU2003528,Dromedary,7030,Brighton Council,N/A,DST,Dromedary,,Yes - featured,,,
Sunset Bliss,ACCOMM,AU2003535,Winnaleah,7265,Dorset Council,N/A,VNT,Winnaleah,Yes - featured,,,,
La Bena Tarkine Sanctuary,ACCOMM,AU2003538,Milabena,7325,Waratah-Wynyard Council,Circular Head Council,WxNW,Milabena,,,,,Yes - featured
Happy Healthy Valleys,ACCOMM,AU2003558,Upper Esk,7214,Break O'Day Council,N/A,ECTT,Upper Esk,,,Yes - featured,,
Southport Bay Views,ACCOMM,AU2003565,Southport,7109,Huon Valley Council,N/A,DST,Southport,,Yes - featured,,,
Our 1820s Home,ACCOMM,AU2003599,Bushy Park,7140,Derwent Valley Council,N/A,DST,Bushy Park,,Yes - featured,,,
The Gates of Heaven,ACCOMM,AU2003612,Beulah,7306,Kentish Council,N/A,WxNW,Beulah,,,,,Yes - featured
Sunny Banks.,ACCOMM,AU2003619,Hobart,7017,Hobart City Council,N/A,DST,Hobart,,Yes - featured,,,
Duckbill Banks Camp & Hot Tub,ACCOMM,AU2003658,Osmaston,7303,Meander Valley Council,N/A,VNT,Osmaston,Yes - featured,,,,
Rocky Cape Tavern and Caravan Park,ACCOMM,AU2003661,Rocky Cape,7321,Circular Head Council,Waratah-Wynyard Council,WxNW,Rocky Cape,,,,,Yes - featured
Raoul Bay Retreat,ACCOMM,AU2003669,Stormlea,7184,Tasman Council,N/A,DST,Stormlea,,Yes - featured,,,
Craigie Knowe Vineyard,ACCOMM,AU2003673,Cranbrook,7190,Glamorgan Spring Bay Council,N/A,ECTT,Cranbrook,,,Yes - featured,,
Eventide Sanctuary,ATTRACTION,AU1653193,Carlton River,7173,Sorell Council,N/A,DST,Carlton River,,Yes - featured,,,
Heimat Farmstay,ACCOMM,AU2003722,Black Hills,7140,Derwent Valley Council,Southern Midlands Council,DST,Black Hills,,Yes - featured,,,
BushCircus Camp,ACCOMM,AU2003726,Middleton,7163,Kingborough Council,N/A,DST,Middleton,,Yes - featured,,,
Camping in the Paddock Wilmot,ACCOMM,AU2003754,Wilmot,7310,Kentish Council,N/A,WxNW,Wilmot,,,,,Yes - featured
Friendlies Rest,ACCOMM,AU2003761,Coles Bay,7215,Glamorgan Spring Bay Council,N/A,ECTT,Coles Bay,,,Yes - featured,,
Dragon River Campground,ACCOMM,AU2003783,Branxholm,7261,Dorset Council,N/A,VNT,Branxholm,Yes - featured,,,,
Forrest Retreat,ACCOMM,AU2003829,Parkham,7304,Meander Valley Council,N/A,VNT,Parkham,Yes - featured,,,,
Quoin Ridge Camp Ground,ACCOMM,AU2003841,Hobart,7017,Hobart City Council,N/A,DST,Hobart,,Yes - featured,,,
Smithers farm,ACCOMM,AU2003860,Gawler,7315,Central Coast Council,N/A,WxNW,Gawler,,,,,Yes - featured
630 White Hill Road,ACCOMM,AU2003868,Forcett,7173,Sorell Council,N/A,DST,Forcett,,Yes - featured,,,
Robin Hoods Well Farmstay,ACCOMM,AU2003869,Sassafras,7307,Latrobe Council,N/A,WxNW,Sassafras,,,,,Yes - featured
Idle Valley,ACCOMM,AU2003878,Colebrook,7027,Southern Midlands Council,N/A,DST,Colebrook,,Yes - featured,,,
Mangana Land camping,ACCOMM,AU2003908,Mangana,7214,Break O'Day Council,N/A,ECTT,Mangana,,,Yes - featured,,
Woodleigh - where beach meets bush,ACCOMM,AU2003910,Adventure Bay,7150,Kingborough Council,N/A,DST,Adventure Bay,,Yes - featured,,,
Russell Falls Holiday Cottages,ACCOMM,AU2003919,National Park,7140,Central Highlands Council,Derwent Valley Council,DST,National Park,,Yes - featured,,,
Wombat Cottage,ACCOMM,AU2003951,Frankford,7275,West Tamar Council,N/A,VNT,Frankford,Yes - featured,,,,
Sea Cliff Lookout Bus,ACCOMM,AU2003999,Eaglehawk Neck,7179,Tasman Council,N/A,DST,Eaglehawk Neck,,Yes - featured,,,
Ladybug Campgrounds,ACCOMM,AU2004036,Oldina,7325,Waratah-Wynyard Council,N/A,WxNW,Oldina,,,,,Yes - featured
River Bend Havens - Camping,ACCOMM,AU2004055,Latrobe,7307,Latrobe Council,N/A,WxNW,Latrobe,,,,,Yes - featured
Mabel's Paddock RV Farm Stay,ACCOMM,AU2004078,Nabowla,7260,Dorset Council,N/A,VNT,Nabowla,Yes - featured,,,,
Camp Hill Farm,ACCOMM,AU2004083,Longley,7150,Kingborough Council,N/A,DST,Longley,,Yes - featured,,,
Something Something Farm,ACCOMM,AU2004085,Geeveston,7116,Huon Valley Council,N/A,DST,Geeveston,,Yes - featured,,,
River Retreat Leith - Forth River,ACCOMM,AU2004091,Leith,7315,Central Coast Council,Devonport City Council,WxNW,Leith,,,,,Yes - featured
The Barn @ Eden Farmstay,ACCOMM,AU2004098,Cygnet,7112,Huon Valley Council,N/A,DST,Cygnet,,Yes - featured,,,
Sheoak Woodland By The Sea,ACCOMM,AU2004107,Beaumaris,7215,Break O'Day Council,N/A,ECTT,Beaumaris,,,Yes - featured,,
Elvenhome Eco Farmstay Tasmania,ACCOMM,AU2004110,Weegena,7304,Meander Valley Council,N/A,VNT,Weegena,Yes - featured,,,,
Binalong Bay RV Site,ACCOMM,AU2004113,Binalong Bay,7216,Break O'Day Council,N/A,ECTT,Binalong Bay,,,Yes - featured,,
Badger's View Farmstay,ACCOMM,AU2004127,Railton,7305,Kentish Council,N/A,WxNW,Railton,,,,,Yes - featured
Misty Ridge,ACCOMM,AU2004137,Levendale,7120,Southern Midlands Council,N/A,DST,Levendale,,Yes - featured,,,
Cowries On Clifton,ACCOMM,AU2004143,Clifton Beach,7020,Clarence City Council,N/A,DST,Clifton Beach,,Yes - featured,,,
Sea Eagle,ACCOMM,AU2004145,Penguin,7316,Central Coast Council,N/A,WxNW,Penguin,,,,,Yes - featured
Itâ€™s 'Binalong' Time,ACCOMM,AU2004149,Binalong Bay,7216,Break O'Day Council,N/A,ECTT,Binalong Bay,,,Yes - featured,,
100 Acre Wood,ACCOMM,AU2004157,Lunawanna,7150,Kingborough Council,N/A,DST,Lunawanna,,Yes - featured,,,
Valley's Nest,ACCOMM,AU2004169,Fingal,7214,Break O'Day Council,N/A,ECTT,Fingal,,,Yes - featured,,
Nature's Edge,ACCOMM,AU2004173,Maydena,7140,Derwent Valley Council,N/A,DST,Maydena,,Yes - featured,,,
Waratah Alpaca and Pepperberry Farm,ACCOMM,AU2004178,Waratah,7321,Waratah-Wynyard Council,N/A,WxNW,Waratah,,,,,Yes - featured
Sunridge Valley Views,ACCOMM,AU2004200,Sunnyside,7305,Kentish Council,N/A,WxNW,Sunnyside,,,,,Yes - featured
Lunawanna Campground,ACCOMM,AU2004203,Lunawanna,7150,Kingborough Council,N/A,DST,Lunawanna,,Yes - featured,,,
Jarek Springs Shangrila,ACCOMM,AU2004224,Takone,7325,Waratah-Wynyard Council,N/A,WxNW,Takone,,,,,Yes - featured
Branxholm Lodge,ACCOMM,AU2004246,Branxholm,7261,Dorset Council,N/A,VNT,Branxholm,Yes - featured,,,,
329 Hastings Caves Rd Camp Hideaway,ACCOMM,AU2004254,Hastings,7109,Huon Valley Council,N/A,DST,Hastings,,Yes - featured,,,
Alice Beside The Sea,ACCOMM,AU2004269,East Devonport,7310,Devonport City Council,N/A,WxNW,East Devonport,,,,,Yes - featured
Judbury Bush Retreat,ACCOMM,AU2004271,Judbury,7109,Huon Valley Council,N/A,DST,Judbury,,Yes - featured,,,
Uncle Deans,ACCOMM,AU2004273,Stieglitz,7216,Break O'Day Council,N/A,ECTT,Stieglitz,,,Yes - featured,,
The Good Place,ACCOMM,AU2004335,Staverton,7306,Kentish Council,N/A,WxNW,Staverton,,,,,Yes - featured
Corymbia Cottage,ACCOMM,AU2004397,Oldina,7325,Waratah-Wynyard Council,N/A,WxNW,Oldina,,,,,Yes - featured
Hamptons on the Bay - Cabins 1-4,ACCOMM,AU2004398,Rocky Hills,7190,Glamorgan Spring Bay Council,N/A,ECTT,Rocky Hills,,,Yes - featured,,
Zeehan Golf Course,ACCOMM,AU2004452,Zeehan,7469,West Coast Council,N/A,WxNW,Zeehan,,,,Yes - featured,
Smithton Tourist Park,ACCOMM,AU2004462,Smithton,7330,Circular Head Council,N/A,WxNW,Smithton,,,,,Yes - featured
Montagu Park Campground,ACCOMM,AU2004464,Montagu,7330,Circular Head Council,N/A,WxNW,Montagu,,,,,Yes - featured
Tasmania Double Hook Fishing Charters and Tours,TOUR,AU2005509,Port Arthur,7182,Tasman Council,N/A,DST,Port Arthur,,Yes - featured,,,
Sherwood Loves Tasmania,ACCOMM,AU2005587,BUCKLAND,7190,Glamorgan Spring Bay Council,N/A,ECTT,Buckland,,,Yes - featured,,
Clearwater Cabin,ACCOMM,AU2007020,Jackeys Marsh,7304,Meander Valley Council,N/A,VNT,Jackeys Marsh,Yes - featured,,,,
Tubs of Tasmania,GENSERVICE,AU2007226,Sandy Bay,7005,Hobart City Council,N/A,DST,Sandy Bay,,Yes - featured,,,
Life's an Adventure - Tasmania,TOUR,AU2008687,Launceston,7250,Launceston City Council,N/A,VNT,Launceston,Yes - featured,,,,
Charlie's Lookout,ACCOMM,AU2009272,Dover,7117,Huon Valley Council,N/A,DST,Dover,,Yes - featured,,,
Selkie Wellness,ATTRACTION,AU2021230,Bicheno,7215,Glamorgan Spring Bay Council,N/A,ECTT,Bicheno,,,Yes - featured,,
Wondr by Villino,RESTAURANT,AU2022202,Moonah,7009,Glenorchy Council,N/A,DST,Moonah,,Yes - featured,,,
Two Twenty Murray - Luxury Loft,ACCOMM,AU2022975,Hobart,7000,Hobart City Council,N/A,DST,Hobart,,Yes - featured,,,
Doo-Lishus PtyLtd,RESTAURANT,AU2026999,Eaglehawk Neck,7179,Tasman Council,N/A,DST,Eaglehawk Neck,,Yes - featured,,,
Arion Park - Cambrae Cottage,ACCOMM,AU2027014,Yolla,7325,Waratah-Wynyard Council,N/A,WxNW,Yolla,,,,,Yes - featured
Richmond Village Market,ATTRACTION,AU2027434,Richmond,7025,Clarence City Council,N/A,DST,Richmond,,Yes - featured,,,
Three Capes Cabin,ACCOMM,AU2029505,Taranna,7180,Tasman Council,N/A,DST,Taranna,,Yes - featured,,,
Mountain Biking Ladies Australia,TOUR,AU2030083,Derby,7264,Dorset Council,N/A,VNT,Derby,Yes - featured,,,,
Ross Tours (TAS),TOUR,AU2030485,Devonport,7310,Devonport City Council,N/A,WxNW,Devonport,,,,,Yes - featured
York St. Social,HIRE,AU2031803,Launceston,7250,Launceston City Council,N/A,VNT,Launceston,Yes - featured,,,,
Tea Tree on Tasman - Central Serenity with Gardens,ACCOMM,AU2033502,Bicheno,7215,Glamorgan Spring Bay Council,N/A,ECTT,Bicheno,,,Yes - featured,,
Villino Coffee,RESTAURANT,AU2034771,Hobart,7000,Hobart City Council,N/A,DST,Hobart,,Yes - featured,,,
Bar Urbane,RESTAURANT,AU2037377,Launceston,7250,Launceston City Council,N/A,VNT,Launceston,Yes - featured,,,,
Paranaple Convention Centre,ATTRACTION,AU2037406,Devonport,7310,Devonport City Council,N/A,WxNW,Devonport,,,,,Yes - featured
Unexpected Gallery,ATTRACTION,AU2037789,Parattah,7120,Southern Midlands Council,N/A,DST,Parattah,,Yes - featured,,,
SALT #1 | Front Unit,ACCOMM,AU2039159,Bicheno,7215,Glamorgan Spring Bay Council,N/A,ECTT,Bicheno,,,Yes - featured,,
SALT #2 | Rear Unit,ACCOMM,AU2039215,Bicheno,7215,Glamorgan Spring Bay Council,N/A,ECTT,Bicheno,,,Yes - featured,,
Devils Gullet,ATTRACTION,AU2040975,Mersey Forest,7304,Meander Valley Council,N/A,VNT,Mersey Forest,Yes - featured,,,,
Settler's Restaurant,RESTAURANT,AU2043916,Deloraine,7304,Meander Valley Council,N/A,VNT,Deloraine,Yes - featured,,,,
Reggie,RESTAURANT,AU2043969,Launceston,7250,Launceston City Council,N/A,VNT,Launceston,Yes - featured,,,,
Kelp Bar,RESTAURANT,AU2046880,Hobart,7000,Hobart City Council,N/A,DST,Hobart,,Yes - featured,,,
Kooringal - Your Home by the Ocean in Bicheno,ACCOMM,AU2047047,Bicheno,7215,Glamorgan Spring Bay Council,N/A,ECTT,Bicheno,,,Yes - featured,,
City Cave Launceston,ATTRACTION,AU2048087,Launceston,7250,Launceston City Council,N/A,VNT,Launceston,Yes - featured,,,,
Bunch Oatlands,RESTAURANT,AU2050420,Oatlands,7120,Southern Midlands Council,N/A,DST,Oatlands,,Yes - featured,,,
Hogs Breath Cafe Launceston,RESTAURANT,AU2053205,LAUNCESTON,7250,Launceston City Council,N/A,VNT,Launceston,Yes - featured,,,,
Wesley Dale Tasmania,ACCOMM,AU2053208,Mole Creek,7304,Meander Valley Council,N/A,VNT,Mole Creek,Yes - featured,,,,
Outscape Flinders Island,ACCOMM,AU2054337,Whitemark,7255,Flinders Council,N/A,VNT,Whitemark,Yes - featured,,,,
Mount Gnomon Farm,ACCOMM,AU2056256,Penguin,7316,Central Coast Council,N/A,WxNW,Penguin,,,,,Yes - featured
Bakers Walking Co.,TOUR,AU2057004,DEVONPORT,7310,Devonport City Council,N/A,WxNW,Devonport,,,,,Yes - featured
Kawan Dining,RESTAURANT,AU2057334,Launceston,7250,Launceston City Council,N/A,VNT,Launceston,Yes - featured,,,,
Tascapades,TOUR,AU2065012,Hobart,7000,Hobart City Council,N/A,DST,Hobart,,Yes - featured,,,
Wicked Campers Hobart,HIRE,AU2066877,Cambridge,7170,Clarence City Council,N/A,DST,Cambridge,,Yes - featured,,,
Summer Kitchen Bakery,RESTAURANT,AU2067165,Ranelagh,7109,Huon Valley Council,N/A,DST,Ranelagh,,Yes - featured,,,
Bombed Yarns Studio,ATTRACTION,AU2067282,North Hobart,7000,Hobart City Council,N/A,DST,North Hobart,,Yes - featured,,,
Little Lotus Hobart,RESTAURANT,AU2067911,Hobart,7000,Hobart City Council,N/A,DST,Hobart,,Yes - featured,,,
Parkside Bar & Kitchen,RESTAURANT,AU2068276,St Helens,7216,Break O'Day Council,N/A,ECTT,St Helens,,,Yes - featured,,
Ringarooma RV Park,ACCOMM,AU2068359,Ringarooma,7263,Dorset Council,N/A,VNT,Ringarooma,Yes - featured,,,,
North East Tasmania Rail Trail,ATTRACTION,AU2068381,Scottsdale,7260,Dorset Council,N/A,VNT,Scottsdale,Yes - featured,,,,
Derby  Trailhead Carpark Camping Ground,GENSERVICE,AU2068391,Derby,7264,Dorset Council,N/A,VNT,Derby,Yes - featured,,,,
Fleurty's Oyster Tours,TOUR,AU2068717,Oyster Cove,7150,Kingborough Council,Huon Valley Council,DST,Oyster Cove,,Yes - featured,,,
Bond Store Stanley,ACCOMM,AU2071757,Stanley,7331,Circular Head Council,N/A,WxNW,Stanley,,,,,Yes - featured
Sweet Az,ACCOMM,AU2072312,Bicheno,7215,Glamorgan Spring Bay Council,N/A,ECTT,Bicheno,,,Yes - featured,,
Rude Boy,RESTAURANT,AU2072899,Hobart,7000,Hobart City Council,N/A,DST,Hobart,,Yes - featured,,,
Swansea Oasis,ACCOMM,AU2073258,Swansea,7190,Glamorgan Spring Bay Council,N/A,ECTT,Swansea,,,Yes - featured,,
Sea La Vie,ACCOMM,AU2073450,Dolphin Sands,7190,Glamorgan Spring Bay Council,N/A,ECTT,Dolphin Sands,,,Yes - featured,,
Buscombe's Restaurant,RESTAURANT,AU2073936,Richmond,7025,Clarence City Council,N/A,DST,Richmond,,Yes - featured,,,
Apsley View,ACCOMM,AU2075227,Bicheno,7215,Glamorgan Spring Bay Council,N/A,ECTT,Bicheno,,,Yes - featured,,
Salty Kisses,ACCOMM,AU2075524,Bicheno,7215,Glamorgan Spring Bay Council,N/A,ECTT,Bicheno,,,Yes - featured,,
Bicheno Ocean Views Apartments,ACCOMM,AU2075579,Bicheno,7215,Glamorgan Spring Bay Council,N/A,ECTT,Bicheno,,,Yes - featured,,
Birdsong,ACCOMM,AU2076005,Coles Bay,7215,Glamorgan Spring Bay Council,N/A,ECTT,Coles Bay,,,Yes - featured,,
Gumleaf,ACCOMM,AU2076133,Coles Bay,7215,Glamorgan Spring Bay Council,N/A,ECTT,Coles Bay,,,Yes - featured,,
Six-Ten Shores,ACCOMM,AU2076496,Dolphin Sands,7190,Glamorgan Spring Bay Council,N/A,ECTT,Dolphin Sands,,,Yes - featured,,
The White House,ACCOMM,AU2076761,Swansea,7190,Glamorgan Spring Bay Council,N/A,ECTT,Swansea,,,Yes - featured,,
Sommerhaus 59,ACCOMM,AU2077156,Coles Bay,7215,Glamorgan Spring Bay Council,N/A,ECTT,Coles Bay,,,Yes - featured,,
Freycinet on the Bay,ACCOMM,AU2077464,Coles Bay,7215,Glamorgan Spring Bay Council,N/A,ECTT,Coles Bay,,,Yes - featured,,
Nine Mile House,ACCOMM,AU2077486,Dolphin Sands,7190,Glamorgan Spring Bay Council,N/A,ECTT,Dolphin Sands,,,Yes - featured,,
Change Overnight Hotel,ACCOMM,AU2078700,Launceston,7250,Launceston City Council,N/A,VNT,Launceston,Yes - featured,,,,
Mountain View Motel,ACCOMM,AU2079008,Queenstown,7467,West Coast Council,N/A,WxNW,Queenstown,,,,Yes - featured,
Inkspot Bookshop,ATTRACTION,AU2079866,Wynyard,7325,Waratah-Wynyard Council,N/A,WxNW,Wynyard,,,,,Yes - featured
Novellino,RESTAURANT,AU2081602,Hobart,7000,Hobart City Council,N/A,DST,Hobart,,Yes - featured,,,
Driftwood Rest at Binalong Bay,ACCOMM,AU2081635,Binalong Bay,7216,Break O'Day Council,N/A,ECTT,Binalong Bay,,,Yes - featured,,
Burnie Artscade,ATTRACTION,AU2084416,Burnie,7320,Burnie Council,N/A,WxNW,Burnie,,,,,Yes - featured
Henry's Dream,ACCOMM,AU2086100,Alonnah,7150,Kingborough Council,N/A,DST,Alonnah,,Yes - featured,,,
,,,,,,,,,,,,,
